"SourceFile","OriginalFile","Container","ID","XPath","Index","Value","Length","Class","Safety","NeedsFontWhenTranslated","NeedsLayoutReview","Placeholders","AlreadyPatched","Reason"
"Content\Config\Rivers.xml","Rivers.original.xml","tile","RIVER_LARGE","name","","TEXT.Name.Terrain.River","23","TextKeyReference","DoNotPatchHere","False","False","","False","This is a key/reference; translate the resolved text entry instead."
"Content\Config\Rivers.xml","Rivers.original.xml","tile","RIVER_LARGE","description","","TEXT.Description.Terrain.River","30","TextKeyReference","DoNotPatchHere","False","False","","False","This is a key/reference; translate the resolved text entry instead."
"Content\Config\Rivers.xml","Rivers.original.xml","tile","RIVER_SMALL","name","","TEXT.Name.Terrain.Stream","24","TextKeyReference","DoNotPatchHere","False","False","","False","This is a key/reference; translate the resolved text entry instead."
"Content\Config\Rivers.xml","Rivers.original.xml","tile","RIVER_SMALL","description","","TEXT.Description.Terrain.Stream","31","TextKeyReference","DoNotPatchHere","False","False","","False","This is a key/reference; translate the resolved text entry instead."
"Content\Config\Roads.xml","Roads.original.xml","tile","ROAD_ROMAN","name","","TEXT.Name.Road.Roman","20","TextKeyReference","DoNotPatchHere","False","False","","False","This is a key/reference; translate the resolved text entry instead."
"Content\Config\Roads.xml","Roads.original.xml","tile","ROAD_ROMAN","description","","TEXT.Description.Road.Roman","27","TextKeyReference","DoNotPatchHere","False","False","","False","This is a key/reference; translate the resolved text entry instead."
"Content\Config\Roads.xml","Roads.original.xml","tile","ROAD_PATH","name","","TEXT.Name.Road.Path","19","TextKeyReference","DoNotPatchHere","False","False","","False","This is a key/reference; translate the resolved text entry instead."
"Content\Config\Roads.xml","Roads.original.xml","tile","ROAD_PATH","description","","TEXT.Description.Road.Path","26","TextKeyReference","DoNotPatchHere","False","False","","False","This is a key/reference; translate the resolved text entry instead."
"Content\Config\Terrains.xml","Terrains.original.xml","tile","TERRAIN_DEEP_WATER","name","","TEXT.Name.Terrain.DeepWater","27","TextKeyReference","DoNotPatchHere","False","False","","False","This is a key/reference; translate the resolved text entry instead."
"Content\Config\Terrains.xml","Terrains.original.xml","tile","TERRAIN_DEEP_WATER","description","","TEXT.Description.Terrain.DeepWater","34","TextKeyReference","DoNotPatchHere","False","False","","False","This is a key/reference; translate the resolved text entry instead."
"Content\Config\Terrains.xml","Terrains.original.xml","tile","TERRAIN_SHALLOW_WATER","name","","TEXT.Name.Terrain.ShallowWater","30","TextKeyReference","DoNotPatchHere","False","False","","False","This is a key/reference; translate the resolved text entry instead."
"Content\Config\Terrains.xml","Terrains.original.xml","tile","TERRAIN_SHALLOW_WATER","description","","TEXT.Description.Terrain.ShallowWater","37","TextKeyReference","DoNotPatchHere","False","False","","False","This is a key/reference; translate the resolved text entry instead."
"Content\Config\Terrains.xml","Terrains.original.xml","tile","TERRAIN_MOUNTAIN","name","","TEXT.Name.Terrain.Mountain","26","TextKeyReference","DoNotPatchHere","False","False","","False","This is a key/reference; translate the resolved text entry instead."
"Content\Config\Terrains.xml","Terrains.original.xml","tile","TERRAIN_MOUNTAIN","description","","TEXT.Description.Terrain.Mountain","33","TextKeyReference","DoNotPatchHere","False","False","","False","This is a key/reference; translate the resolved text entry instead."
"Content\Config\Terrains.xml","Terrains.original.xml","tile","TERRAIN_HILL","name","","TEXT.Name.Terrain.Hill","22","TextKeyReference","DoNotPatchHere","False","False","","False","This is a key/reference; translate the resolved text entry instead."
"Content\Config\Terrains.xml","Terrains.original.xml","tile","TERRAIN_HILL","description","","TEXT.Description.Terrain.Hill","29","TextKeyReference","DoNotPatchHere","False","False","","False","This is a key/reference; translate the resolved text entry instead."
"Content\Config\Terrains.xml","Terrains.original.xml","tile","TERRAIN_FERTILE","name","","TEXT.Name.Terrain.Fertile","25","TextKeyReference","DoNotPatchHere","False","False","","False","This is a key/reference; translate the resolved text entry instead."
"Content\Config\Terrains.xml","Terrains.original.xml","tile","TERRAIN_FERTILE","description","","TEXT.Description.Terrain.Fertile","32","TextKeyReference","DoNotPatchHere","False","False","","False","This is a key/reference; translate the resolved text entry instead."
"Content\Config\Terrains.xml","Terrains.original.xml","tile","TERRAIN_DRY","name","","TEXT.Name.Terrain.Dry","21","TextKeyReference","DoNotPatchHere","False","False","","False","This is a key/reference; translate the resolved text entry instead."
"Content\Config\Terrains.xml","Terrains.original.xml","tile","TERRAIN_DRY","description","","TEXT.Description.Terrain.Dry","28","TextKeyReference","DoNotPatchHere","False","False","","False","This is a key/reference; translate the resolved text entry instead."
"Content\Config\Terrains.xml","Terrains.original.xml","tile","TERRAIN_DESERT","name","","TEXT.Name.Terrain.Desert","24","TextKeyReference","DoNotPatchHere","False","False","","False","This is a key/reference; translate the resolved text entry instead."
"Content\Config\Terrains.xml","Terrains.original.xml","tile","TERRAIN_DESERT","description","","TEXT.Description.Terrain.Desert","31","TextKeyReference","DoNotPatchHere","False","False","","False","This is a key/reference; translate the resolved text entry instead."
"Content\Config\Terrains.xml","Terrains.original.xml","tile","TERRAIN_MARSH","name","","TEXT.Name.Terrain.Marsh","23","TextKeyReference","DoNotPatchHere","False","False","","False","This is a key/reference; translate the resolved text entry instead."
"Content\Config\Terrains.xml","Terrains.original.xml","tile","TERRAIN_MARSH","description","","TEXT.Description.Terrain.Marsh","30","TextKeyReference","DoNotPatchHere","False","False","","False","This is a key/reference; translate the resolved text entry instead."
"Content\Config\Terrains.xml","Terrains.original.xml","tile","TERRAIN_BARREN","name","","TEXT.Name.Terrain.Tundra","24","TextKeyReference","DoNotPatchHere","False","False","","False","This is a key/reference; translate the resolved text entry instead."
"Content\Config\Terrains.xml","Terrains.original.xml","tile","TERRAIN_BARREN","description","","TEXT.Description.Terrain.Cold","29","TextKeyReference","DoNotPatchHere","False","False","","False","This is a key/reference; translate the resolved text entry instead."
"Content\Config\Terrains.xml","Terrains.original.xml","tile","TERRAIN_FOREST_LEAFY","name","","TEXT.Name.Terrain.Forest","24","TextKeyReference","DoNotPatchHere","False","False","","False","This is a key/reference; translate the resolved text entry instead."
"Content\Config\Terrains.xml","Terrains.original.xml","tile","TERRAIN_FOREST_LEAFY","description","","TEXT.Description.Terrain.Forest","31","TextKeyReference","DoNotPatchHere","False","False","","False","This is a key/reference; translate the resolved text entry instead."
"Content\Config\Terrains.xml","Terrains.original.xml","tile","TERRAIN_FOREST_PINE","name","","TEXT.Name.Terrain.Forest","24","TextKeyReference","DoNotPatchHere","False","False","","False","This is a key/reference; translate the resolved text entry instead."
"Content\Config\Terrains.xml","Terrains.original.xml","tile","TERRAIN_FOREST_PINE","description","","TEXT.Description.Terrain.Forest","31","TextKeyReference","DoNotPatchHere","False","False","","False","This is a key/reference; translate the resolved text entry instead."
"Content\Config\Terrains.xml","Terrains.original.xml","tile","TERRAIN_BRUSH_LEAFY","name","","TEXT.Name.Terrain.Brush","23","TextKeyReference","DoNotPatchHere","False","False","","False","This is a key/reference; translate the resolved text entry instead."
"Content\Config\Terrains.xml","Terrains.original.xml","tile","TERRAIN_BRUSH_LEAFY","description","","TEXT.Description.Terrain.Brush","30","TextKeyReference","DoNotPatchHere","False","False","","False","This is a key/reference; translate the resolved text entry instead."
"Content\Config\Terrains.xml","Terrains.original.xml","tile","TERRAIN_BRUSH_PINE","name","","TEXT.Name.Terrain.Brush","23","TextKeyReference","DoNotPatchHere","False","False","","False","This is a key/reference; translate the resolved text entry instead."
"Content\Config\Terrains.xml","Terrains.original.xml","tile","TERRAIN_BRUSH_PINE","description","","TEXT.Description.Terrain.Brush","30","TextKeyReference","DoNotPatchHere","False","False","","False","This is a key/reference; translate the resolved text entry instead."
"Content\Config\Terrains.xml","Terrains.original.xml","tile","TERRAIN_COLD_FERTILE","name","","TEXT.Name.Terrain.Cold","22","TextKeyReference","DoNotPatchHere","False","False","","False","This is a key/reference; translate the resolved text entry instead."
"Content\Config\Terrains.xml","Terrains.original.xml","tile","TERRAIN_COLD_FERTILE","description","","TEXT.Description.Terrain.Cold","29","TextKeyReference","DoNotPatchHere","False","False","","False","This is a key/reference; translate the resolved text entry instead."
"Content\Config\Terrains.xml","Terrains.original.xml","tile","TERRAIN_COLD_DRY","name","","TEXT.Name.Terrain.Cold","22","TextKeyReference","DoNotPatchHere","False","False","","False","This is a key/reference; translate the resolved text entry instead."
"Content\Config\Terrains.xml","Terrains.original.xml","tile","TERRAIN_COLD_DRY","description","","TEXT.Description.Terrain.Cold","29","TextKeyReference","DoNotPatchHere","False","False","","False","This is a key/reference; translate the resolved text entry instead."
"Content\Config\Terrains.xml","Terrains.original.xml","tile","TERRAIN_COLD_DESERT","name","","TEXT.Name.Terrain.Cold","22","TextKeyReference","DoNotPatchHere","False","False","","False","This is a key/reference; translate the resolved text entry instead."
"Content\Config\Terrains.xml","Terrains.original.xml","tile","TERRAIN_COLD_DESERT","description","","TEXT.Description.Terrain.Cold","29","TextKeyReference","DoNotPatchHere","False","False","","False","This is a key/reference; translate the resolved text entry instead."
"Content\Config\Terrains.xml","Terrains.original.xml","tile","TERRAIN_COLD_MARSH","name","","TEXT.Name.Terrain.Cold","22","TextKeyReference","DoNotPatchHere","False","False","","False","This is a key/reference; translate the resolved text entry instead."
"Content\Config\Terrains.xml","Terrains.original.xml","tile","TERRAIN_COLD_MARSH","description","","TEXT.Description.Terrain.Cold","29","TextKeyReference","DoNotPatchHere","False","False","","False","This is a key/reference; translate the resolved text entry instead."
"Content\Config\Terrains.xml","Terrains.original.xml","tile","TERRAIN_SNOW","name","","TEXT.Name.Terrain.Snow","22","TextKeyReference","DoNotPatchHere","False","False","","False","This is a key/reference; translate the resolved text entry instead."
"Content\Config\Terrains.xml","Terrains.original.xml","tile","TERRAIN_SNOW","description","","TEXT.Description.Terrain.Snow","29","TextKeyReference","DoNotPatchHere","False","False","","False","This is a key/reference; translate the resolved text entry instead."
"Content\Config\Terrains.xml","Terrains.original.xml","tile","TERRAIN_BLIZZARD","name","","TEXT.Name.Terrain.Blizzard","26","TextKeyReference","DoNotPatchHere","False","False","","False","This is a key/reference; translate the resolved text entry instead."
"Content\Config\Terrains.xml","Terrains.original.xml","tile","TERRAIN_BLIZZARD","description","","TEXT.Description.Terrain.Blizzard","33","TextKeyReference","DoNotPatchHere","False","False","","False","This is a key/reference; translate the resolved text entry instead."
"Content\Config\Terrains.xml","Terrains.original.xml","tile","TERRAIN_SCORCHED","name","","TEXT.Name.Terrain.Scorched","26","TextKeyReference","DoNotPatchHere","False","False","","False","This is a key/reference; translate the resolved text entry instead."
"Content\Config\Terrains.xml","Terrains.original.xml","tile","TERRAIN_SCORCHED","description","","TEXT.Description.Terrain.Scorched","33","TextKeyReference","DoNotPatchHere","False","False","","False","This is a key/reference; translate the resolved text entry instead."
"Content\Config\Terrains.xml","Terrains.original.xml","tile","TERRAIN_RAIN","name","","TEXT.Name.Terrain.Rain","22","TextKeyReference","DoNotPatchHere","False","False","","False","This is a key/reference; translate the resolved text entry instead."
"Content\Config\Terrains.xml","Terrains.original.xml","tile","TERRAIN_RAIN","description","","TEXT.Description.Terrain.Rain","29","TextKeyReference","DoNotPatchHere","False","False","","False","This is a key/reference; translate the resolved text entry instead."
"Content\Config\Terrains.xml","Terrains.original.xml","tile","TERRAIN_FLOODED","name","","TEXT.Name.Terrain.Flooded","25","TextKeyReference","DoNotPatchHere","False","False","","False","This is a key/reference; translate the resolved text entry instead."
"Content\Config\Terrains.xml","Terrains.original.xml","tile","TERRAIN_FLOODED","description","","TEXT.Description.Terrain.Flooded","32","TextKeyReference","DoNotPatchHere","False","False","","False","This is a key/reference; translate the resolved text entry instead."
"Content\Config\Terrains.xml","Terrains.original.xml","tile","TERRAIN_ICE","name","","TEXT.Name.Terrain.Ice","21","TextKeyReference","DoNotPatchHere","False","False","","False","This is a key/reference; translate the resolved text entry instead."
"Content\Config\Terrains.xml","Terrains.original.xml","tile","TERRAIN_ICE","description","","TEXT.Description.Terrain.Ice","28","TextKeyReference","DoNotPatchHere","False","False","","False","This is a key/reference; translate the resolved text entry instead."
"Content\Config\Terrains.xml","Terrains.original.xml","tile","TERRAIN_VOLCANO_DORMANT","name","","TEXT.Name.Terrain.DormantVolcano","32","TextKeyReference","DoNotPatchHere","False","False","","False","This is a key/reference; translate the resolved text entry instead."
"Content\Config\Terrains.xml","Terrains.original.xml","tile","TERRAIN_VOLCANO_DORMANT","description","","TEXT.Description.Terrain.DormantVolcano","39","TextKeyReference","DoNotPatchHere","False","False","","False","This is a key/reference; translate the resolved text entry instead."
"Content\Config\Terrains.xml","Terrains.original.xml","tile","TERRAIN_VOLCANO_ACTIVE","name","","TEXT.Name.Terrain.ActiveVolcano","31","TextKeyReference","DoNotPatchHere","False","False","","False","This is a key/reference; translate the resolved text entry instead."
"Content\Config\Terrains.xml","Terrains.original.xml","tile","TERRAIN_VOLCANO_ACTIVE","description","","TEXT.Description.Terrain.ActiveVolcano","38","TextKeyReference","DoNotPatchHere","False","False","","False","This is a key/reference; translate the resolved text entry instead."
"Content\Config\Terrains.xml","Terrains.original.xml","tile","TERRAIN_VOLCANO_ERUPTED","name","","TEXT.Name.Terrain.EruptedVolcano","32","TextKeyReference","DoNotPatchHere","False","False","","False","This is a key/reference; translate the resolved text entry instead."
"Content\Config\Terrains.xml","Terrains.original.xml","tile","TERRAIN_VOLCANO_ERUPTED","description","","TEXT.Description.Terrain.EruptedVolcano","39","TextKeyReference","DoNotPatchHere","False","False","","False","This is a key/reference; translate the resolved text entry instead."
"Content\Config\Diplomacy\Dialogue.xml","Dialogue.original.xml","dialogue","DIALOGUE_APPROACH_IGNORE","generic/dialogueOption/text","0","TEXT.Dialogue.Approach.Ignore.G.1","33","TextKeyReference","DoNotPatchHere","False","False","","False","This is a key/reference; translate the resolved text entry instead."
"Content\Config\Diplomacy\Dialogue.xml","Dialogue.original.xml","dialogue","DIALOGUE_APPROACH_IGNORE","generic/dialogueOption/text","1","TEXT.Dialogue.Approach.Ignore.G.2","33","TextKeyReference","DoNotPatchHere","False","False","","False","This is a key/reference; translate the resolved text entry instead."
"Content\Config\Diplomacy\Dialogue.xml","Dialogue.original.xml","dialogueOption","DIALOGUE_APPROACH_IGNORE_1","text","","TEXT.Dialogue.Approach.Ignore.G.1","33","TextKeyReference","DoNotPatchHere","False","False","","False","This is a key/reference; translate the resolved text entry instead."
"Content\Config\Diplomacy\Dialogue.xml","Dialogue.original.xml","dialogueOption","DIALOGUE_APPROACH_IGNORE_2","text","","TEXT.Dialogue.Approach.Ignore.G.2","33","TextKeyReference","DoNotPatchHere","False","False","","False","This is a key/reference; translate the resolved text entry instead."
"Content\Config\Diplomacy\Dialogue.xml","Dialogue.original.xml","dialogue","DIALOGUE_APPROACH_BULLY_ACTIVE","generic/dialogueOption/text","0","TEXT.Dialogue.Approach.Bully.Active.G.1","39","TextKeyReference","DoNotPatchHere","False","False","","False","This is a key/reference; translate the resolved text entry instead."
"Content\Config\Diplomacy\Dialogue.xml","Dialogue.original.xml","dialogue","DIALOGUE_APPROACH_BULLY_ACTIVE","generic/dialogueOption/text","1","TEXT.Dialogue.Approach.Bully.Active.G.2","39","TextKeyReference","DoNotPatchHere","False","False","","False","This is a key/reference; translate the resolved text entry instead."
"Content\Config\Diplomacy\Dialogue.xml","Dialogue.original.xml","dialogueOption","DIALOGUE_APPROACH_BULLY_ACTIVE_1","text","","TEXT.Dialogue.Approach.Bully.Active.G.1","39","TextKeyReference","DoNotPatchHere","False","False","","False","This is a key/reference; translate the resolved text entry instead."
"Content\Config\Diplomacy\Dialogue.xml","Dialogue.original.xml","dialogueOption","DIALOGUE_APPROACH_BULLY_ACTIVE_2","text","","TEXT.Dialogue.Approach.Bully.Active.G.2","39","TextKeyReference","DoNotPatchHere","False","False","","False","This is a key/reference; translate the resolved text entry instead."
"Content\Config\Diplomacy\Dialogue.xml","Dialogue.original.xml","dialogue","DIALOGUE_APPROACH_BULLY_INACTIVE","generic/dialogueOption/text","0","TEXT.Dialogue.Approach.Bully.Inactive.G.1","41","TextKeyReference","DoNotPatchHere","False","False","","False","This is a key/reference; translate the resolved text entry instead."
"Content\Config\Diplomacy\Dialogue.xml","Dialogue.original.xml","dialogue","DIALOGUE_APPROACH_BULLY_INACTIVE","generic/dialogueOption/text","1","TEXT.Dialogue.Approach.Bully.Inactive.G.2","41","TextKeyReference","DoNotPatchHere","False","False","","False","This is a key/reference; translate the resolved text entry instead."
"Content\Config\Diplomacy\Dialogue.xml","Dialogue.original.xml","dialogueOption","DIALOGUE_APPROACH_BULLY_INACTIVE_1","text","","TEXT.Dialogue.Approach.Bully.Inactive.G.1","41","TextKeyReference","DoNotPatchHere","False","False","","False","This is a key/reference; translate the resolved text entry instead."
"Content\Config\Diplomacy\Dialogue.xml","Dialogue.original.xml","dialogueOption","DIALOGUE_APPROACH_BULLY_INACTIVE_2","text","","TEXT.Dialogue.Approach.Bully.Inactive.G.2","41","TextKeyReference","DoNotPatchHere","False","False","","False","This is a key/reference; translate the resolved text entry instead."
"Content\Config\Diplomacy\Dialogue.xml","Dialogue.original.xml","dialogue","DIALOGUE_APPROACH_ADVERSARY","generic/dialogueOption/text","0","TEXT.Dialogue.Approach.Adversary.G.1","36","TextKeyReference","DoNotPatchHere","False","False","","False","This is a key/reference; translate the resolved text entry instead."
"Content\Config\Diplomacy\Dialogue.xml","Dialogue.original.xml","dialogue","DIALOGUE_APPROACH_ADVERSARY","generic/dialogueOption/text","1","TEXT.Dialogue.Approach.Adversary.G.2","36","TextKeyReference","DoNotPatchHere","False","False","","False","This is a key/reference; translate the resolved text entry instead."
"Content\Config\Diplomacy\Dialogue.xml","Dialogue.original.xml","dialogueOption","DIALOGUE_APPROACH_ADVERSARY_1","text","","TEXT.Dialogue.Approach.Adversary.G.1","36","TextKeyReference","DoNotPatchHere","False","False","","False","This is a key/reference; translate the resolved text entry instead."
"Content\Config\Diplomacy\Dialogue.xml","Dialogue.original.xml","dialogueOption","DIALOGUE_APPROACH_ADVERSARY_2","text","","TEXT.Dialogue.Approach.Adversary.G.2","36","TextKeyReference","DoNotPatchHere","False","False","","False","This is a key/reference; translate the resolved text entry instead."
"Content\Config\Diplomacy\Dialogue.xml","Dialogue.original.xml","dialogue","DIALOGUE_APPROACH_ENEMY","generic/dialogueOption/text","0","TEXT.Dialogue.Approach.Enemy.G.1","32","TextKeyReference","DoNotPatchHere","False","False","","False","This is a key/reference; translate the resolved text entry instead."
"Content\Config\Diplomacy\Dialogue.xml","Dialogue.original.xml","dialogue","DIALOGUE_APPROACH_ENEMY","generic/dialogueOption/text","1","TEXT.Dialogue.Approach.Enemy.G.2","32","TextKeyReference","DoNotPatchHere","False","False","","False","This is a key/reference; translate the resolved text entry instead."
"Content\Config\Diplomacy\Dialogue.xml","Dialogue.original.xml","dialogueOption","DIALOGUE_APPROACH_ENEMY_1","text","","TEXT.Dialogue.Approach.Enemy.G.1","32","TextKeyReference","DoNotPatchHere","False","False","","False","This is a key/reference; translate the resolved text entry instead."
"Content\Config\Diplomacy\Dialogue.xml","Dialogue.original.xml","dialogueOption","DIALOGUE_APPROACH_ENEMY_2","text","","TEXT.Dialogue.Approach.Enemy.G.2","32","TextKeyReference","DoNotPatchHere","False","False","","False","This is a key/reference; translate the resolved text entry instead."
"Content\Config\Diplomacy\Dialogue.xml","Dialogue.original.xml","dialogue","DIALOGUE_APPROACH_APPEASE","generic/dialogueOption/text","0","TEXT.Dialogue.Approach.Appease.G.1","34","TextKeyReference","DoNotPatchHere","False","False","","False","This is a key/reference; translate the resolved text entry instead."
"Content\Config\Diplomacy\Dialogue.xml","Dialogue.original.xml","dialogue","DIALOGUE_APPROACH_APPEASE","generic/dialogueOption/text","1","TEXT.Dialogue.Approach.Appease.G.2","34","TextKeyReference","DoNotPatchHere","False","False","","False","This is a key/reference; translate the resolved text entry instead."
"Content\Config\Diplomacy\Dialogue.xml","Dialogue.original.xml","dialogueOption","DIALOGUE_APPROACH_APPEASE_1","text","","TEXT.Dialogue.Approach.Appease.G.1","34","TextKeyReference","DoNotPatchHere","False","False","","False","This is a key/reference; translate the resolved text entry instead."
"Content\Config\Diplomacy\Dialogue.xml","Dialogue.original.xml","dialogueOption","DIALOGUE_APPROACH_APPEASE_2","text","","TEXT.Dialogue.Approach.Appease.G.2","34","TextKeyReference","DoNotPatchHere","False","False","","False","This is a key/reference; translate the resolved text entry instead."
"Content\Config\Diplomacy\Dialogue.xml","Dialogue.original.xml","dialogue","DIALOGUE_APPROACH_PARTNER","generic/dialogueOption/text","0","TEXT.Dialogue.Approach.Partner.G.1","34","TextKeyReference","DoNotPatchHere","False","False","","False","This is a key/reference; translate the resolved text entry instead."
"Content\Config\Diplomacy\Dialogue.xml","Dialogue.original.xml","dialogue","DIALOGUE_APPROACH_PARTNER","generic/dialogueOption/text","1","TEXT.Dialogue.Approach.Partner.G.2","34","TextKeyReference","DoNotPatchHere","False","False","","False","This is a key/reference; translate the resolved text entry instead."
"Content\Config\Diplomacy\Dialogue.xml","Dialogue.original.xml","dialogueOption","DIALOGUE_APPROACH_PARTNER_1","text","","TEXT.Dialogue.Approach.Partner.G.1","34","TextKeyReference","DoNotPatchHere","False","False","","False","This is a key/reference; translate the resolved text entry instead."
"Content\Config\Diplomacy\Dialogue.xml","Dialogue.original.xml","dialogueOption","DIALOGUE_APPROACH_PARTNER_2","text","","TEXT.Dialogue.Approach.Partner.G.2","34","TextKeyReference","DoNotPatchHere","False","False","","False","This is a key/reference; translate the resolved text entry instead."
"Content\Config\Diplomacy\Dialogue.xml","Dialogue.original.xml","dialogue","DIALOGUE_APPROACH_SUPPORT","generic/dialogueOption/text","0","TEXT.Dialogue.Approach.Support.G.1","34","TextKeyReference","DoNotPatchHere","False","False","","False","This is a key/reference; translate the resolved text entry instead."
"Content\Config\Diplomacy\Dialogue.xml","Dialogue.original.xml","dialogue","DIALOGUE_APPROACH_SUPPORT","generic/dialogueOption/text","1","TEXT.Dialogue.Approach.Support.G.2","34","TextKeyReference","DoNotPatchHere","False","False","","False","This is a key/reference; translate the resolved text entry instead."
"Content\Config\Diplomacy\Dialogue.xml","Dialogue.original.xml","dialogueOption","DIALOGUE_APPROACH_SUPPORT_1","text","","TEXT.Dialogue.Approach.Support.G.1","34","TextKeyReference","DoNotPatchHere","False","False","","False","This is a key/reference; translate the resolved text entry instead."
"Content\Config\Diplomacy\Dialogue.xml","Dialogue.original.xml","dialogueOption","DIALOGUE_APPROACH_SUPPORT_2","text","","TEXT.Dialogue.Approach.Support.G.2","34","TextKeyReference","DoNotPatchHere","False","False","","False","This is a key/reference; translate the resolved text entry instead."
"Content\Config\Diplomacy\Dialogue.xml","Dialogue.original.xml","dialogue","DIALOGUE_APPROACH_FRIEND","generic/dialogueOption/text","0","TEXT.Dialogue.Approach.Friend.G.1","33","TextKeyReference","DoNotPatchHere","False","False","","False","This is a key/reference; translate the resolved text entry instead."
"Content\Config\Diplomacy\Dialogue.xml","Dialogue.original.xml","dialogue","DIALOGUE_APPROACH_FRIEND","generic/dialogueOption/text","1","TEXT.Dialogue.Approach.Friend.G.2","33","TextKeyReference","DoNotPatchHere","False","False","","False","This is a key/reference; translate the resolved text entry instead."
"Content\Config\Diplomacy\Dialogue.xml","Dialogue.original.xml","dialogueOption","DIALOGUE_APPROACH_FRIEND_1","text","","TEXT.Dialogue.Approach.Friend.G.1","33","TextKeyReference","DoNotPatchHere","False","False","","False","This is a key/reference; translate the resolved text entry instead."
"Content\Config\Diplomacy\Dialogue.xml","Dialogue.original.xml","dialogueOption","DIALOGUE_APPROACH_FRIEND_2","text","","TEXT.Dialogue.Approach.Friend.G.2","33","TextKeyReference","DoNotPatchHere","False","False","","False","This is a key/reference; translate the resolved text entry instead."
"Content\Config\Diplomacy\Dialogue.xml","Dialogue.original.xml","dialogue","DIALOGUE_APPROACH_WAR_ACTIVE","generic/dialogueOption/text","0","TEXT.Dialogue.Approach.War.Active.G.1","37","TextKeyReference","DoNotPatchHere","False","False","","False","This is a key/reference; translate the resolved text entry instead."
"Content\Config\Diplomacy\Dialogue.xml","Dialogue.original.xml","dialogue","DIALOGUE_APPROACH_WAR_ACTIVE","generic/dialogueOption/text","1","TEXT.Dialogue.Approach.War.Active.G.2","37","TextKeyReference","DoNotPatchHere","False","False","","False","This is a key/reference; translate the resolved text entry instead."
"Content\Config\Diplomacy\Dialogue.xml","Dialogue.original.xml","dialogueOption","DIALOGUE_APPROACH_WAR_ACTIVE_1","text","","TEXT.Dialogue.Approach.War.Active.G.1","37","TextKeyReference","DoNotPatchHere","False","False","","False","This is a key/reference; translate the resolved text entry instead."
"Content\Config\Diplomacy\Dialogue.xml","Dialogue.original.xml","dialogueOption","DIALOGUE_APPROACH_WAR_ACTIVE_2","text","","TEXT.Dialogue.Approach.War.Active.G.2","37","TextKeyReference","DoNotPatchHere","False","False","","False","This is a key/reference; translate the resolved text entry instead."
"Content\Config\Diplomacy\Dialogue.xml","Dialogue.original.xml","dialogue","DIALOGUE_FIRSTMEETING_DEMAND","generic/dialogueOption/text","0","TEXT.Dialogue.FirstMeeting.Demand.G.1","37","TextKeyReference","DoNotPatchHere","False","False","","False","This is a key/reference; translate the resolved text entry instead."
"Content\Config\Diplomacy\Dialogue.xml","Dialogue.original.xml","dialogue","DIALOGUE_FIRSTMEETING_DEMAND","generic/dialogueOption/text","1","TEXT.Dialogue.FirstMeeting.Demand.G.2","37","TextKeyReference","DoNotPatchHere","False","False","","False","This is a key/reference; translate the resolved text entry instead."
"Content\Config\Diplomacy\Dialogue.xml","Dialogue.original.xml","dialogue","DIALOGUE_FIRSTMEETING_DEMAND","forLeader/dialogueOption/text","0","TEXT.Dialogue.FirstMeeting.Demand.Attila.1","42","TextKeyReference","DoNotPatchHere","False","False","","False","This is a key/reference; translate the resolved text entry instead."
"Content\Config\Diplomacy\Dialogue.xml","Dialogue.original.xml","dialogue","DIALOGUE_FIRSTMEETING_DEMAND","forLeader/dialogueOption/text","1","TEXT.Dialogue.FirstMeeting.Demand.Attila.2","42","TextKeyReference","DoNotPatchHere","False","False","","False","This is a key/reference; translate the resolved text entry instead."
"Content\Config\Diplomacy\Dialogue.xml","Dialogue.original.xml","dialogueOption","DIALOGUE_FIRSTMEETING_DEMAND_G_1","text","","TEXT.Dialogue.FirstMeeting.Demand.G.1","37","TextKeyReference","DoNotPatchHere","False","False","","False","This is a key/reference; translate the resolved text entry instead."
"Content\Config\Diplomacy\Dialogue.xml","Dialogue.original.xml","dialogueOption","DIALOGUE_FIRSTMEETING_DEMAND_G_2","text","","TEXT.Dialogue.FirstMeeting.Demand.G.2","37","TextKeyReference","DoNotPatchHere","False","False","","False","This is a key/reference; translate the resolved text entry instead."
"Content\Config\Diplomacy\Dialogue.xml","Dialogue.original.xml","dialogueOption","DIALOGUE_FIRSTMEETING_DEMAND_ATTILA_1","text","","TEXT.Dialogue.FirstMeeting.Demand.Attila.1","42","TextKeyReference","DoNotPatchHere","False","False","","False","This is a key/reference; translate the resolved text entry instead."
"Content\Config\Diplomacy\Dialogue.xml","Dialogue.original.xml","dialogueOption","DIALOGUE_FIRSTMEETING_DEMAND_ATTILA_2","text","","TEXT.Dialogue.FirstMeeting.Demand.Attila.2","42","TextKeyReference","DoNotPatchHere","False","False","","False","This is a key/reference; translate the resolved text entry instead."
"Content\Config\Diplomacy\Dialogue.xml","Dialogue.original.xml","dialogue","DIALOGUE_FIRSTMEETING_DEMAND_ACCEPT","generic/dialogueOption/text","0","TEXT.Dialogue.FirstMeeting.Demand.Accept.G.1","44","TextKeyReference","DoNotPatchHere","False","False","","False","This is a key/reference; translate the resolved text entry instead."
"Content\Config\Diplomacy\Dialogue.xml","Dialogue.original.xml","dialogue","DIALOGUE_FIRSTMEETING_DEMAND_ACCEPT","generic/dialogueOption/text","1","TEXT.Dialogue.FirstMeeting.Demand.Accept.G.2","44","TextKeyReference","DoNotPatchHere","False","False","","False","This is a key/reference; translate the resolved text entry instead."
"Content\Config\Diplomacy\Dialogue.xml","Dialogue.original.xml","dialogueOption","DIALOGUE_FIRSTMEETING_DEMAND_ACCEPT_G_1","text","","TEXT.Dialogue.FirstMeeting.Demand.Accept.G.1","44","TextKeyReference","DoNotPatchHere","False","False","","False","This is a key/reference; translate the resolved text entry instead."
"Content\Config\Diplomacy\Dialogue.xml","Dialogue.original.xml","dialogueOption","DIALOGUE_FIRSTMEETING_DEMAND_ACCEPT_G_2","text","","TEXT.Dialogue.FirstMeeting.Demand.Accept.G.2","44","TextKeyReference","DoNotPatchHere","False","False","","False","This is a key/reference; translate the resolved text entry instead."
"Content\Config\Diplomacy\Dialogue.xml","Dialogue.original.xml","dialogue","DIALOGUE_FIRSTMEETING_DEMAND_REFUSE_WEAK","generic/dialogueOption/text","0","TEXT.Dialogue.FirstMeeting.Demand.Refuse.Weak.G.1","49","TextKeyReference","DoNotPatchHere","False","False","","False","This is a key/reference; translate the resolved text entry instead."
"Content\Config\Diplomacy\Dialogue.xml","Dialogue.original.xml","dialogue","DIALOGUE_FIRSTMEETING_DEMAND_REFUSE_WEAK","generic/dialogueOption/text","1","TEXT.Dialogue.FirstMeeting.Demand.Refuse.Weak.G.2","49","TextKeyReference","DoNotPatchHere","False","False","","False","This is a key/reference; translate the resolved text entry instead."
"Content\Config\Diplomacy\Dialogue.xml","Dialogue.original.xml","dialogueOption","DIALOGUE_FIRSTMEETING_DEMAND_REFUSE_WEAK_G_1","text","","TEXT.Dialogue.FirstMeeting.Demand.Refuse.Weak.G.1","49","TextKeyReference","DoNotPatchHere","False","False","","False","This is a key/reference; translate the resolved text entry instead."
"Content\Config\Diplomacy\Dialogue.xml","Dialogue.original.xml","dialogueOption","DIALOGUE_FIRSTMEETING_DEMAND_REFUSE_WEAK_G_2","text","","TEXT.Dialogue.FirstMeeting.Demand.Refuse.Weak.G.2","49","TextKeyReference","DoNotPatchHere","False","False","","False","This is a key/reference; translate the resolved text entry instead."
"Content\Config\Diplomacy\Dialogue.xml","Dialogue.original.xml","dialogue","DIALOGUE_FIRSTMEETING_DEMAND_REFUSE_STRONG","generic/dialogueOption/text","0","TEXT.Dialogue.FirstMeeting.Demand.Refuse.Strong.G.1","51","TextKeyReference","DoNotPatchHere","False","False","","False","This is a key/reference; translate the resolved text entry instead."
"Content\Config\Diplomacy\Dialogue.xml","Dialogue.original.xml","dialogue","DIALOGUE_FIRSTMEETING_DEMAND_REFUSE_STRONG","generic/dialogueOption/text","1","TEXT.Dialogue.FirstMeeting.Demand.Refuse.Strong.G.2","51","TextKeyReference","DoNotPatchHere","False","False","","False","This is a key/reference; translate the resolved text entry instead."
"Content\Config\Diplomacy\Dialogue.xml","Dialogue.original.xml","dialogueOption","DIALOGUE_FIRSTMEETING_DEMAND_REFUSE_STRONG_G_1","text","","TEXT.Dialogue.FirstMeeting.Demand.Refuse.Strong.G.1","51","TextKeyReference","DoNotPatchHere","False","False","","False","This is a key/reference; translate the resolved text entry instead."
"Content\Config\Diplomacy\Dialogue.xml","Dialogue.original.xml","dialogueOption","DIALOGUE_FIRSTMEETING_DEMAND_REFUSE_STRONG_G_2","text","","TEXT.Dialogue.FirstMeeting.Demand.Refuse.Strong.G.2","51","TextKeyReference","DoNotPatchHere","False","False","","False","This is a key/reference; translate the resolved text entry instead."
"Content\Config\Diplomacy\Dialogue.xml","Dialogue.original.xml","dialogue","DIALOGUE_FIRSTMEETING_FRIENDLYGREETING","generic/dialogueOption/text","0","TEXT.Dialogue.FirstMeeting.FriendlyGreeting.G.1","47","TextKeyReference","DoNotPatchHere","False","False","","False","This is a key/reference; translate the resolved text entry instead."
"Content\Config\Diplomacy\Dialogue.xml","Dialogue.original.xml","dialogue","DIALOGUE_FIRSTMEETING_FRIENDLYGREETING","generic/dialogueOption/text","1","TEXT.Dialogue.FirstMeeting.FriendlyGreeting.G.2","47","TextKeyReference","DoNotPatchHere","False","False","","False","This is a key/reference; translate the resolved text entry instead."
"Content\Config\Diplomacy\Dialogue.xml","Dialogue.original.xml","dialogueOption","DIALOGUE_FIRSTMEETING_FRIENDLYGREETING_1","text","","TEXT.Dialogue.FirstMeeting.FriendlyGreeting.G.1","47","TextKeyReference","DoNotPatchHere","False","False","","False","This is a key/reference; translate the resolved text entry instead."
"Content\Config\Diplomacy\Dialogue.xml","Dialogue.original.xml","dialogueOption","DIALOGUE_FIRSTMEETING_FRIENDLYGREETING_2","text","","TEXT.Dialogue.FirstMeeting.FriendlyGreeting.G.2","47","TextKeyReference","DoNotPatchHere","False","False","","False","This is a key/reference; translate the resolved text entry instead."
"Content\Config\Diplomacy\Dialogue.xml","Dialogue.original.xml","dialogue","DIALOGUE_FIRSTMEETING_FRIENDLYGREETING_RETURNGREETING","generic/dialogueOption/text","0","TEXT.Dialogue.FirstMeeting.FriendlyGreeting.ReturnGreeting.G.1","62","TextKeyReference","DoNotPatchHere","False","False","","False","This is a key/reference; translate the resolved text entry instead."
"Content\Config\Diplomacy\Dialogue.xml","Dialogue.original.xml","dialogue","DIALOGUE_FIRSTMEETING_FRIENDLYGREETING_RETURNGREETING","generic/dialogueOption/text","1","TEXT.Dialogue.FirstMeeting.FriendlyGreeting.ReturnGreeting.G.2","62","TextKeyReference","DoNotPatchHere","False","False","","False","This is a key/reference; translate the resolved text entry instead."
"Content\Config\Diplomacy\Dialogue.xml","Dialogue.original.xml","dialogueOption","DIALOGUE_FIRSTMEETING_FRIENDLYGREETING_RETURNGREETING_G_1","text","","TEXT.Dialogue.FirstMeeting.FriendlyGreeting.ReturnGreeting.G.1","62","TextKeyReference","DoNotPatchHere","False","False","","False","This is a key/reference; translate the resolved text entry instead."
"Content\Config\Diplomacy\Dialogue.xml","Dialogue.original.xml","dialogueOption","DIALOGUE_FIRSTMEETING_FRIENDLYGREETING_RETURNGREETING_G_2","text","","TEXT.Dialogue.FirstMeeting.FriendlyGreeting.ReturnGreeting.G.2","62","TextKeyReference","DoNotPatchHere","False","False","","False","This is a key/reference; translate the resolved text entry instead."
"Content\Config\Diplomacy\Dialogue.xml","Dialogue.original.xml","dialogue","DIALOGUE_FIRSTMEETING_FRIENDLYGREETING_GIVEGIFT","generic/dialogueOption/text","0","TEXT.Dialogue.FirstMeeting.FriendlyGreeting.GiveGift.G.1","56","TextKeyReference","DoNotPatchHere","False","False","","False","This is a key/reference; translate the resolved text entry instead."
"Content\Config\Diplomacy\Dialogue.xml","Dialogue.original.xml","dialogue","DIALOGUE_FIRSTMEETING_FRIENDLYGREETING_GIVEGIFT","generic/dialogueOption/text","1","TEXT.Dialogue.FirstMeeting.FriendlyGreeting.GiveGift.G.2","56","TextKeyReference","DoNotPatchHere","False","False","","False","This is a key/reference; translate the resolved text entry instead."
"Content\Config\Diplomacy\Dialogue.xml","Dialogue.original.xml","dialogueOption","DIALOGUE_FIRSTMEETING_FRIENDLYGREETING_GIVEGIFT_G_1","text","","TEXT.Dialogue.FirstMeeting.FriendlyGreeting.GiveGift.G.1","56","TextKeyReference","DoNotPatchHere","False","False","","False","This is a key/reference; translate the resolved text entry instead."
"Content\Config\Diplomacy\Dialogue.xml","Dialogue.original.xml","dialogueOption","DIALOGUE_FIRSTMEETING_FRIENDLYGREETING_GIVEGIFT_G_2","text","","TEXT.Dialogue.FirstMeeting.FriendlyGreeting.GiveGift.G.2","56","TextKeyReference","DoNotPatchHere","False","False","","False","This is a key/reference; translate the resolved text entry instead."
"Content\Config\Diplomacy\Dialogue.xml","Dialogue.original.xml","dialogue","DIALOGUE_FIRSTMEETING_OFFERGIFT","generic/dialogueOption/text","0","TEXT.Dialogue.FirstMeeting.OfferGift.G.1","40","TextKeyReference","DoNotPatchHere","False","False","","False","This is a key/reference; translate the resolved text entry instead."
"Content\Config\Diplomacy\Dialogue.xml","Dialogue.original.xml","dialogue","DIALOGUE_FIRSTMEETING_OFFERGIFT","generic/dialogueOption/text","1","TEXT.Dialogue.FirstMeeting.OfferGift.G.2","40","TextKeyReference","DoNotPatchHere","False","False","","False","This is a key/reference; translate the resolved text entry instead."
"Content\Config\Diplomacy\Dialogue.xml","Dialogue.original.xml","dialogueOption","DIALOGUE_FIRSTMEETING_OFFERGIFT_1","text","","TEXT.Dialogue.FirstMeeting.OfferGift.G.1","40","TextKeyReference","DoNotPatchHere","False","False","","False","This is a key/reference; translate the resolved text entry instead."
"Content\Config\Diplomacy\Dialogue.xml","Dialogue.original.xml","dialogueOption","DIALOGUE_FIRSTMEETING_OFFERGIFT_2","text","","TEXT.Dialogue.FirstMeeting.OfferGift.G.2","40","TextKeyReference","DoNotPatchHere","False","False","","False","This is a key/reference; translate the resolved text entry instead."
"Content\Config\Diplomacy\Dialogue.xml","Dialogue.original.xml","dialogue","DIALOGUE_FIRSTMEETING_OFFERGIFT_ACCEPT","generic/dialogueOption/text","0","TEXT.Dialogue.FirstMeeting.OfferGift.Accept.G.1","47","TextKeyReference","DoNotPatchHere","False","False","","False","This is a key/reference; translate the resolved text entry instead."
"Content\Config\Diplomacy\Dialogue.xml","Dialogue.original.xml","dialogue","DIALOGUE_FIRSTMEETING_OFFERGIFT_ACCEPT","generic/dialogueOption/text","1","TEXT.Dialogue.FirstMeeting.OfferGift.Accept.G.2","47","TextKeyReference","DoNotPatchHere","False","False","","False","This is a key/reference; translate the resolved text entry instead."
"Content\Config\Diplomacy\Dialogue.xml","Dialogue.original.xml","dialogueOption","DIALOGUE_FIRSTMEETING_OFFERGIFT_ACCEPT_1","text","","TEXT.Dialogue.FirstMeeting.OfferGift.Accept.G.1","47","TextKeyReference","DoNotPatchHere","False","False","","False","This is a key/reference; translate the resolved text entry instead."
"Content\Config\Diplomacy\Dialogue.xml","Dialogue.original.xml","dialogueOption","DIALOGUE_FIRSTMEETING_OFFERGIFT_ACCEPT_2","text","","TEXT.Dialogue.FirstMeeting.OfferGift.Accept.G.2","47","TextKeyReference","DoNotPatchHere","False","False","","False","This is a key/reference; translate the resolved text entry instead."
"Content\Config\Diplomacy\Dialogue.xml","Dialogue.original.xml","dialogue","DIALOGUE_FIRSTMEETING_OFFERGIFT_RECIPROCATE","generic/dialogueOption/text","0","TEXT.Dialogue.FirstMeeting.OfferGift.Reciprocate.G.1","52","TextKeyReference","DoNotPatchHere","False","False","","False","This is a key/reference; translate the resolved text entry instead."
"Content\Config\Diplomacy\Dialogue.xml","Dialogue.original.xml","dialogue","DIALOGUE_FIRSTMEETING_OFFERGIFT_RECIPROCATE","generic/dialogueOption/text","1","TEXT.Dialogue.FirstMeeting.OfferGift.Reciprocate.G.2","52","TextKeyReference","DoNotPatchHere","False","False","","False","This is a key/reference; translate the resolved text entry instead."
"Content\Config\Diplomacy\Dialogue.xml","Dialogue.original.xml","dialogueOption","DIALOGUE_FIRSTMEETING_OFFERGIFT_RECIPROCATE_1","text","","TEXT.Dialogue.FirstMeeting.OfferGift.Reciprocate.G.1","52","TextKeyReference","DoNotPatchHere","False","False","","False","This is a key/reference; translate the resolved text entry instead."
"Content\Config\Diplomacy\Dialogue.xml","Dialogue.original.xml","dialogueOption","DIALOGUE_FIRSTMEETING_OFFERGIFT_RECIPROCATE_2","text","","TEXT.Dialogue.FirstMeeting.OfferGift.Reciprocate.G.2","52","TextKeyReference","DoNotPatchHere","False","False","","False","This is a key/reference; translate the resolved text entry instead."
"Content\Config\Diplomacy\Dialogue.xml","Dialogue.original.xml","dialogue","DIALOGUE_FIRSTMEETING_OFFERGIFT_REFUSE","generic/dialogueOption/text","0","TEXT.Dialogue.FirstMeeting.OfferGift.Refuse.G.1","47","TextKeyReference","DoNotPatchHere","False","False","","False","This is a key/reference; translate the resolved text entry instead."
"Content\Config\Diplomacy\Dialogue.xml","Dialogue.original.xml","dialogue","DIALOGUE_FIRSTMEETING_OFFERGIFT_REFUSE","generic/dialogueOption/text","1","TEXT.Dialogue.FirstMeeting.OfferGift.Refuse.G.2","47","TextKeyReference","DoNotPatchHere","False","False","","False","This is a key/reference; translate the resolved text entry instead."
"Content\Config\Diplomacy\Dialogue.xml","Dialogue.original.xml","dialogueOption","DIALOGUE_FIRSTMEETING_OFFERGIFT_REFUSE_1","text","","TEXT.Dialogue.FirstMeeting.OfferGift.Refuse.G.1","47","TextKeyReference","DoNotPatchHere","False","False","","False","This is a key/reference; translate the resolved text entry instead."
"Content\Config\Diplomacy\Dialogue.xml","Dialogue.original.xml","dialogueOption","DIALOGUE_FIRSTMEETING_OFFERGIFT_REFUSE_2","text","","TEXT.Dialogue.FirstMeeting.OfferGift.Refuse.G.2","47","TextKeyReference","DoNotPatchHere","False","False","","False","This is a key/reference; translate the resolved text entry instead."
"Content\Config\Diplomacy\Dialogue.xml","Dialogue.original.xml","dialogue","DIALOGUE_INTERACTION_OFFERGIFT","generic/dialogueOption/text","0","TEXT.Dialogue.Interaction.OfferGift.G.1","39","TextKeyReference","DoNotPatchHere","False","False","","False","This is a key/reference; translate the resolved text entry instead."
"Content\Config\Diplomacy\Dialogue.xml","Dialogue.original.xml","dialogue","DIALOGUE_INTERACTION_OFFERGIFT","generic/dialogueOption/text","1","TEXT.Dialogue.Interaction.OfferGift.G.2","39","TextKeyReference","DoNotPatchHere","False","False","","False","This is a key/reference; translate the resolved text entry instead."
"Content\Config\Diplomacy\Dialogue.xml","Dialogue.original.xml","dialogueOption","DIALOGUE_INTERACTION_OFFERGIFT_1","text","","TEXT.Dialogue.Interaction.OfferGift.G.1","39","TextKeyReference","DoNotPatchHere","False","False","","False","This is a key/reference; translate the resolved text entry instead."
"Content\Config\Diplomacy\Dialogue.xml","Dialogue.original.xml","dialogueOption","DIALOGUE_INTERACTION_OFFERGIFT_2","text","","TEXT.Dialogue.Interaction.OfferGift.G.2","39","TextKeyReference","DoNotPatchHere","False","False","","False","This is a key/reference; translate the resolved text entry instead."
"Content\Config\Diplomacy\Dialogue.xml","Dialogue.original.xml","dialogue","DIALOGUE_INTERACTION_OFFERGIFT_ACCEPT","generic/dialogueOption/text","0","TEXT.Dialogue.Interaction.OfferGift.Accept.G.1","46","TextKeyReference","DoNotPatchHere","False","False","","False","This is a key/reference; translate the resolved text entry instead."
"Content\Config\Diplomacy\Dialogue.xml","Dialogue.original.xml","dialogue","DIALOGUE_INTERACTION_OFFERGIFT_ACCEPT","generic/dialogueOption/text","1","TEXT.Dialogue.Interaction.OfferGift.Accept.G.2","46","TextKeyReference","DoNotPatchHere","False","False","","False","This is a key/reference; translate the resolved text entry instead."
"Content\Config\Diplomacy\Dialogue.xml","Dialogue.original.xml","dialogueOption","DIALOGUE_INTERACTION_OFFERGIFT_ACCEPT_1","text","","TEXT.Dialogue.Interaction.OfferGift.Accept.G.1","46","TextKeyReference","DoNotPatchHere","False","False","","False","This is a key/reference; translate the resolved text entry instead."
"Content\Config\Diplomacy\Dialogue.xml","Dialogue.original.xml","dialogueOption","DIALOGUE_INTERACTION_OFFERGIFT_ACCEPT_2","text","","TEXT.Dialogue.Interaction.OfferGift.Accept.G.2","46","TextKeyReference","DoNotPatchHere","False","False","","False","This is a key/reference; translate the resolved text entry instead."
"Content\Config\Diplomacy\Dialogue.xml","Dialogue.original.xml","dialogue","DIALOGUE_INTERACTION_OFFERGIFT_REFUSE_WEAK","generic/dialogueOption/text","0","TEXT.Dialogue.Interaction.OfferGift.Refuse.Weak.G.1","51","TextKeyReference","DoNotPatchHere","False","False","","False","This is a key/reference; translate the resolved text entry instead."
"Content\Config\Diplomacy\Dialogue.xml","Dialogue.original.xml","dialogue","DIALOGUE_INTERACTION_OFFERGIFT_REFUSE_WEAK","generic/dialogueOption/text","1","TEXT.Dialogue.Interaction.OfferGift.Refuse.Weak.G.2","51","TextKeyReference","DoNotPatchHere","False","False","","False","This is a key/reference; translate the resolved text entry instead."
"Content\Config\Diplomacy\Dialogue.xml","Dialogue.original.xml","dialogueOption","DIALOGUE_INTERACTION_OFFERGIFT_REFUSE_WEAK_1","text","","TEXT.Dialogue.Interaction.OfferGift.Refuse.Weak.G.1","51","TextKeyReference","DoNotPatchHere","False","False","","False","This is a key/reference; translate the resolved text entry instead."
"Content\Config\Diplomacy\Dialogue.xml","Dialogue.original.xml","dialogueOption","DIALOGUE_INTERACTION_OFFERGIFT_REFUSE_WEAK_2","text","","TEXT.Dialogue.Interaction.OfferGift.Refuse.Weak.G.2","51","TextKeyReference","DoNotPatchHere","False","False","","False","This is a key/reference; translate the resolved text entry instead."
"Content\Config\Diplomacy\Dialogue.xml","Dialogue.original.xml","dialogue","DIALOGUE_INTERACTION_OFFERGIFT_REFUSE_STRONG","generic/dialogueOption/text","0","TEXT.Dialogue.Interaction.OfferGift.Refuse.Strong.G.1","53","TextKeyReference","DoNotPatchHere","False","False","","False","This is a key/reference; translate the resolved text entry instead."
"Content\Config\Diplomacy\Dialogue.xml","Dialogue.original.xml","dialogue","DIALOGUE_INTERACTION_OFFERGIFT_REFUSE_STRONG","generic/dialogueOption/text","1","TEXT.Dialogue.Interaction.OfferGift.Refuse.Strong.G.2","53","TextKeyReference","DoNotPatchHere","False","False","","False","This is a key/reference; translate the resolved text entry instead."
"Content\Config\Diplomacy\Dialogue.xml","Dialogue.original.xml","dialogueOption","DIALOGUE_INTERACTION_OFFERGIFT_REFUSE_STRONG_1","text","","TEXT.Dialogue.Interaction.OfferGift.Refuse.Strong.G.1","53","TextKeyReference","DoNotPatchHere","False","False","","False","This is a key/reference; translate the resolved text entry instead."
"Content\Config\Diplomacy\Dialogue.xml","Dialogue.original.xml","dialogueOption","DIALOGUE_INTERACTION_OFFERGIFT_REFUSE_STRONG_2","text","","TEXT.Dialogue.Interaction.OfferGift.Refuse.Strong.G.2","53","TextKeyReference","DoNotPatchHere","False","False","","False","This is a key/reference; translate the resolved text entry instead."
"Content\Config\Diplomacy\Dialogue.xml","Dialogue.original.xml","dialogue","DIALOGUE_INTERACTION_DEMAND_TRIBUTE_TREASURE","generic/dialogueOption/text","0","TEXT.Dialogue.Interaction.Demand.Tribute.Treasure.G.1","53","TextKeyReference","DoNotPatchHere","False","False","","False","This is a key/reference; translate the resolved text entry instead."
"Content\Config\Diplomacy\Dialogue.xml","Dialogue.original.xml","dialogue","DIALOGUE_INTERACTION_DEMAND_TRIBUTE_TREASURE","generic/dialogueOption/text","1","TEXT.Dialogue.Interaction.Demand.Tribute.Treasure.G.2","53","TextKeyReference","DoNotPatchHere","False","False","","False","This is a key/reference; translate the resolved text entry instead."
"Content\Config\Diplomacy\Dialogue.xml","Dialogue.original.xml","dialogueOption","DIALOGUE_INTERACTION_DEMAND_TRIBUTE_TREASURE_1","text","","TEXT.Dialogue.Interaction.Demand.Tribute.Treasure.G.1","53","TextKeyReference","DoNotPatchHere","False","False","","False","This is a key/reference; translate the resolved text entry instead."
"Content\Config\Diplomacy\Dialogue.xml","Dialogue.original.xml","dialogueOption","DIALOGUE_INTERACTION_DEMAND_TRIBUTE_TREASURE_2","text","","TEXT.Dialogue.Interaction.Demand.Tribute.Treasure.G.2","53","TextKeyReference","DoNotPatchHere","False","False","","False","This is a key/reference; translate the resolved text entry instead."
"Content\Config\Diplomacy\Dialogue.xml","Dialogue.original.xml","dialogue","DIALOGUE_INTERACTION_DEMAND_TRIBUTE_TREASURE_ACCEPT","generic/dialogueOption/text","0","TEXT.Dialogue.Interaction.Demand.Tribute.Accept.G.1","51","TextKeyReference","DoNotPatchHere","False","False","","False","This is a key/reference; translate the resolved text entry instead."
"Content\Config\Diplomacy\Dialogue.xml","Dialogue.original.xml","dialogue","DIALOGUE_INTERACTION_DEMAND_TRIBUTE_TREASURE_ACCEPT","generic/dialogueOption/text","1","TEXT.Dialogue.Interaction.Demand.Tribute.Accept.G.2","51","TextKeyReference","DoNotPatchHere","False","False","","False","This is a key/reference; translate the resolved text entry instead."
"Content\Config\Diplomacy\Dialogue.xml","Dialogue.original.xml","dialogueOption","DIALOGUE_INTERACTION_DEMAND_TRIBUTE_TREASURE_ACCEPT_1","text","","TEXT.Dialogue.Interaction.Demand.Tribute.Accept.G.1","51","TextKeyReference","DoNotPatchHere","False","False","","False","This is a key/reference; translate the resolved text entry instead."
"Content\Config\Diplomacy\Dialogue.xml","Dialogue.original.xml","dialogueOption","DIALOGUE_INTERACTION_DEMAND_TRIBUTE_TREASURE_ACCEPT_2","text","","TEXT.Dialogue.Interaction.Demand.Tribute.Accept.G.2","51","TextKeyReference","DoNotPatchHere","False","False","","False","This is a key/reference; translate the resolved text entry instead."
"Content\Config\Diplomacy\Dialogue.xml","Dialogue.original.xml","dialogue","DIALOGUE_INTERACTION_DEMAND_TRIBUTE_TREASURE_REFUSE_WEAK","generic/dialogueOption/text","0","TEXT.Dialogue.Interaction.Demand.Tribute.Refuse.Weak.G.1","56","TextKeyReference","DoNotPatchHere","False","False","","False","This is a key/reference; translate the resolved text entry instead."
"Content\Config\Diplomacy\Dialogue.xml","Dialogue.original.xml","dialogue","DIALOGUE_INTERACTION_DEMAND_TRIBUTE_TREASURE_REFUSE_WEAK","generic/dialogueOption/text","1","TEXT.Dialogue.Interaction.Demand.Tribute.Refuse.Weak.G.2","56","TextKeyReference","DoNotPatchHere","False","False","","False","This is a key/reference; translate the resolved text entry instead."
"Content\Config\Diplomacy\Dialogue.xml","Dialogue.original.xml","dialogueOption","DIALOGUE_INTERACTION_DEMAND_TRIBUTE_TREASURE_REFUSE_WEAK_1","text","","TEXT.Dialogue.Interaction.Demand.Tribute.Refuse.Weak.G.1","56","TextKeyReference","DoNotPatchHere","False","False","","False","This is a key/reference; translate the resolved text entry instead."
"Content\Config\Diplomacy\Dialogue.xml","Dialogue.original.xml","dialogueOption","DIALOGUE_INTERACTION_DEMAND_TRIBUTE_TREASURE_REFUSE_WEAK_2","text","","TEXT.Dialogue.Interaction.Demand.Tribute.Refuse.Weak.G.2","56","TextKeyReference","DoNotPatchHere","False","False","","False","This is a key/reference; translate the resolved text entry instead."
"Content\Config\Diplomacy\Dialogue.xml","Dialogue.original.xml","dialogue","DIALOGUE_INTERACTION_DEMAND_TRIBUTE_TREASURE_REFUSE_STRONG","generic/dialogueOption/text","0","TEXT.Dialogue.Interaction.Demand.Tribute.Refuse.Strong.G.1","58","TextKeyReference","DoNotPatchHere","False","False","","False","This is a key/reference; translate the resolved text entry instead."
"Content\Config\Diplomacy\Dialogue.xml","Dialogue.original.xml","dialogue","DIALOGUE_INTERACTION_DEMAND_TRIBUTE_TREASURE_REFUSE_STRONG","generic/dialogueOption/text","1","TEXT.Dialogue.Interaction.Demand.Tribute.Refuse.Strong.G.2","58","TextKeyReference","DoNotPatchHere","False","False","","False","This is a key/reference; translate the resolved text entry instead."
"Content\Config\Diplomacy\Dialogue.xml","Dialogue.original.xml","dialogueOption","DIALOGUE_INTERACTION_DEMAND_TRIBUTE_TREASURE_REFUSE_STRONG_1","text","","TEXT.Dialogue.Interaction.Demand.Tribute.Refuse.Strong.G.1","58","TextKeyReference","DoNotPatchHere","False","False","","False","This is a key/reference; translate the resolved text entry instead."
"Content\Config\Diplomacy\Dialogue.xml","Dialogue.original.xml","dialogueOption","DIALOGUE_INTERACTION_DEMAND_TRIBUTE_TREASURE_REFUSE_STRONG_2","text","","TEXT.Dialogue.Interaction.Demand.Tribute.Refuse.Strong.G.2","58","TextKeyReference","DoNotPatchHere","False","False","","False","This is a key/reference; translate the resolved text entry instead."
"Content\Config\Diplomacy\Dialogue.xml","Dialogue.original.xml","dialogue","DIALOGUE_INTERACTION_DEMAND_SWITCHRELIGION","generic/dialogueOption/text","0","TEXT.Dialogue.Interaction.Demand.SwitchReligion.G.1","51","TextKeyReference","DoNotPatchHere","False","False","","False","This is a key/reference; translate the resolved text entry instead."
"Content\Config\Diplomacy\Dialogue.xml","Dialogue.original.xml","dialogue","DIALOGUE_INTERACTION_DEMAND_SWITCHRELIGION","generic/dialogueOption/text","1","TEXT.Dialogue.Interaction.Demand.SwitchReligion.G.2","51","TextKeyReference","DoNotPatchHere","False","False","","False","This is a key/reference; translate the resolved text entry instead."
"Content\Config\Diplomacy\Dialogue.xml","Dialogue.original.xml","dialogueOption","DIALOGUE_INTERACTION_DEMAND_SWITCHRELIGION_1","text","","TEXT.Dialogue.Interaction.Demand.SwitchReligion.G.1","51","TextKeyReference","DoNotPatchHere","False","False","","False","This is a key/reference; translate the resolved text entry instead."
"Content\Config\Diplomacy\Dialogue.xml","Dialogue.original.xml","dialogueOption","DIALOGUE_INTERACTION_DEMAND_SWITCHRELIGION_2","text","","TEXT.Dialogue.Interaction.Demand.SwitchReligion.G.2","51","TextKeyReference","DoNotPatchHere","False","False","","False","This is a key/reference; translate the resolved text entry instead."
"Content\Config\Diplomacy\Dialogue.xml","Dialogue.original.xml","dialogue","DIALOGUE_INTERACTION_DEMAND_SWITCHRELIGION_ACCEPT","generic/dialogueOption/text","0","TEXT.Dialogue.Interaction.Demand.SwitchReligion.Accept.G.1","58","TextKeyReference","DoNotPatchHere","False","False","","False","This is a key/reference; translate the resolved text entry instead."
"Content\Config\Diplomacy\Dialogue.xml","Dialogue.original.xml","dialogue","DIALOGUE_INTERACTION_DEMAND_SWITCHRELIGION_ACCEPT","generic/dialogueOption/text","1","TEXT.Dialogue.Interaction.Demand.SwitchReligion.Accept.G.2","58","TextKeyReference","DoNotPatchHere","False","False","","False","This is a key/reference; translate the resolved text entry instead."
"Content\Config\Diplomacy\Dialogue.xml","Dialogue.original.xml","dialogueOption","DIALOGUE_INTERACTION_DEMAND_SWITCHRELIGION_ACCEPT_1","text","","TEXT.Dialogue.Interaction.Demand.SwitchReligion.Accept.G.1","58","TextKeyReference","DoNotPatchHere","False","False","","False","This is a key/reference; translate the resolved text entry instead."
"Content\Config\Diplomacy\Dialogue.xml","Dialogue.original.xml","dialogueOption","DIALOGUE_INTERACTION_DEMAND_SWITCHRELIGION_ACCEPT_2","text","","TEXT.Dialogue.Interaction.Demand.SwitchReligion.Accept.G.2","58","TextKeyReference","DoNotPatchHere","False","False","","False","This is a key/reference; translate the resolved text entry instead."
"Content\Config\Diplomacy\Dialogue.xml","Dialogue.original.xml","dialogue","DIALOGUE_INTERACTION_DEMAND_SWITCHRELIGION_REFUSE_WEAK","generic/dialogueOption/text","0","TEXT.Dialogue.Interaction.Demand.SwitchReligion.Refuse.Weak.G.1","63","TextKeyReference","DoNotPatchHere","False","False","","False","This is a key/reference; translate the resolved text entry instead."
"Content\Config\Diplomacy\Dialogue.xml","Dialogue.original.xml","dialogue","DIALOGUE_INTERACTION_DEMAND_SWITCHRELIGION_REFUSE_WEAK","generic/dialogueOption/text","1","TEXT.Dialogue.Interaction.Demand.SwitchReligion.Refuse.Weak.G.2","63","TextKeyReference","DoNotPatchHere","False","False","","False","This is a key/reference; translate the resolved text entry instead."
"Content\Config\Diplomacy\Dialogue.xml","Dialogue.original.xml","dialogueOption","DIALOGUE_INTERACTION_DEMAND_SWITCHRELIGION_REFUSE_WEAK_1","text","","TEXT.Dialogue.Interaction.Demand.SwitchReligion.Refuse.Weak.G.1","63","TextKeyReference","DoNotPatchHere","False","False","","False","This is a key/reference; translate the resolved text entry instead."
"Content\Config\Diplomacy\Dialogue.xml","Dialogue.original.xml","dialogueOption","DIALOGUE_INTERACTION_DEMAND_SWITCHRELIGION_REFUSE_WEAK_2","text","","TEXT.Dialogue.Interaction.Demand.SwitchReligion.Refuse.Weak.G.2","63","TextKeyReference","DoNotPatchHere","False","False","","False","This is a key/reference; translate the resolved text entry instead."
"Content\Config\Diplomacy\Dialogue.xml","Dialogue.original.xml","dialogue","DIALOGUE_INTERACTION_DEMAND_SWITCHRELIGION_REFUSE_STRONG","generic/dialogueOption/text","0","TEXT.Dialogue.Interaction.Demand.SwitchReligion.Refuse.Strong.G.1","65","TextKeyReference","DoNotPatchHere","False","False","","False","This is a key/reference; translate the resolved text entry instead."
"Content\Config\Diplomacy\Dialogue.xml","Dialogue.original.xml","dialogue","DIALOGUE_INTERACTION_DEMAND_SWITCHRELIGION_REFUSE_STRONG","generic/dialogueOption/text","1","TEXT.Dialogue.Interaction.Demand.SwitchReligion.Refuse.Strong.G.2","65","TextKeyReference","DoNotPatchHere","False","False","","False","This is a key/reference; translate the resolved text entry instead."
"Content\Config\Diplomacy\Dialogue.xml","Dialogue.original.xml","dialogueOption","DIALOGUE_INTERACTION_DEMAND_SWITCHRELIGION_REFUSE_STRONG_1","text","","TEXT.Dialogue.Interaction.Demand.SwitchReligion.Refuse.Strong.G.1","65","TextKeyReference","DoNotPatchHere","False","False","","False","This is a key/reference; translate the resolved text entry instead."
"Content\Config\Diplomacy\Dialogue.xml","Dialogue.original.xml","dialogueOption","DIALOGUE_INTERACTION_DEMAND_SWITCHRELIGION_REFUSE_STRONG_2","text","","TEXT.Dialogue.Interaction.Demand.SwitchReligion.Refuse.Strong.G.2","65","TextKeyReference","DoNotPatchHere","False","False","","False","This is a key/reference; translate the resolved text entry instead."
"Content\Config\Diplomacy\Dialogue.xml","Dialogue.original.xml","dialogue","DIALOGUE_INTERACTION_DENOUNCE","generic/dialogueOption/text","0","TEXT.Dialogue.Interaction.Denounce.G.1","38","TextKeyReference","DoNotPatchHere","False","False","","False","This is a key/reference; translate the resolved text entry instead."
"Content\Config\Diplomacy\Dialogue.xml","Dialogue.original.xml","dialogue","DIALOGUE_INTERACTION_DENOUNCE","generic/dialogueOption/text","1","TEXT.Dialogue.Interaction.Denounce.G.2","38","TextKeyReference","DoNotPatchHere","False","False","","False","This is a key/reference; translate the resolved text entry instead."
"Content\Config\Diplomacy\Dialogue.xml","Dialogue.original.xml","dialogueOption","DIALOGUE_INTERACTION_DENOUNCE_1","text","","TEXT.Dialogue.Interaction.Denounce.G.1","38","TextKeyReference","DoNotPatchHere","False","False","","False","This is a key/reference; translate the resolved text entry instead."
"Content\Config\Diplomacy\Dialogue.xml","Dialogue.original.xml","dialogueOption","DIALOGUE_INTERACTION_DENOUNCE_2","text","","TEXT.Dialogue.Interaction.Denounce.G.2","38","TextKeyReference","DoNotPatchHere","False","False","","False","This is a key/reference; translate the resolved text entry instead."
"Content\Config\Diplomacy\Dialogue.xml","Dialogue.original.xml","dialogue","DIALOGUE_INTERACTION_PRAISE","generic/dialogueOption/text","0","TEXT.Dialogue.Interaction.Praise.G.1","36","TextKeyReference","DoNotPatchHere","False","False","","False","This is a key/reference; translate the resolved text entry instead."
"Content\Config\Diplomacy\Dialogue.xml","Dialogue.original.xml","dialogue","DIALOGUE_INTERACTION_PRAISE","generic/dialogueOption/text","1","TEXT.Dialogue.Interaction.Praise.G.2","36","TextKeyReference","DoNotPatchHere","False","False","","False","This is a key/reference; translate the resolved text entry instead."
"Content\Config\Diplomacy\Dialogue.xml","Dialogue.original.xml","dialogueOption","DIALOGUE_INTERACTION_PRAISE_1","text","","TEXT.Dialogue.Interaction.Praise.G.1","36","TextKeyReference","DoNotPatchHere","False","False","","False","This is a key/reference; translate the resolved text entry instead."
"Content\Config\Diplomacy\Dialogue.xml","Dialogue.original.xml","dialogueOption","DIALOGUE_INTERACTION_PRAISE_2","text","","TEXT.Dialogue.Interaction.Praise.G.2","36","TextKeyReference","DoNotPatchHere","False","False","","False","This is a key/reference; translate the resolved text entry instead."
"Content\Config\Diplomacy\Dialogue.xml","Dialogue.original.xml","dialogue","DIALOGUE_REQUEST_DESTROY_BANDIT_CAMP","generic/dialogueOption/text","0","TEXT.Dialogue.Request.DestroyBanditCamp.G.1","43","TextKeyReference","DoNotPatchHere","False","False","","False","This is a key/reference; translate the resolved text entry instead."
"Content\Config\Diplomacy\Dialogue.xml","Dialogue.original.xml","dialogue","DIALOGUE_REQUEST_DESTROY_BANDIT_CAMP","generic/dialogueOption/text","1","TEXT.Dialogue.Request.DestroyBanditCamp.G.2","43","TextKeyReference","DoNotPatchHere","False","False","","False","This is a key/reference; translate the resolved text entry instead."
"Content\Config\Diplomacy\Dialogue.xml","Dialogue.original.xml","dialogueOption","DIALOGUE_REQUEST_DESTROY_BANDIT_CAMP_1","text","","TEXT.Dialogue.Request.DestroyBanditCamp.G.1","43","TextKeyReference","DoNotPatchHere","False","False","","False","This is a key/reference; translate the resolved text entry instead."
"Content\Config\Diplomacy\Dialogue.xml","Dialogue.original.xml","dialogueOption","DIALOGUE_REQUEST_DESTROY_BANDIT_CAMP_2","text","","TEXT.Dialogue.Request.DestroyBanditCamp.G.2","43","TextKeyReference","DoNotPatchHere","False","False","","False","This is a key/reference; translate the resolved text entry instead."
"Content\Config\Diplomacy\Dialogue.xml","Dialogue.original.xml","dialogue","DIALOGUE_REQUEST_DESTROY_BANDIT_CAMP_OK","generic/dialogueOption/text","0","TEXT.Dialogue.Request.DestroyBanditCamp.OK.G.1","46","TextKeyReference","DoNotPatchHere","False","False","","False","This is a key/reference; translate the resolved text entry instead."
"Content\Config\Diplomacy\Dialogue.xml","Dialogue.original.xml","dialogue","DIALOGUE_REQUEST_DESTROY_BANDIT_CAMP_OK","generic/dialogueOption/text","1","TEXT.Dialogue.Request.DestroyBanditCamp.OK.G.2","46","TextKeyReference","DoNotPatchHere","False","False","","False","This is a key/reference; translate the resolved text entry instead."
"Content\Config\Diplomacy\Dialogue.xml","Dialogue.original.xml","dialogueOption","DIALOGUE_REQUEST_DESTROY_BANDIT_CAMP_OK_1","text","","TEXT.Dialogue.Request.DestroyBanditCamp.OK.G.1","46","TextKeyReference","DoNotPatchHere","False","False","","False","This is a key/reference; translate the resolved text entry instead."
"Content\Config\Diplomacy\Dialogue.xml","Dialogue.original.xml","dialogueOption","DIALOGUE_REQUEST_DESTROY_BANDIT_CAMP_OK_2","text","","TEXT.Dialogue.Request.DestroyBanditCamp.OK.G.2","46","TextKeyReference","DoNotPatchHere","False","False","","False","This is a key/reference; translate the resolved text entry instead."
"Content\Config\Diplomacy\Dialogue.xml","Dialogue.original.xml","dialogue","DIALOGUE_REQUEST_DESTROY_BANDIT_CAMP_REFUSE_IMMEDIATE_WEAK","generic/dialogueOption/text","0","TEXT.Dialogue.Request.DestroyBanditCamp.Refuse.Immediate.Weak.G.1","65","TextKeyReference","DoNotPatchHere","False","False","","False","This is a key/reference; translate the resolved text entry instead."
"Content\Config\Diplomacy\Dialogue.xml","Dialogue.original.xml","dialogue","DIALOGUE_REQUEST_DESTROY_BANDIT_CAMP_REFUSE_IMMEDIATE_WEAK","generic/dialogueOption/text","1","TEXT.Dialogue.Request.DestroyBanditCamp.Refuse.Immediate.Weak.G.2","65","TextKeyReference","DoNotPatchHere","False","False","","False","This is a key/reference; translate the resolved text entry instead."
"Content\Config\Diplomacy\Dialogue.xml","Dialogue.original.xml","dialogueOption","DIALOGUE_REQUEST_DESTROY_BANDIT_CAMP_REFUSE_IMMEDIATE_WEAK_1","text","","TEXT.Dialogue.Request.DestroyBanditCamp.Refuse.Immediate.Weak.G.1","65","TextKeyReference","DoNotPatchHere","False","False","","False","This is a key/reference; translate the resolved text entry instead."
"Content\Config\Diplomacy\Dialogue.xml","Dialogue.original.xml","dialogueOption","DIALOGUE_REQUEST_DESTROY_BANDIT_CAMP_REFUSE_IMMEDIATE_WEAK_2","text","","TEXT.Dialogue.Request.DestroyBanditCamp.Refuse.Immediate.Weak.G.2","65","TextKeyReference","DoNotPatchHere","False","False","","False","This is a key/reference; translate the resolved text entry instead."
"Content\Config\Diplomacy\Dialogue.xml","Dialogue.original.xml","dialogue","DIALOGUE_REQUEST_DESTROY_BANDIT_CAMP_REFUSE_IMMEDIATE_STRONG","generic/dialogueOption/text","0","TEXT.Dialogue.Request.DestroyBanditCamp.Refuse.Immediate.Strong.G.1","67","TextKeyReference","DoNotPatchHere","False","False","","False","This is a key/reference; translate the resolved text entry instead."
"Content\Config\Diplomacy\Dialogue.xml","Dialogue.original.xml","dialogue","DIALOGUE_REQUEST_DESTROY_BANDIT_CAMP_REFUSE_IMMEDIATE_STRONG","generic/dialogueOption/text","1","TEXT.Dialogue.Request.DestroyBanditCamp.Refuse.Immediate.Strong.G.2","67","TextKeyReference","DoNotPatchHere","False","False","","False","This is a key/reference; translate the resolved text entry instead."
"Content\Config\Diplomacy\Dialogue.xml","Dialogue.original.xml","dialogueOption","DIALOGUE_REQUEST_DESTROY_BANDIT_CAMP_REFUSE_IMMEDIATE_STRONG_1","text","","TEXT.Dialogue.Request.DestroyBanditCamp.Refuse.Immediate.Strong.G.1","67","TextKeyReference","DoNotPatchHere","False","False","","False","This is a key/reference; translate the resolved text entry instead."
"Content\Config\Diplomacy\Dialogue.xml","Dialogue.original.xml","dialogueOption","DIALOGUE_REQUEST_DESTROY_BANDIT_CAMP_REFUSE_IMMEDIATE_STRONG_2","text","","TEXT.Dialogue.Request.DestroyBanditCamp.Refuse.Immediate.Strong.G.2","67","TextKeyReference","DoNotPatchHere","False","False","","False","This is a key/reference; translate the resolved text entry instead."
"Content\Config\Diplomacy\Dialogue.xml","Dialogue.original.xml","dialogue","DIALOGUE_REQUEST_DESTROY_BANDIT_CAMP_FOLLOWUP","generic/dialogueOption/text","0","TEXT.Dialogue.Request.DestroyBanditCamp.FollowUp.G.1","52","TextKeyReference","DoNotPatchHere","False","False","","False","This is a key/reference; translate the resolved text entry instead."
"Content\Config\Diplomacy\Dialogue.xml","Dialogue.original.xml","dialogue","DIALOGUE_REQUEST_DESTROY_BANDIT_CAMP_FOLLOWUP","generic/dialogueOption/text","1","TEXT.Dialogue.Request.DestroyBanditCamp.FollowUp.G.2","52","TextKeyReference","DoNotPatchHere","False","False","","False","This is a key/reference; translate the resolved text entry instead."
"Content\Config\Diplomacy\Dialogue.xml","Dialogue.original.xml","dialogueOption","DIALOGUE_REQUEST_DESTROY_BANDIT_CAMP_FOLLOWUP_1","text","","TEXT.Dialogue.Request.DestroyBanditCamp.FollowUp.G.1","52","TextKeyReference","DoNotPatchHere","False","False","","False","This is a key/reference; translate the resolved text entry instead."
"Content\Config\Diplomacy\Dialogue.xml","Dialogue.original.xml","dialogueOption","DIALOGUE_REQUEST_DESTROY_BANDIT_CAMP_FOLLOWUP_2","text","","TEXT.Dialogue.Request.DestroyBanditCamp.FollowUp.G.2","52","TextKeyReference","DoNotPatchHere","False","False","","False","This is a key/reference; translate the resolved text entry instead."
"Content\Config\Diplomacy\Dialogue.xml","Dialogue.original.xml","dialogue","DIALOGUE_REQUEST_DESTROY_BANDIT_CAMP_ACCEPT","generic/dialogueOption/text","0","TEXT.Dialogue.Request.DestroyBanditCamp.Accept.G.1","50","TextKeyReference","DoNotPatchHere","False","False","","False","This is a key/reference; translate the resolved text entry instead."
"Content\Config\Diplomacy\Dialogue.xml","Dialogue.original.xml","dialogue","DIALOGUE_REQUEST_DESTROY_BANDIT_CAMP_ACCEPT","generic/dialogueOption/text","1","TEXT.Dialogue.Request.DestroyBanditCamp.Accept.G.2","50","TextKeyReference","DoNotPatchHere","False","False","","False","This is a key/reference; translate the resolved text entry instead."
"Content\Config\Diplomacy\Dialogue.xml","Dialogue.original.xml","dialogueOption","DIALOGUE_REQUEST_DESTROY_BANDIT_CAMP_ACCEPT_1","text","","TEXT.Dialogue.Request.DestroyBanditCamp.Accept.G.1","50","TextKeyReference","DoNotPatchHere","False","False","","False","This is a key/reference; translate the resolved text entry instead."
"Content\Config\Diplomacy\Dialogue.xml","Dialogue.original.xml","dialogueOption","DIALOGUE_REQUEST_DESTROY_BANDIT_CAMP_ACCEPT_2","text","","TEXT.Dialogue.Request.DestroyBanditCamp.Accept.G.2","50","TextKeyReference","DoNotPatchHere","False","False","","False","This is a key/reference; translate the resolved text entry instead."
"Content\Config\Diplomacy\Dialogue.xml","Dialogue.original.xml","dialogue","DIALOGUE_REQUEST_DESTROY_BANDIT_CAMP_REFUSE_DELAYED_WEAK","generic/dialogueOption/text","0","TEXT.Dialogue.Request.DestroyBanditCamp.Refuse.Delayed.Weak.G.1","63","TextKeyReference","DoNotPatchHere","False","False","","False","This is a key/reference; translate the resolved text entry instead."
"Content\Config\Diplomacy\Dialogue.xml","Dialogue.original.xml","dialogue","DIALOGUE_REQUEST_DESTROY_BANDIT_CAMP_REFUSE_DELAYED_WEAK","generic/dialogueOption/text","1","TEXT.Dialogue.Request.DestroyBanditCamp.Refuse.Delayed.Weak.G.2","63","TextKeyReference","DoNotPatchHere","False","False","","False","This is a key/reference; translate the resolved text entry instead."
"Content\Config\Diplomacy\Dialogue.xml","Dialogue.original.xml","dialogueOption","DIALOGUE_REQUEST_DESTROY_BANDIT_CAMP_REFUSE_DELAYED_WEAK_1","text","","TEXT.Dialogue.Request.DestroyBanditCamp.Refuse.Delayed.Weak.G.1","63","TextKeyReference","DoNotPatchHere","False","False","","False","This is a key/reference; translate the resolved text entry instead."
"Content\Config\Diplomacy\Dialogue.xml","Dialogue.original.xml","dialogueOption","DIALOGUE_REQUEST_DESTROY_BANDIT_CAMP_REFUSE_DELAYED_WEAK_2","text","","TEXT.Dialogue.Request.DestroyBanditCamp.Refuse.Delayed.Weak.G.2","63","TextKeyReference","DoNotPatchHere","False","False","","False","This is a key/reference; translate the resolved text entry instead."
"Content\Config\Diplomacy\Dialogue.xml","Dialogue.original.xml","dialogue","DIALOGUE_REQUEST_DESTROY_BANDIT_CAMP_REFUSE_DELAYED_STRONG","generic/dialogueOption/text","0","TEXT.Dialogue.Request.DestroyBanditCamp.Refuse.Delayed.Strong.G.1","65","TextKeyReference","DoNotPatchHere","False","False","","False","This is a key/reference; translate the resolved text entry instead."
"Content\Config\Diplomacy\Dialogue.xml","Dialogue.original.xml","dialogue","DIALOGUE_REQUEST_DESTROY_BANDIT_CAMP_REFUSE_DELAYED_STRONG","generic/dialogueOption/text","1","TEXT.Dialogue.Request.DestroyBanditCamp.Refuse.Delayed.Strong.G.2","65","TextKeyReference","DoNotPatchHere","False","False","","False","This is a key/reference; translate the resolved text entry instead."
"Content\Config\Diplomacy\Dialogue.xml","Dialogue.original.xml","dialogueOption","DIALOGUE_REQUEST_DESTROY_BANDIT_CAMP_REFUSE_DELAYED_STRONG_1","text","","TEXT.Dialogue.Request.DestroyBanditCamp.Refuse.Delayed.Strong.G.1","65","TextKeyReference","DoNotPatchHere","False","False","","False","This is a key/reference; translate the resolved text entry instead."
"Content\Config\Diplomacy\Dialogue.xml","Dialogue.original.xml","dialogueOption","DIALOGUE_REQUEST_DESTROY_BANDIT_CAMP_REFUSE_DELAYED_STRONG_2","text","","TEXT.Dialogue.Request.DestroyBanditCamp.Refuse.Delayed.Strong.G.2","65","TextKeyReference","DoNotPatchHere","False","False","","False","This is a key/reference; translate the resolved text entry instead."
"Content\Config\Diplomacy\Dialogue.xml","Dialogue.original.xml","dialogue","DIALOGUE_REQUEST_TRIBUTE_TREASURE","generic/dialogueOption/text","0","TEXT.Dialogue.Request.TributeTreasure.G.1","41","TextKeyReference","DoNotPatchHere","False","False","","False","This is a key/reference; translate the resolved text entry instead."
"Content\Config\Diplomacy\Dialogue.xml","Dialogue.original.xml","dialogue","DIALOGUE_REQUEST_TRIBUTE_TREASURE","generic/dialogueOption/text","1","TEXT.Dialogue.Request.TributeTreasure.G.2","41","TextKeyReference","DoNotPatchHere","False","False","","False","This is a key/reference; translate the resolved text entry instead."
"Content\Config\Diplomacy\Dialogue.xml","Dialogue.original.xml","dialogueOption","DIALOGUE_REQUEST_TRIBUTE_TREASURE_1","text","","TEXT.Dialogue.Request.TributeTreasure.G.1","41","TextKeyReference","DoNotPatchHere","False","False","","False","This is a key/reference; translate the resolved text entry instead."
"Content\Config\Diplomacy\Dialogue.xml","Dialogue.original.xml","dialogueOption","DIALOGUE_REQUEST_TRIBUTE_TREASURE_2","text","","TEXT.Dialogue.Request.TributeTreasure.G.2","41","TextKeyReference","DoNotPatchHere","False","False","","False","This is a key/reference; translate the resolved text entry instead."
"Content\Config\Diplomacy\Dialogue.xml","Dialogue.original.xml","dialogue","DIALOGUE_REQUEST_TRIBUTE_TREASURE_OK","generic/dialogueOption/text","0","TEXT.Dialogue.Request.TributeTreasure.OK.G.1","44","TextKeyReference","DoNotPatchHere","False","False","","False","This is a key/reference; translate the resolved text entry instead."
"Content\Config\Diplomacy\Dialogue.xml","Dialogue.original.xml","dialogue","DIALOGUE_REQUEST_TRIBUTE_TREASURE_OK","generic/dialogueOption/text","1","TEXT.Dialogue.Request.TributeTreasure.OK.G.2","44","TextKeyReference","DoNotPatchHere","False","False","","False","This is a key/reference; translate the resolved text entry instead."
"Content\Config\Diplomacy\Dialogue.xml","Dialogue.original.xml","dialogueOption","DIALOGUE_REQUEST_TRIBUTE_TREASURE_OK_1","text","","TEXT.Dialogue.Request.TributeTreasure.OK.G.1","44","TextKeyReference","DoNotPatchHere","False","False","","False","This is a key/reference; translate the resolved text entry instead."
"Content\Config\Diplomacy\Dialogue.xml","Dialogue.original.xml","dialogueOption","DIALOGUE_REQUEST_TRIBUTE_TREASURE_OK_2","text","","TEXT.Dialogue.Request.TributeTreasure.OK.G.2","44","TextKeyReference","DoNotPatchHere","False","False","","False","This is a key/reference; translate the resolved text entry instead."
"Content\Config\Diplomacy\Dialogue.xml","Dialogue.original.xml","dialogue","DIALOGUE_REQUEST_TRIBUTE_TREASURE_REFUSE_IMMEDIATE_WEAK","generic/dialogueOption/text","0","TEXT.Dialogue.Request.TributeTreasure.Refuse.Immediate.Weak.G.1","63","TextKeyReference","DoNotPatchHere","False","False","","False","This is a key/reference; translate the resolved text entry instead."
"Content\Config\Diplomacy\Dialogue.xml","Dialogue.original.xml","dialogue","DIALOGUE_REQUEST_TRIBUTE_TREASURE_REFUSE_IMMEDIATE_WEAK","generic/dialogueOption/text","1","TEXT.Dialogue.Request.TributeTreasure.Refuse.Immediate.Weak.G.2","63","TextKeyReference","DoNotPatchHere","False","False","","False","This is a key/reference; translate the resolved text entry instead."
"Content\Config\Diplomacy\Dialogue.xml","Dialogue.original.xml","dialogueOption","DIALOGUE_REQUEST_TRIBUTE_TREASURE_REFUSE_IMMEDIATE_WEAK_1","text","","TEXT.Dialogue.Request.TributeTreasure.Refuse.Immediate.Weak.G.1","63","TextKeyReference","DoNotPatchHere","False","False","","False","This is a key/reference; translate the resolved text entry instead."
"Content\Config\Diplomacy\Dialogue.xml","Dialogue.original.xml","dialogueOption","DIALOGUE_REQUEST_TRIBUTE_TREASURE_REFUSE_IMMEDIATE_WEAK_2","text","","TEXT.Dialogue.Request.TributeTreasure.Refuse.Immediate.Weak.G.2","63","TextKeyReference","DoNotPatchHere","False","False","","False","This is a key/reference; translate the resolved text entry instead."
"Content\Config\Diplomacy\Dialogue.xml","Dialogue.original.xml","dialogue","DIALOGUE_REQUEST_TRIBUTE_TREASURE_REFUSE_IMMEDIATE_STRONG","generic/dialogueOption/text","0","TEXT.Dialogue.Request.TributeTreasure.Refuse.Immediate.Strong.G.1","65","TextKeyReference","DoNotPatchHere","False","False","","False","This is a key/reference; translate the resolved text entry instead."
"Content\Config\Diplomacy\Dialogue.xml","Dialogue.original.xml","dialogue","DIALOGUE_REQUEST_TRIBUTE_TREASURE_REFUSE_IMMEDIATE_STRONG","generic/dialogueOption/text","1","TEXT.Dialogue.Request.TributeTreasure.Refuse.Immediate.Strong.G.2","65","TextKeyReference","DoNotPatchHere","False","False","","False","This is a key/reference; translate the resolved text entry instead."
"Content\Config\Diplomacy\Dialogue.xml","Dialogue.original.xml","dialogueOption","DIALOGUE_REQUEST_TRIBUTE_TREASURE_REFUSE_IMMEDIATE_STRONG_1","text","","TEXT.Dialogue.Request.TributeTreasure.Refuse.Immediate.Strong.G.1","65","TextKeyReference","DoNotPatchHere","False","False","","False","This is a key/reference; translate the resolved text entry instead."
"Content\Config\Diplomacy\Dialogue.xml","Dialogue.original.xml","dialogueOption","DIALOGUE_REQUEST_TRIBUTE_TREASURE_REFUSE_IMMEDIATE_STRONG_2","text","","TEXT.Dialogue.Request.TributeTreasure.Refuse.Immediate.Strong.G.2","65","TextKeyReference","DoNotPatchHere","False","False","","False","This is a key/reference; translate the resolved text entry instead."
"Content\Config\Diplomacy\Dialogue.xml","Dialogue.original.xml","dialogue","DIALOGUE_REQUEST_TRIBUTE_TREASURE_FOLLOWUP","generic/dialogueOption/text","0","TEXT.Dialogue.Request.TributeTreasure.FollowUp.G.1","50","TextKeyReference","DoNotPatchHere","False","False","","False","This is a key/reference; translate the resolved text entry instead."
"Content\Config\Diplomacy\Dialogue.xml","Dialogue.original.xml","dialogue","DIALOGUE_REQUEST_TRIBUTE_TREASURE_FOLLOWUP","generic/dialogueOption/text","1","TEXT.Dialogue.Request.TributeTreasure.FollowUp.G.2","50","TextKeyReference","DoNotPatchHere","False","False","","False","This is a key/reference; translate the resolved text entry instead."
"Content\Config\Diplomacy\Dialogue.xml","Dialogue.original.xml","dialogueOption","DIALOGUE_REQUEST_TRIBUTE_TREASURE_FOLLOWUP_1","text","","TEXT.Dialogue.Request.TributeTreasure.FollowUp.G.1","50","TextKeyReference","DoNotPatchHere","False","False","","False","This is a key/reference; translate the resolved text entry instead."
"Content\Config\Diplomacy\Dialogue.xml","Dialogue.original.xml","dialogueOption","DIALOGUE_REQUEST_TRIBUTE_TREASURE_FOLLOWUP_2","text","","TEXT.Dialogue.Request.TributeTreasure.FollowUp.G.2","50","TextKeyReference","DoNotPatchHere","False","False","","False","This is a key/reference; translate the resolved text entry instead."
"Content\Config\Diplomacy\Dialogue.xml","Dialogue.original.xml","dialogue","DIALOGUE_REQUEST_TRIBUTE_TREASURE_ACCEPT","generic/dialogueOption/text","0","TEXT.Dialogue.Request.TributeTreasure.Accept.G.1","48","TextKeyReference","DoNotPatchHere","False","False","","False","This is a key/reference; translate the resolved text entry instead."
"Content\Config\Diplomacy\Dialogue.xml","Dialogue.original.xml","dialogue","DIALOGUE_REQUEST_TRIBUTE_TREASURE_ACCEPT","generic/dialogueOption/text","1","TEXT.Dialogue.Request.TributeTreasure.Accept.G.2","48","TextKeyReference","DoNotPatchHere","False","False","","False","This is a key/reference; translate the resolved text entry instead."
"Content\Config\Diplomacy\Dialogue.xml","Dialogue.original.xml","dialogueOption","DIALOGUE_REQUEST_TRIBUTE_TREASURE_ACCEPT_1","text","","TEXT.Dialogue.Request.TributeTreasure.Accept.G.1","48","TextKeyReference","DoNotPatchHere","False","False","","False","This is a key/reference; translate the resolved text entry instead."
"Content\Config\Diplomacy\Dialogue.xml","Dialogue.original.xml","dialogueOption","DIALOGUE_REQUEST_TRIBUTE_TREASURE_ACCEPT_2","text","","TEXT.Dialogue.Request.TributeTreasure.Accept.G.2","48","TextKeyReference","DoNotPatchHere","False","False","","False","This is a key/reference; translate the resolved text entry instead."
"Content\Config\Diplomacy\Dialogue.xml","Dialogue.original.xml","dialogue","DIALOGUE_REQUEST_TRIBUTE_TREASURE_REFUSE_DELAYED_WEAK","generic/dialogueOption/text","0","TEXT.Dialogue.Request.TributeTreasure.Refuse.Delayed.Weak.G.1","61","TextKeyReference","DoNotPatchHere","False","False","","False","This is a key/reference; translate the resolved text entry instead."
"Content\Config\Diplomacy\Dialogue.xml","Dialogue.original.xml","dialogue","DIALOGUE_REQUEST_TRIBUTE_TREASURE_REFUSE_DELAYED_WEAK","generic/dialogueOption/text","1","TEXT.Dialogue.Request.TributeTreasure.Refuse.Delayed.Weak.G.2","61","TextKeyReference","DoNotPatchHere","False","False","","False","This is a key/reference; translate the resolved text entry instead."
"Content\Config\Diplomacy\Dialogue.xml","Dialogue.original.xml","dialogueOption","DIALOGUE_REQUEST_TRIBUTE_TREASURE_REFUSE_DELAYED_WEAK_1","text","","TEXT.Dialogue.Request.TributeTreasure.Refuse.Delayed.Weak.G.1","61","TextKeyReference","DoNotPatchHere","False","False","","False","This is a key/reference; translate the resolved text entry instead."
"Content\Config\Diplomacy\Dialogue.xml","Dialogue.original.xml","dialogueOption","DIALOGUE_REQUEST_TRIBUTE_TREASURE_REFUSE_DELAYED_WEAK_2","text","","TEXT.Dialogue.Request.TributeTreasure.Refuse.Delayed.Weak.G.2","61","TextKeyReference","DoNotPatchHere","False","False","","False","This is a key/reference; translate the resolved text entry instead."
"Content\Config\Diplomacy\Dialogue.xml","Dialogue.original.xml","dialogue","DIALOGUE_REQUEST_TRIBUTE_TREASURE_REFUSE_DELAYED_STRONG","generic/dialogueOption/text","0","TEXT.Dialogue.Request.TributeTreasure.Refuse.Delayed.Strong.G.1","63","TextKeyReference","DoNotPatchHere","False","False","","False","This is a key/reference; translate the resolved text entry instead."
"Content\Config\Diplomacy\Dialogue.xml","Dialogue.original.xml","dialogue","DIALOGUE_REQUEST_TRIBUTE_TREASURE_REFUSE_DELAYED_STRONG","generic/dialogueOption/text","1","TEXT.Dialogue.Request.TributeTreasure.Refuse.Delayed.Strong.G.2","63","TextKeyReference","DoNotPatchHere","False","False","","False","This is a key/reference; translate the resolved text entry instead."
"Content\Config\Diplomacy\Dialogue.xml","Dialogue.original.xml","dialogueOption","DIALOGUE_REQUEST_TRIBUTE_TREASURE_REFUSE_DELAYED_STRONG_1","text","","TEXT.Dialogue.Request.TributeTreasure.Refuse.Delayed.Strong.G.1","63","TextKeyReference","DoNotPatchHere","False","False","","False","This is a key/reference; translate the resolved text entry instead."
"Content\Config\Diplomacy\Dialogue.xml","Dialogue.original.xml","dialogueOption","DIALOGUE_REQUEST_TRIBUTE_TREASURE_REFUSE_DELAYED_STRONG_2","text","","TEXT.Dialogue.Request.TributeTreasure.Refuse.Delayed.Strong.G.2","63","TextKeyReference","DoNotPatchHere","False","False","","False","This is a key/reference; translate the resolved text entry instead."
"Content\Config\Diplomacy\Dialogue.xml","Dialogue.original.xml","dialogue","DIALOGUE_REQUEST_TRIBUTE_FOOD","generic/dialogueOption/text","0","TEXT.Dialogue.Request.TributeFood.G.1","37","TextKeyReference","DoNotPatchHere","False","False","","False","This is a key/reference; translate the resolved text entry instead."
"Content\Config\Diplomacy\Dialogue.xml","Dialogue.original.xml","dialogue","DIALOGUE_REQUEST_TRIBUTE_FOOD","generic/dialogueOption/text","1","TEXT.Dialogue.Request.TributeFood.G.2","37","TextKeyReference","DoNotPatchHere","False","False","","False","This is a key/reference; translate the resolved text entry instead."
"Content\Config\Diplomacy\Dialogue.xml","Dialogue.original.xml","dialogueOption","DIALOGUE_REQUEST_TRIBUTE_FOOD_1","text","","TEXT.Dialogue.Request.TributeFood.G.1","37","TextKeyReference","DoNotPatchHere","False","False","","False","This is a key/reference; translate the resolved text entry instead."
"Content\Config\Diplomacy\Dialogue.xml","Dialogue.original.xml","dialogueOption","DIALOGUE_REQUEST_TRIBUTE_FOOD_2","text","","TEXT.Dialogue.Request.TributeFood.G.2","37","TextKeyReference","DoNotPatchHere","False","False","","False","This is a key/reference; translate the resolved text entry instead."
"Content\Config\Diplomacy\Dialogue.xml","Dialogue.original.xml","dialogue","DIALOGUE_REQUEST_TRIBUTE_FOOD_OK","generic/dialogueOption/text","0","TEXT.Dialogue.Request.TributeFood.OK.G.1","40","TextKeyReference","DoNotPatchHere","False","False","","False","This is a key/reference; translate the resolved text entry instead."
"Content\Config\Diplomacy\Dialogue.xml","Dialogue.original.xml","dialogue","DIALOGUE_REQUEST_TRIBUTE_FOOD_OK","generic/dialogueOption/text","1","TEXT.Dialogue.Request.TributeFood.OK.G.2","40","TextKeyReference","DoNotPatchHere","False","False","","False","This is a key/reference; translate the resolved text entry instead."
"Content\Config\Diplomacy\Dialogue.xml","Dialogue.original.xml","dialogueOption","DIALOGUE_REQUEST_TRIBUTE_FOOD_OK_1","text","","TEXT.Dialogue.Request.TributeFood.OK.G.1","40","TextKeyReference","DoNotPatchHere","False","False","","False","This is a key/reference; translate the resolved text entry instead."
"Content\Config\Diplomacy\Dialogue.xml","Dialogue.original.xml","dialogueOption","DIALOGUE_REQUEST_TRIBUTE_FOOD_OK_2","text","","TEXT.Dialogue.Request.TributeFood.OK.G.2","40","TextKeyReference","DoNotPatchHere","False","False","","False","This is a key/reference; translate the resolved text entry instead."
"Content\Config\Diplomacy\Dialogue.xml","Dialogue.original.xml","dialogue","DIALOGUE_REQUEST_TRIBUTE_FOOD_REFUSE_IMMEDIATE_WEAK","generic/dialogueOption/text","0","TEXT.Dialogue.Request.TributeFood.Refuse.Immediate.Weak.G.1","59","TextKeyReference","DoNotPatchHere","False","False","","False","This is a key/reference; translate the resolved text entry instead."
"Content\Config\Diplomacy\Dialogue.xml","Dialogue.original.xml","dialogue","DIALOGUE_REQUEST_TRIBUTE_FOOD_REFUSE_IMMEDIATE_WEAK","generic/dialogueOption/text","1","TEXT.Dialogue.Request.TributeFood.Refuse.Immediate.Weak.G.2","59","TextKeyReference","DoNotPatchHere","False","False","","False","This is a key/reference; translate the resolved text entry instead."
"Content\Config\Diplomacy\Dialogue.xml","Dialogue.original.xml","dialogueOption","DIALOGUE_REQUEST_TRIBUTE_FOOD_REFUSE_IMMEDIATE_WEAK_1","text","","TEXT.Dialogue.Request.TributeFood.Refuse.Immediate.Weak.G.1","59","TextKeyReference","DoNotPatchHere","False","False","","False","This is a key/reference; translate the resolved text entry instead."
"Content\Config\Diplomacy\Dialogue.xml","Dialogue.original.xml","dialogueOption","DIALOGUE_REQUEST_TRIBUTE_FOOD_REFUSE_IMMEDIATE_WEAK_2","text","","TEXT.Dialogue.Request.TributeFood.Refuse.Immediate.Weak.G.2","59","TextKeyReference","DoNotPatchHere","False","False","","False","This is a key/reference; translate the resolved text entry instead."
"Content\Config\Diplomacy\Dialogue.xml","Dialogue.original.xml","dialogue","DIALOGUE_REQUEST_TRIBUTE_FOOD_REFUSE_IMMEDIATE_STRONG","generic/dialogueOption/text","0","TEXT.Dialogue.Request.TributeFood.Refuse.Immediate.Strong.G.1","61","TextKeyReference","DoNotPatchHere","False","False","","False","This is a key/reference; translate the resolved text entry instead."
"Content\Config\Diplomacy\Dialogue.xml","Dialogue.original.xml","dialogue","DIALOGUE_REQUEST_TRIBUTE_FOOD_REFUSE_IMMEDIATE_STRONG","generic/dialogueOption/text","1","TEXT.Dialogue.Request.TributeFood.Refuse.Immediate.Strong.G.2","61","TextKeyReference","DoNotPatchHere","False","False","","False","This is a key/reference; translate the resolved text entry instead."
"Content\Config\Diplomacy\Dialogue.xml","Dialogue.original.xml","dialogueOption","DIALOGUE_REQUEST_TRIBUTE_FOOD_REFUSE_IMMEDIATE_STRONG_1","text","","TEXT.Dialogue.Request.TributeFood.Refuse.Immediate.Strong.G.1","61","TextKeyReference","DoNotPatchHere","False","False","","False","This is a key/reference; translate the resolved text entry instead."
"Content\Config\Diplomacy\Dialogue.xml","Dialogue.original.xml","dialogueOption","DIALOGUE_REQUEST_TRIBUTE_FOOD_REFUSE_IMMEDIATE_STRONG_2","text","","TEXT.Dialogue.Request.TributeFood.Refuse.Immediate.Strong.G.2","61","TextKeyReference","DoNotPatchHere","False","False","","False","This is a key/reference; translate the resolved text entry instead."
"Content\Config\Diplomacy\Dialogue.xml","Dialogue.original.xml","dialogue","DIALOGUE_REQUEST_TRIBUTE_FOOD_FOLLOWUP","generic/dialogueOption/text","0","TEXT.Dialogue.Request.TributeFood.FollowUp.G.1","46","TextKeyReference","DoNotPatchHere","False","False","","False","This is a key/reference; translate the resolved text entry instead."
"Content\Config\Diplomacy\Dialogue.xml","Dialogue.original.xml","dialogue","DIALOGUE_REQUEST_TRIBUTE_FOOD_FOLLOWUP","generic/dialogueOption/text","1","TEXT.Dialogue.Request.TributeFood.FollowUp.G.2","46","TextKeyReference","DoNotPatchHere","False","False","","False","This is a key/reference; translate the resolved text entry instead."
"Content\Config\Diplomacy\Dialogue.xml","Dialogue.original.xml","dialogueOption","DIALOGUE_REQUEST_TRIBUTE_FOOD_FOLLOWUP_1","text","","TEXT.Dialogue.Request.TributeFood.FollowUp.G.1","46","TextKeyReference","DoNotPatchHere","False","False","","False","This is a key/reference; translate the resolved text entry instead."
"Content\Config\Diplomacy\Dialogue.xml","Dialogue.original.xml","dialogueOption","DIALOGUE_REQUEST_TRIBUTE_FOOD_FOLLOWUP_2","text","","TEXT.Dialogue.Request.TributeFood.FollowUp.G.2","46","TextKeyReference","DoNotPatchHere","False","False","","False","This is a key/reference; translate the resolved text entry instead."
"Content\Config\Diplomacy\Dialogue.xml","Dialogue.original.xml","dialogue","DIALOGUE_REQUEST_TRIBUTE_FOOD_ACCEPT","generic/dialogueOption/text","0","TEXT.Dialogue.Request.TributeFood.Accept.G.1","44","TextKeyReference","DoNotPatchHere","False","False","","False","This is a key/reference; translate the resolved text entry instead."
"Content\Config\Diplomacy\Dialogue.xml","Dialogue.original.xml","dialogue","DIALOGUE_REQUEST_TRIBUTE_FOOD_ACCEPT","generic/dialogueOption/text","1","TEXT.Dialogue.Request.TributeFood.Accept.G.2","44","TextKeyReference","DoNotPatchHere","False","False","","False","This is a key/reference; translate the resolved text entry instead."
"Content\Config\Diplomacy\Dialogue.xml","Dialogue.original.xml","dialogueOption","DIALOGUE_REQUEST_TRIBUTE_FOOD_ACCEPT_1","text","","TEXT.Dialogue.Request.TributeFood.Accept.G.1","44","TextKeyReference","DoNotPatchHere","False","False","","False","This is a key/reference; translate the resolved text entry instead."
"Content\Config\Diplomacy\Dialogue.xml","Dialogue.original.xml","dialogueOption","DIALOGUE_REQUEST_TRIBUTE_FOOD_ACCEPT_2","text","","TEXT.Dialogue.Request.TributeFood.Accept.G.2","44","TextKeyReference","DoNotPatchHere","False","False","","False","This is a key/reference; translate the resolved text entry instead."
"Content\Config\Diplomacy\Dialogue.xml","Dialogue.original.xml","dialogue","DIALOGUE_REQUEST_TRIBUTE_FOOD_REFUSE_DELAYED_WEAK","generic/dialogueOption/text","0","TEXT.Dialogue.Request.TributeFood.Refuse.Delayed.Weak.G.1","57","TextKeyReference","DoNotPatchHere","False","False","","False","This is a key/reference; translate the resolved text entry instead."
"Content\Config\Diplomacy\Dialogue.xml","Dialogue.original.xml","dialogue","DIALOGUE_REQUEST_TRIBUTE_FOOD_REFUSE_DELAYED_WEAK","generic/dialogueOption/text","1","TEXT.Dialogue.Request.TributeFood.Refuse.Delayed.Weak.G.2","57","TextKeyReference","DoNotPatchHere","False","False","","False","This is a key/reference; translate the resolved text entry instead."
"Content\Config\Diplomacy\Dialogue.xml","Dialogue.original.xml","dialogueOption","DIALOGUE_REQUEST_TRIBUTE_FOOD_REFUSE_DELAYED_WEAK_1","text","","TEXT.Dialogue.Request.TributeFood.Refuse.Delayed.Weak.G.1","57","TextKeyReference","DoNotPatchHere","False","False","","False","This is a key/reference; translate the resolved text entry instead."
"Content\Config\Diplomacy\Dialogue.xml","Dialogue.original.xml","dialogueOption","DIALOGUE_REQUEST_TRIBUTE_FOOD_REFUSE_DELAYED_WEAK_2","text","","TEXT.Dialogue.Request.TributeFood.Refuse.Delayed.Weak.G.2","57","TextKeyReference","DoNotPatchHere","False","False","","False","This is a key/reference; translate the resolved text entry instead."
"Content\Config\Diplomacy\Dialogue.xml","Dialogue.original.xml","dialogue","DIALOGUE_REQUEST_TRIBUTE_FOOD_REFUSE_DELAYED_STRONG","generic/dialogueOption/text","0","TEXT.Dialogue.Request.TributeFood.Refuse.Delayed.Strong.G.1","59","TextKeyReference","DoNotPatchHere","False","False","","False","This is a key/reference; translate the resolved text entry instead."
"Content\Config\Diplomacy\Dialogue.xml","Dialogue.original.xml","dialogue","DIALOGUE_REQUEST_TRIBUTE_FOOD_REFUSE_DELAYED_STRONG","generic/dialogueOption/text","1","TEXT.Dialogue.Request.TributeFood.Refuse.Delayed.Strong.G.2","59","TextKeyReference","DoNotPatchHere","False","False","","False","This is a key/reference; translate the resolved text entry instead."
"Content\Config\Diplomacy\Dialogue.xml","Dialogue.original.xml","dialogueOption","DIALOGUE_REQUEST_TRIBUTE_FOOD_REFUSE_DELAYED_STRONG_1","text","","TEXT.Dialogue.Request.TributeFood.Refuse.Delayed.Strong.G.1","59","TextKeyReference","DoNotPatchHere","False","False","","False","This is a key/reference; translate the resolved text entry instead."
"Content\Config\Diplomacy\Dialogue.xml","Dialogue.original.xml","dialogueOption","DIALOGUE_REQUEST_TRIBUTE_FOOD_REFUSE_DELAYED_STRONG_2","text","","TEXT.Dialogue.Request.TributeFood.Refuse.Delayed.Strong.G.2","59","TextKeyReference","DoNotPatchHere","False","False","","False","This is a key/reference; translate the resolved text entry instead."
"Content\Config\Diplomacy\Dialogue.xml","Dialogue.original.xml","dialogue","DIALOGUE_INTERACTION_BORDERINTRUSIONWARNING","generic/dialogueOption/text","0","TEXT.Dialogue.Interaction.BorderIntrusionWarning.G.1","52","TextKeyReference","DoNotPatchHere","False","False","","False","This is a key/reference; translate the resolved text entry instead."
"Content\Config\Diplomacy\Dialogue.xml","Dialogue.original.xml","dialogue","DIALOGUE_INTERACTION_BORDERINTRUSIONWARNING","generic/dialogueOption/text","1","TEXT.Dialogue.Interaction.BorderIntrusionWarning.G.2","52","TextKeyReference","DoNotPatchHere","False","False","","False","This is a key/reference; translate the resolved text entry instead."
"Content\Config\Diplomacy\Dialogue.xml","Dialogue.original.xml","dialogueOption","DIALOGUE_INTERACTION_BORDERINTRUSIONWARNING_1","text","","TEXT.Dialogue.Interaction.BorderIntrusionWarning.G.1","52","TextKeyReference","DoNotPatchHere","False","False","","False","This is a key/reference; translate the resolved text entry instead."
"Content\Config\Diplomacy\Dialogue.xml","Dialogue.original.xml","dialogueOption","DIALOGUE_INTERACTION_BORDERINTRUSIONWARNING_2","text","","TEXT.Dialogue.Interaction.BorderIntrusionWarning.G.2","52","TextKeyReference","DoNotPatchHere","False","False","","False","This is a key/reference; translate the resolved text entry instead."
"Content\Config\Diplomacy\Dialogue.xml","Dialogue.original.xml","dialogue","DIALOGUE_INTERACTION_TOOCLOSEWARNING","generic/dialogueOption/text","0","TEXT.Dialogue.Interaction.TooCloseWarning.G.1","45","TextKeyReference","DoNotPatchHere","False","False","","False","This is a key/reference; translate the resolved text entry instead."
"Content\Config\Diplomacy\Dialogue.xml","Dialogue.original.xml","dialogue","DIALOGUE_INTERACTION_TOOCLOSEWARNING","generic/dialogueOption/text","1","TEXT.Dialogue.Interaction.TooCloseWarning.G.2","45","TextKeyReference","DoNotPatchHere","False","False","","False","This is a key/reference; translate the resolved text entry instead."
"Content\Config\Diplomacy\Dialogue.xml","Dialogue.original.xml","dialogueOption","DIALOGUE_INTERACTION_TOOCLOSEWARNING_1","text","","TEXT.Dialogue.Interaction.TooCloseWarning.G.1","45","TextKeyReference","DoNotPatchHere","False","False","","False","This is a key/reference; translate the resolved text entry instead."
"Content\Config\Diplomacy\Dialogue.xml","Dialogue.original.xml","dialogueOption","DIALOGUE_INTERACTION_TOOCLOSEWARNING_2","text","","TEXT.Dialogue.Interaction.TooCloseWarning.G.2","45","TextKeyReference","DoNotPatchHere","False","False","","False","This is a key/reference; translate the resolved text entry instead."
"Content\Config\Diplomacy\Dialogue.xml","Dialogue.original.xml","dialogue","DIALOGUE_INTERACTION_TOOCLOSEWARNING_ACCEPT","generic/dialogueOption/text","0","TEXT.Dialogue.Interaction.TooCloseWarning.Accept.G.1","52","TextKeyReference","DoNotPatchHere","False","False","","False","This is a key/reference; translate the resolved text entry instead."
"Content\Config\Diplomacy\Dialogue.xml","Dialogue.original.xml","dialogue","DIALOGUE_INTERACTION_TOOCLOSEWARNING_ACCEPT","generic/dialogueOption/text","1","TEXT.Dialogue.Interaction.TooCloseWarning.Accept.G.2","52","TextKeyReference","DoNotPatchHere","False","False","","False","This is a key/reference; translate the resolved text entry instead."
"Content\Config\Diplomacy\Dialogue.xml","Dialogue.original.xml","dialogueOption","DIALOGUE_INTERACTION_TOOCLOSEWARNING_ACCEPT_1","text","","TEXT.Dialogue.Interaction.TooCloseWarning.Accept.G.1","52","TextKeyReference","DoNotPatchHere","False","False","","False","This is a key/reference; translate the resolved text entry instead."
"Content\Config\Diplomacy\Dialogue.xml","Dialogue.original.xml","dialogueOption","DIALOGUE_INTERACTION_TOOCLOSEWARNING_ACCEPT_2","text","","TEXT.Dialogue.Interaction.TooCloseWarning.Accept.G.2","52","TextKeyReference","DoNotPatchHere","False","False","","False","This is a key/reference; translate the resolved text entry instead."
"Content\Config\Diplomacy\Dialogue.xml","Dialogue.original.xml","dialogue","DIALOGUE_INTERACTION_TOOCLOSEWARNING_REFUSEWEAK","generic/dialogueOption/text","0","TEXT.Dialogue.Interaction.TooCloseWarning.RefuseWeak.G.1","56","TextKeyReference","DoNotPatchHere","False","False","","False","This is a key/reference; translate the resolved text entry instead."
"Content\Config\Diplomacy\Dialogue.xml","Dialogue.original.xml","dialogue","DIALOGUE_INTERACTION_TOOCLOSEWARNING_REFUSEWEAK","generic/dialogueOption/text","1","TEXT.Dialogue.Interaction.TooCloseWarning.RefuseWeak.G.2","56","TextKeyReference","DoNotPatchHere","False","False","","False","This is a key/reference; translate the resolved text entry instead."
"Content\Config\Diplomacy\Dialogue.xml","Dialogue.original.xml","dialogueOption","DIALOGUE_INTERACTION_TOOCLOSEWARNING_REFUSEWEAK_1","text","","TEXT.Dialogue.Interaction.TooCloseWarning.RefuseWeak.G.1","56","TextKeyReference","DoNotPatchHere","False","False","","False","This is a key/reference; translate the resolved text entry instead."
"Content\Config\Diplomacy\Dialogue.xml","Dialogue.original.xml","dialogueOption","DIALOGUE_INTERACTION_TOOCLOSEWARNING_REFUSEWEAK_2","text","","TEXT.Dialogue.Interaction.TooCloseWarning.RefuseWeak.G.2","56","TextKeyReference","DoNotPatchHere","False","False","","False","This is a key/reference; translate the resolved text entry instead."
"Content\Config\Diplomacy\Dialogue.xml","Dialogue.original.xml","dialogue","DIALOGUE_INTERACTION_TOOCLOSEWARNING_REFUSESTRONG","generic/dialogueOption/text","0","TEXT.Dialogue.Interaction.TooCloseWarning.RefuseStrong.G.1","58","TextKeyReference","DoNotPatchHere","False","False","","False","This is a key/reference; translate the resolved text entry instead."
"Content\Config\Diplomacy\Dialogue.xml","Dialogue.original.xml","dialogue","DIALOGUE_INTERACTION_TOOCLOSEWARNING_REFUSESTRONG","generic/dialogueOption/text","1","TEXT.Dialogue.Interaction.TooCloseWarning.RefuseStrong.G.2","58","TextKeyReference","DoNotPatchHere","False","False","","False","This is a key/reference; translate the resolved text entry instead."
"Content\Config\Diplomacy\Dialogue.xml","Dialogue.original.xml","dialogueOption","DIALOGUE_INTERACTION_TOOCLOSEWARNING_REFUSESTRONG_1","text","","TEXT.Dialogue.Interaction.TooCloseWarning.RefuseStrong.G.1","58","TextKeyReference","DoNotPatchHere","False","False","","False","This is a key/reference; translate the resolved text entry instead."
"Content\Config\Diplomacy\Dialogue.xml","Dialogue.original.xml","dialogueOption","DIALOGUE_INTERACTION_TOOCLOSEWARNING_REFUSESTRONG_2","text","","TEXT.Dialogue.Interaction.TooCloseWarning.RefuseStrong.G.2","58","TextKeyReference","DoNotPatchHere","False","False","","False","This is a key/reference; translate the resolved text entry instead."
"Content\Config\Diplomacy\Dialogue.xml","Dialogue.original.xml","dialogue","DIALOGUE_INTERACTION_STAYAWAYPROMISEBROKEN","generic/dialogueOption/text","0","TEXT.Dialogue.Interaction.StayAwayPromiseBroken.G.1","51","TextKeyReference","DoNotPatchHere","False","False","","False","This is a key/reference; translate the resolved text entry instead."
"Content\Config\Diplomacy\Dialogue.xml","Dialogue.original.xml","dialogue","DIALOGUE_INTERACTION_STAYAWAYPROMISEBROKEN","generic/dialogueOption/text","1","TEXT.Dialogue.Interaction.StayAwayPromiseBroken.G.2","51","TextKeyReference","DoNotPatchHere","False","False","","False","This is a key/reference; translate the resolved text entry instead."
"Content\Config\Diplomacy\Dialogue.xml","Dialogue.original.xml","dialogueOption","DIALOGUE_INTERACTION_STAYAWAYPROMISEBROKEN_1","text","","TEXT.Dialogue.Interaction.StayAwayPromiseBroken.G.1","51","TextKeyReference","DoNotPatchHere","False","False","","False","This is a key/reference; translate the resolved text entry instead."
"Content\Config\Diplomacy\Dialogue.xml","Dialogue.original.xml","dialogueOption","DIALOGUE_INTERACTION_STAYAWAYPROMISEBROKEN_2","text","","TEXT.Dialogue.Interaction.StayAwayPromiseBroken.G.2","51","TextKeyReference","DoNotPatchHere","False","False","","False","This is a key/reference; translate the resolved text entry instead."
"Content\Config\Diplomacy\DiploActions.xml","DiploActions.original.xml","diploAction","DIPLO_ACTION_DECLARE_WAR","name","","TEXT.Name.DiploAction.DeclareWar","32","TextKeyReference","DoNotPatchHere","False","False","","False","This is a key/reference; translate the resolved text entry instead."
"Content\Config\Diplomacy\DiploActions.xml","DiploActions.original.xml","diploAction","DIPLO_ACTION_DECLARE_WAR","description","","TEXT.Description.DiploAction.DeclareWar","39","TextKeyReference","DoNotPatchHere","False","False","","False","This is a key/reference; translate the resolved text entry instead."
"Content\Config\Diplomacy\DiploApproaches.xml","DiploApproaches.original.xml","approach","APPROACH_WAR_ACTIVE","name","","TEXT.Name.DiploApproach.War.Active","34","TextKeyReference","DoNotPatchHere","False","False","","False","This is a key/reference; translate the resolved text entry instead."
"Content\Config\Diplomacy\DiploApproaches.xml","DiploApproaches.original.xml","approach","APPROACH_WAR_ACTIVE","description","","TEXT.Description.DiploApproach.War.Active","41","TextKeyReference","DoNotPatchHere","False","False","","False","This is a key/reference; translate the resolved text entry instead."
"Content\Config\Diplomacy\DiploApproaches.xml","DiploApproaches.original.xml","approach","APPROACH_WAR_PLANNING","name","","TEXT.Name.DiploApproach.War.Planning","36","TextKeyReference","DoNotPatchHere","False","False","","False","This is a key/reference; translate the resolved text entry instead."
"Content\Config\Diplomacy\DiploApproaches.xml","DiploApproaches.original.xml","approach","APPROACH_WAR_PLANNING","description","","TEXT.Description.DiploApproach.War.Planning","43","TextKeyReference","DoNotPatchHere","False","False","","False","This is a key/reference; translate the resolved text entry instead."
"Content\Config\Diplomacy\DiploApproaches.xml","DiploApproaches.original.xml","approach","APPROACH_ENEMY","name","","TEXT.Name.DiploApproach.Enemy","29","TextKeyReference","DoNotPatchHere","False","False","","False","This is a key/reference; translate the resolved text entry instead."
"Content\Config\Diplomacy\DiploApproaches.xml","DiploApproaches.original.xml","approach","APPROACH_ENEMY","description","","TEXT.Description.DiploApproach.Enemy","36","TextKeyReference","DoNotPatchHere","False","False","","False","This is a key/reference; translate the resolved text entry instead."
"Content\Config\Diplomacy\DiploApproaches.xml","DiploApproaches.original.xml","approach","APPROACH_ADVERSARY","name","","TEXT.Name.DiploApproach.Adversary","33","TextKeyReference","DoNotPatchHere","False","False","","False","This is a key/reference; translate the resolved text entry instead."
"Content\Config\Diplomacy\DiploApproaches.xml","DiploApproaches.original.xml","approach","APPROACH_ADVERSARY","description","","TEXT.Description.DiploApproach.Adversary","40","TextKeyReference","DoNotPatchHere","False","False","","False","This is a key/reference; translate the resolved text entry instead."
"Content\Config\Diplomacy\DiploApproaches.xml","DiploApproaches.original.xml","approach","APPROACH_BULLY_ACTIVE","name","","TEXT.Name.DiploApproach.Bully.Active","36","TextKeyReference","DoNotPatchHere","False","False","","False","This is a key/reference; translate the resolved text entry instead."
"Content\Config\Diplomacy\DiploApproaches.xml","DiploApproaches.original.xml","approach","APPROACH_BULLY_ACTIVE","description","","TEXT.Description.DiploApproach.Bully.Active","43","TextKeyReference","DoNotPatchHere","False","False","","False","This is a key/reference; translate the resolved text entry instead."
"Content\Config\Diplomacy\DiploApproaches.xml","DiploApproaches.original.xml","approach","APPROACH_BULLY_INACTIVE","name","","TEXT.Name.DiploApproach.Bully.Inactive","38","TextKeyReference","DoNotPatchHere","False","False","","False","This is a key/reference; translate the resolved text entry instead."
"Content\Config\Diplomacy\DiploApproaches.xml","DiploApproaches.original.xml","approach","APPROACH_BULLY_INACTIVE","description","","TEXT.Description.DiploApproach.Bully.Inactive","45","TextKeyReference","DoNotPatchHere","False","False","","False","This is a key/reference; translate the resolved text entry instead."
"Content\Config\Diplomacy\DiploApproaches.xml","DiploApproaches.original.xml","approach","APPROACH_IGNORE","name","","TEXT.Name.DiploApproach.Ignore","30","TextKeyReference","DoNotPatchHere","False","False","","False","This is a key/reference; translate the resolved text entry instead."
"Content\Config\Diplomacy\DiploApproaches.xml","DiploApproaches.original.xml","approach","APPROACH_IGNORE","description","","TEXT.Description.DiploApproach.Ignore","37","TextKeyReference","DoNotPatchHere","False","False","","False","This is a key/reference; translate the resolved text entry instead."
"Content\Config\Diplomacy\DiploApproaches.xml","DiploApproaches.original.xml","approach","APPROACH_DECEIVE","name","","TEXT.Name.DiploApproach.Deceive","31","TextKeyReference","DoNotPatchHere","False","False","","False","This is a key/reference; translate the resolved text entry instead."
"Content\Config\Diplomacy\DiploApproaches.xml","DiploApproaches.original.xml","approach","APPROACH_DECEIVE","description","","TEXT.Description.DiploApproach.Deceive","38","TextKeyReference","DoNotPatchHere","False","False","","False","This is a key/reference; translate the resolved text entry instead."
"Content\Config\Diplomacy\DiploApproaches.xml","DiploApproaches.original.xml","approach","APPROACH_APPEASE","name","","TEXT.Name.DiploApproach.Appease","31","TextKeyReference","DoNotPatchHere","False","False","","False","This is a key/reference; translate the resolved text entry instead."
"Content\Config\Diplomacy\DiploApproaches.xml","DiploApproaches.original.xml","approach","APPROACH_APPEASE","description","","TEXT.Description.DiploApproach.Appease","38","TextKeyReference","DoNotPatchHere","False","False","","False","This is a key/reference; translate the resolved text entry instead."
"Content\Config\Diplomacy\DiploApproaches.xml","DiploApproaches.original.xml","approach","APPROACH_PARTNER","name","","TEXT.Name.DiploApproach.Partner","31","TextKeyReference","DoNotPatchHere","False","False","","False","This is a key/reference; translate the resolved text entry instead."
"Content\Config\Diplomacy\DiploApproaches.xml","DiploApproaches.original.xml","approach","APPROACH_PARTNER","description","","TEXT.Description.DiploApproach.Partner","38","TextKeyReference","DoNotPatchHere","False","False","","False","This is a key/reference; translate the resolved text entry instead."
"Content\Config\Diplomacy\DiploApproaches.xml","DiploApproaches.original.xml","approach","APPROACH_SUPPORT","name","","TEXT.Name.DiploApproach.Support","31","TextKeyReference","DoNotPatchHere","False","False","","False","This is a key/reference; translate the resolved text entry instead."
"Content\Config\Diplomacy\DiploApproaches.xml","DiploApproaches.original.xml","approach","APPROACH_SUPPORT","description","","TEXT.Description.DiploApproach.Support","38","TextKeyReference","DoNotPatchHere","False","False","","False","This is a key/reference; translate the resolved text entry instead."
"Content\Config\Diplomacy\DiploApproaches.xml","DiploApproaches.original.xml","approach","APPROACH_FRIEND","name","","TEXT.Name.DiploApproach.Friend","30","TextKeyReference","DoNotPatchHere","False","False","","False","This is a key/reference; translate the resolved text entry instead."
"Content\Config\Diplomacy\DiploApproaches.xml","DiploApproaches.original.xml","approach","APPROACH_FRIEND","description","","TEXT.Description.DiploApproach.Friend","37","TextKeyReference","DoNotPatchHere","False","False","","False","This is a key/reference; translate the resolved text entry instead."
"Content\Config\Diplomacy\DiploApproaches.xml","DiploApproaches.original.xml","approach","APPROACH_ALLY","name","","TEXT.Name.DiploApproach.Ally","28","TextKeyReference","DoNotPatchHere","False","False","","False","This is a key/reference; translate the resolved text entry instead."
"Content\Config\Diplomacy\DiploApproaches.xml","DiploApproaches.original.xml","approach","APPROACH_ALLY","description","","TEXT.Description.DiploApproach.Ally","35","TextKeyReference","DoNotPatchHere","False","False","","False","This is a key/reference; translate the resolved text entry instead."
"Content\Config\Diplomacy\DiploApproaches.xml","DiploApproaches.original.xml","approach","APPROACH_ROMAN_WAR","name","","TEXT.Name.DiploApproach.War.Active","34","TextKeyReference","DoNotPatchHere","False","False","","False","This is a key/reference; translate the resolved text entry instead."
"Content\Config\Diplomacy\DiploApproaches.xml","DiploApproaches.original.xml","approach","APPROACH_ROMAN_WAR","description","","TEXT.Description.DiploApproach.War.Active","41","TextKeyReference","DoNotPatchHere","False","False","","False","This is a key/reference; translate the resolved text entry instead."
"Content\Config\Diplomacy\DiploApproaches.xml","DiploApproaches.original.xml","approach","APPROACH_ROMAN_FURIOUS","name","","TEXT.Name.DiploApproach.Roman.Furious","37","TextKeyReference","DoNotPatchHere","False","False","","False","This is a key/reference; translate the resolved text entry instead."
"Content\Config\Diplomacy\DiploApproaches.xml","DiploApproaches.original.xml","approach","APPROACH_ROMAN_FURIOUS","description","","TEXT.Description.DiploApproach.Roman.Furious","44","TextKeyReference","DoNotPatchHere","False","False","","False","This is a key/reference; translate the resolved text entry instead."
"Content\Config\Diplomacy\DiploApproaches.xml","DiploApproaches.original.xml","approach","APPROACH_ROMAN_ANGRY","name","","TEXT.Name.DiploApproach.Roman.Angry","35","TextKeyReference","DoNotPatchHere","False","False","","False","This is a key/reference; translate the resolved text entry instead."
"Content\Config\Diplomacy\DiploApproaches.xml","DiploApproaches.original.xml","approach","APPROACH_ROMAN_ANGRY","description","","TEXT.Description.DiploApproach.Roman.Angry","42","TextKeyReference","DoNotPatchHere","False","False","","False","This is a key/reference; translate the resolved text entry instead."
"Content\Config\Diplomacy\DiploApproaches.xml","DiploApproaches.original.xml","approach","APPROACH_ROMAN_UPSET","name","","TEXT.Name.DiploApproach.Roman.Upset","35","TextKeyReference","DoNotPatchHere","False","False","","False","This is a key/reference; translate the resolved text entry instead."
"Content\Config\Diplomacy\DiploApproaches.xml","DiploApproaches.original.xml","approach","APPROACH_ROMAN_UPSET","description","","TEXT.Description.DiploApproach.Roman.Upset","42","TextKeyReference","DoNotPatchHere","False","False","","False","This is a key/reference; translate the resolved text entry instead."
"Content\Config\Diplomacy\FirstMeetingOptions.xml","FirstMeetingOptions.original.xml","firstMeeting","FIRSTMEETING_DEMAND","name","","TEXT.Name.FirstMeeting.Demand","29","TextKeyReference","DoNotPatchHere","False","False","","False","This is a key/reference; translate the resolved text entry instead."
"Content\Config\Diplomacy\FirstMeetingOptions.xml","FirstMeetingOptions.original.xml","firstMeeting","FIRSTMEETING_DEMAND","description","","TEXT.Description.FirstMeeting.Demand","36","TextKeyReference","DoNotPatchHere","False","False","","False","This is a key/reference; translate the resolved text entry instead."
"Content\Config\Diplomacy\FirstMeetingOptions.xml","FirstMeetingOptions.original.xml","firstMeeting","FIRSTMEETING_DEMAND","responses/response/name","0","TEXT.Name.FirstMeeting.Demand.Accept.Treasure","45","TextKeyReference","DoNotPatchHere","False","False","","False","This is a key/reference; translate the resolved text entry instead."
"Content\Config\Diplomacy\FirstMeetingOptions.xml","FirstMeetingOptions.original.xml","firstMeeting","FIRSTMEETING_DEMAND","responses/response/description","0","TEXT.Description.FirstMeeting.Demand.Accept.Treasure","52","TextKeyReference","DoNotPatchHere","False","False","","False","This is a key/reference; translate the resolved text entry instead."
"Content\Config\Diplomacy\FirstMeetingOptions.xml","FirstMeetingOptions.original.xml","firstMeeting","FIRSTMEETING_DEMAND","responses/response/name","1","TEXT.Name.FirstMeeting.Demand.Accept.Food","41","TextKeyReference","DoNotPatchHere","False","False","","False","This is a key/reference; translate the resolved text entry instead."
"Content\Config\Diplomacy\FirstMeetingOptions.xml","FirstMeetingOptions.original.xml","firstMeeting","FIRSTMEETING_DEMAND","responses/response/description","1","TEXT.Description.FirstMeeting.Demand.Accept.Food","48","TextKeyReference","DoNotPatchHere","False","False","","False","This is a key/reference; translate the resolved text entry instead."
"Content\Config\Diplomacy\FirstMeetingOptions.xml","FirstMeetingOptions.original.xml","firstMeeting","FIRSTMEETING_DEMAND","responses/response/name","2","TEXT.Name.FirstMeeting.Demand.Refuse.Weak","41","TextKeyReference","DoNotPatchHere","False","False","","False","This is a key/reference; translate the resolved text entry instead."
"Content\Config\Diplomacy\FirstMeetingOptions.xml","FirstMeetingOptions.original.xml","firstMeeting","FIRSTMEETING_DEMAND","responses/response/description","2","TEXT.Description.FirstMeeting.Demand.Refuse.Weak","48","TextKeyReference","DoNotPatchHere","False","False","","False","This is a key/reference; translate the resolved text entry instead."
"Content\Config\Diplomacy\FirstMeetingOptions.xml","FirstMeetingOptions.original.xml","firstMeeting","FIRSTMEETING_DEMAND","responses/response/name","3","TEXT.Name.FirstMeeting.Demand.Refuse.Strong","43","TextKeyReference","DoNotPatchHere","False","False","","False","This is a key/reference; translate the resolved text entry instead."
"Content\Config\Diplomacy\FirstMeetingOptions.xml","FirstMeetingOptions.original.xml","firstMeeting","FIRSTMEETING_DEMAND","responses/response/description","3","TEXT.Description.FirstMeeting.Demand.Refuse.Strong","50","TextKeyReference","DoNotPatchHere","False","False","","False","This is a key/reference; translate the resolved text entry instead."
"Content\Config\Diplomacy\FirstMeetingOptions.xml","FirstMeetingOptions.original.xml","response","RESPONSE_FIRSTMEETING_DEMAND_ACCEPT_TREASURE","name","","TEXT.Name.FirstMeeting.Demand.Accept.Treasure","45","TextKeyReference","DoNotPatchHere","False","False","","False","This is a key/reference; translate the resolved text entry instead."
"Content\Config\Diplomacy\FirstMeetingOptions.xml","FirstMeetingOptions.original.xml","response","RESPONSE_FIRSTMEETING_DEMAND_ACCEPT_TREASURE","description","","TEXT.Description.FirstMeeting.Demand.Accept.Treasure","52","TextKeyReference","DoNotPatchHere","False","False","","False","This is a key/reference; translate the resolved text entry instead."
"Content\Config\Diplomacy\FirstMeetingOptions.xml","FirstMeetingOptions.original.xml","response","RESPONSE_FIRSTMEETING_DEMAND_ACCEPT_FOOD","name","","TEXT.Name.FirstMeeting.Demand.Accept.Food","41","TextKeyReference","DoNotPatchHere","False","False","","False","This is a key/reference; translate the resolved text entry instead."
"Content\Config\Diplomacy\FirstMeetingOptions.xml","FirstMeetingOptions.original.xml","response","RESPONSE_FIRSTMEETING_DEMAND_ACCEPT_FOOD","description","","TEXT.Description.FirstMeeting.Demand.Accept.Food","48","TextKeyReference","DoNotPatchHere","False","False","","False","This is a key/reference; translate the resolved text entry instead."
"Content\Config\Diplomacy\FirstMeetingOptions.xml","FirstMeetingOptions.original.xml","response","RESPONSE_FIRSTMEETING_DEMAND_REFUSE_WEAK","name","","TEXT.Name.FirstMeeting.Demand.Refuse.Weak","41","TextKeyReference","DoNotPatchHere","False","False","","False","This is a key/reference; translate the resolved text entry instead."
"Content\Config\Diplomacy\FirstMeetingOptions.xml","FirstMeetingOptions.original.xml","response","RESPONSE_FIRSTMEETING_DEMAND_REFUSE_WEAK","description","","TEXT.Description.FirstMeeting.Demand.Refuse.Weak","48","TextKeyReference","DoNotPatchHere","False","False","","False","This is a key/reference; translate the resolved text entry instead."
"Content\Config\Diplomacy\FirstMeetingOptions.xml","FirstMeetingOptions.original.xml","response","RESPONSE_FIRSTMEETING_DEMAND_REFUSE_STRONG","name","","TEXT.Name.FirstMeeting.Demand.Refuse.Strong","43","TextKeyReference","DoNotPatchHere","False","False","","False","This is a key/reference; translate the resolved text entry instead."
"Content\Config\Diplomacy\FirstMeetingOptions.xml","FirstMeetingOptions.original.xml","response","RESPONSE_FIRSTMEETING_DEMAND_REFUSE_STRONG","description","","TEXT.Description.FirstMeeting.Demand.Refuse.Strong","50","TextKeyReference","DoNotPatchHere","False","False","","False","This is a key/reference; translate the resolved text entry instead."
"Content\Config\Diplomacy\FirstMeetingOptions.xml","FirstMeetingOptions.original.xml","firstMeeting","FIRSTMEETING_FRIENDLYGREETING","name","","TEXT.Name.FirstMeeting.FriendlyGreeting","39","TextKeyReference","DoNotPatchHere","False","False","","False","This is a key/reference; translate the resolved text entry instead."
"Content\Config\Diplomacy\FirstMeetingOptions.xml","FirstMeetingOptions.original.xml","firstMeeting","FIRSTMEETING_FRIENDLYGREETING","description","","TEXT.Description.FirstMeeting.FriendlyGreeting","46","TextKeyReference","DoNotPatchHere","False","False","","False","This is a key/reference; translate the resolved text entry instead."
"Content\Config\Diplomacy\FirstMeetingOptions.xml","FirstMeetingOptions.original.xml","firstMeeting","FIRSTMEETING_FRIENDLYGREETING","responses/response/name","0","TEXT.Name.FirstMeeting.FriendlyGreeting.ReturnGreeting","54","TextKeyReference","DoNotPatchHere","False","False","","False","This is a key/reference; translate the resolved text entry instead."
"Content\Config\Diplomacy\FirstMeetingOptions.xml","FirstMeetingOptions.original.xml","firstMeeting","FIRSTMEETING_FRIENDLYGREETING","responses/response/description","0","TEXT.Description.FirstMeeting.FriendlyGreeting.ReturnGreeting","61","TextKeyReference","DoNotPatchHere","False","False","","False","This is a key/reference; translate the resolved text entry instead."
"Content\Config\Diplomacy\FirstMeetingOptions.xml","FirstMeetingOptions.original.xml","firstMeeting","FIRSTMEETING_FRIENDLYGREETING","responses/response/name","1","TEXT.Name.FirstMeeting.FriendlyGreeting.GiveGift.Treasure","57","TextKeyReference","DoNotPatchHere","False","False","","False","This is a key/reference; translate the resolved text entry instead."
"Content\Config\Diplomacy\FirstMeetingOptions.xml","FirstMeetingOptions.original.xml","firstMeeting","FIRSTMEETING_FRIENDLYGREETING","responses/response/description","1","TEXT.Description.FirstMeeting.FriendlyGreeting.GiveGift.Treasure","64","TextKeyReference","DoNotPatchHere","False","False","","False","This is a key/reference; translate the resolved text entry instead."
"Content\Config\Diplomacy\FirstMeetingOptions.xml","FirstMeetingOptions.original.xml","firstMeeting","FIRSTMEETING_FRIENDLYGREETING","responses/response/name","2","TEXT.Name.FirstMeeting.FriendlyGreeting.GiveGift.Food","53","TextKeyReference","DoNotPatchHere","False","False","","False","This is a key/reference; translate the resolved text entry instead."
"Content\Config\Diplomacy\FirstMeetingOptions.xml","FirstMeetingOptions.original.xml","firstMeeting","FIRSTMEETING_FRIENDLYGREETING","responses/response/description","2","TEXT.Description.FirstMeeting.FriendlyGreeting.GiveGift.Food","60","TextKeyReference","DoNotPatchHere","False","False","","False","This is a key/reference; translate the resolved text entry instead."
"Content\Config\Diplomacy\FirstMeetingOptions.xml","FirstMeetingOptions.original.xml","response","RESPONSE_FIRSTMEETING_FRIENDLYGREETING_RETURNGREETING","name","","TEXT.Name.FirstMeeting.FriendlyGreeting.ReturnGreeting","54","TextKeyReference","DoNotPatchHere","False","False","","False","This is a key/reference; translate the resolved text entry instead."
"Content\Config\Diplomacy\FirstMeetingOptions.xml","FirstMeetingOptions.original.xml","response","RESPONSE_FIRSTMEETING_FRIENDLYGREETING_RETURNGREETING","description","","TEXT.Description.FirstMeeting.FriendlyGreeting.ReturnGreeting","61","TextKeyReference","DoNotPatchHere","False","False","","False","This is a key/reference; translate the resolved text entry instead."
"Content\Config\Diplomacy\FirstMeetingOptions.xml","FirstMeetingOptions.original.xml","response","RESPONSE_FIRSTMEETING_FRIENDLYGREETING_GIVEGIFT_TREASURE","name","","TEXT.Name.FirstMeeting.FriendlyGreeting.GiveGift.Treasure","57","TextKeyReference","DoNotPatchHere","False","False","","False","This is a key/reference; translate the resolved text entry instead."
"Content\Config\Diplomacy\FirstMeetingOptions.xml","FirstMeetingOptions.original.xml","response","RESPONSE_FIRSTMEETING_FRIENDLYGREETING_GIVEGIFT_TREASURE","description","","TEXT.Description.FirstMeeting.FriendlyGreeting.GiveGift.Treasure","64","TextKeyReference","DoNotPatchHere","False","False","","False","This is a key/reference; translate the resolved text entry instead."
"Content\Config\Diplomacy\FirstMeetingOptions.xml","FirstMeetingOptions.original.xml","response","RESPONSE_FIRSTMEETING_FRIENDLYGREETING_GIVEGIFT_FOOD","name","","TEXT.Name.FirstMeeting.FriendlyGreeting.GiveGift.Food","53","TextKeyReference","DoNotPatchHere","False","False","","False","This is a key/reference; translate the resolved text entry instead."
"Content\Config\Diplomacy\FirstMeetingOptions.xml","FirstMeetingOptions.original.xml","response","RESPONSE_FIRSTMEETING_FRIENDLYGREETING_GIVEGIFT_FOOD","description","","TEXT.Description.FirstMeeting.FriendlyGreeting.GiveGift.Food","60","TextKeyReference","DoNotPatchHere","False","False","","False","This is a key/reference; translate the resolved text entry instead."
"Content\Config\Diplomacy\FirstMeetingOptions.xml","FirstMeetingOptions.original.xml","firstMeeting","FIRSTMEETING_OFFERGIFT","name","","TEXT.Name.FirstMeeting.OfferGift","32","TextKeyReference","DoNotPatchHere","False","False","","False","This is a key/reference; translate the resolved text entry instead."
"Content\Config\Diplomacy\FirstMeetingOptions.xml","FirstMeetingOptions.original.xml","firstMeeting","FIRSTMEETING_OFFERGIFT","description","","TEXT.Description.FirstMeeting.OfferGift","39","TextKeyReference","DoNotPatchHere","False","False","","False","This is a key/reference; translate the resolved text entry instead."
"Content\Config\Diplomacy\FirstMeetingOptions.xml","FirstMeetingOptions.original.xml","firstMeeting","FIRSTMEETING_OFFERGIFT","responses/response/name","0","TEXT.Name.FirstMeeting.OfferGift.Accept","39","TextKeyReference","DoNotPatchHere","False","False","","False","This is a key/reference; translate the resolved text entry instead."
"Content\Config\Diplomacy\FirstMeetingOptions.xml","FirstMeetingOptions.original.xml","firstMeeting","FIRSTMEETING_OFFERGIFT","responses/response/description","0","TEXT.Description.FirstMeeting.OfferGift.Accept","46","TextKeyReference","DoNotPatchHere","False","False","","False","This is a key/reference; translate the resolved text entry instead."
"Content\Config\Diplomacy\FirstMeetingOptions.xml","FirstMeetingOptions.original.xml","firstMeeting","FIRSTMEETING_OFFERGIFT","responses/response/name","1","TEXT.Name.FirstMeeting.OfferGift.Reciprocate.Treasure","53","TextKeyReference","DoNotPatchHere","False","False","","False","This is a key/reference; translate the resolved text entry instead."
"Content\Config\Diplomacy\FirstMeetingOptions.xml","FirstMeetingOptions.original.xml","firstMeeting","FIRSTMEETING_OFFERGIFT","responses/response/description","1","TEXT.Description.FirstMeeting.OfferGift.Reciprocate.Treasure","60","TextKeyReference","DoNotPatchHere","False","False","","False","This is a key/reference; translate the resolved text entry instead."
"Content\Config\Diplomacy\FirstMeetingOptions.xml","FirstMeetingOptions.original.xml","firstMeeting","FIRSTMEETING_OFFERGIFT","responses/response/name","2","TEXT.Name.FirstMeeting.OfferGift.Reciprocate.Food","49","TextKeyReference","DoNotPatchHere","False","False","","False","This is a key/reference; translate the resolved text entry instead."
"Content\Config\Diplomacy\FirstMeetingOptions.xml","FirstMeetingOptions.original.xml","firstMeeting","FIRSTMEETING_OFFERGIFT","responses/response/description","2","TEXT.Description.FirstMeeting.OfferGift.Reciprocate.Food","56","TextKeyReference","DoNotPatchHere","False","False","","False","This is a key/reference; translate the resolved text entry instead."
"Content\Config\Diplomacy\FirstMeetingOptions.xml","FirstMeetingOptions.original.xml","firstMeeting","FIRSTMEETING_OFFERGIFT","responses/response/name","3","TEXT.Name.FirstMeeting.OfferGift.Refuse","39","TextKeyReference","DoNotPatchHere","False","False","","False","This is a key/reference; translate the resolved text entry instead."
"Content\Config\Diplomacy\FirstMeetingOptions.xml","FirstMeetingOptions.original.xml","firstMeeting","FIRSTMEETING_OFFERGIFT","responses/response/description","3","TEXT.Description.FirstMeeting.OfferGift.Refuse","46","TextKeyReference","DoNotPatchHere","False","False","","False","This is a key/reference; translate the resolved text entry instead."
"Content\Config\Diplomacy\FirstMeetingOptions.xml","FirstMeetingOptions.original.xml","response","RESPONSE_FIRSTMEETING_OFFERGIFT_ACCEPT","name","","TEXT.Name.FirstMeeting.OfferGift.Accept","39","TextKeyReference","DoNotPatchHere","False","False","","False","This is a key/reference; translate the resolved text entry instead."
"Content\Config\Diplomacy\FirstMeetingOptions.xml","FirstMeetingOptions.original.xml","response","RESPONSE_FIRSTMEETING_OFFERGIFT_ACCEPT","description","","TEXT.Description.FirstMeeting.OfferGift.Accept","46","TextKeyReference","DoNotPatchHere","False","False","","False","This is a key/reference; translate the resolved text entry instead."
"Content\Config\Diplomacy\FirstMeetingOptions.xml","FirstMeetingOptions.original.xml","response","RESPONSE_FIRSTMEETING_OFFERGIFT_RECIPROCATE_TREASURE","name","","TEXT.Name.FirstMeeting.OfferGift.Reciprocate.Treasure","53","TextKeyReference","DoNotPatchHere","False","False","","False","This is a key/reference; translate the resolved text entry instead."
"Content\Config\Diplomacy\FirstMeetingOptions.xml","FirstMeetingOptions.original.xml","response","RESPONSE_FIRSTMEETING_OFFERGIFT_RECIPROCATE_TREASURE","description","","TEXT.Description.FirstMeeting.OfferGift.Reciprocate.Treasure","60","TextKeyReference","DoNotPatchHere","False","False","","False","This is a key/reference; translate the resolved text entry instead."
"Content\Config\Diplomacy\FirstMeetingOptions.xml","FirstMeetingOptions.original.xml","response","RESPONSE_FIRSTMEETING_OFFERGIFT_RECIPROCATE_FOOD","name","","TEXT.Name.FirstMeeting.OfferGift.Reciprocate.Food","49","TextKeyReference","DoNotPatchHere","False","False","","False","This is a key/reference; translate the resolved text entry instead."
"Content\Config\Diplomacy\FirstMeetingOptions.xml","FirstMeetingOptions.original.xml","response","RESPONSE_FIRSTMEETING_OFFERGIFT_RECIPROCATE_FOOD","description","","TEXT.Description.FirstMeeting.OfferGift.Reciprocate.Food","56","TextKeyReference","DoNotPatchHere","False","False","","False","This is a key/reference; translate the resolved text entry instead."
"Content\Config\Diplomacy\FirstMeetingOptions.xml","FirstMeetingOptions.original.xml","response","RESPONSE_FIRSTMEETING_OFFERGIFT_REFUSE","name","","TEXT.Name.FirstMeeting.OfferGift.Refuse","39","TextKeyReference","DoNotPatchHere","False","False","","False","This is a key/reference; translate the resolved text entry instead."
"Content\Config\Diplomacy\FirstMeetingOptions.xml","FirstMeetingOptions.original.xml","response","RESPONSE_FIRSTMEETING_OFFERGIFT_REFUSE","description","","TEXT.Description.FirstMeeting.OfferGift.Refuse","46","TextKeyReference","DoNotPatchHere","False","False","","False","This is a key/reference; translate the resolved text entry instead."
"Content\Config\Diplomacy\ProactiveInteractions.xml","ProactiveInteractions.original.xml","interaction","INTERACTION_OFFERGIFT_TREASURE","name","","TEXT.Name.Interaction.OfferGift.Treasure","40","TextKeyReference","DoNotPatchHere","False","False","","False","This is a key/reference; translate the resolved text entry instead."
"Content\Config\Diplomacy\ProactiveInteractions.xml","ProactiveInteractions.original.xml","interaction","INTERACTION_OFFERGIFT_TREASURE","description","","TEXT.Description.Interaction.OfferGift.Treasure","47","TextKeyReference","DoNotPatchHere","False","False","","False","This is a key/reference; translate the resolved text entry instead."
"Content\Config\Diplomacy\ProactiveInteractions.xml","ProactiveInteractions.original.xml","interaction","INTERACTION_OFFERGIFT_TREASURE","responses/response/name","0","TEXT.Name.Interaction.OfferGift.Treasure.Accept","47","TextKeyReference","DoNotPatchHere","False","False","","False","This is a key/reference; translate the resolved text entry instead."
"Content\Config\Diplomacy\ProactiveInteractions.xml","ProactiveInteractions.original.xml","interaction","INTERACTION_OFFERGIFT_TREASURE","responses/response/description","0","TEXT.Description.Interaction.OfferGift.Treasure.Accept","54","TextKeyReference","DoNotPatchHere","False","False","","False","This is a key/reference; translate the resolved text entry instead."
"Content\Config\Diplomacy\ProactiveInteractions.xml","ProactiveInteractions.original.xml","interaction","INTERACTION_OFFERGIFT_TREASURE","responses/response/name","1","TEXT.Name.Interaction.OfferGift.Treasure.Refuse.Weak","52","TextKeyReference","DoNotPatchHere","False","False","","False","This is a key/reference; translate the resolved text entry instead."
"Content\Config\Diplomacy\ProactiveInteractions.xml","ProactiveInteractions.original.xml","interaction","INTERACTION_OFFERGIFT_TREASURE","responses/response/description","1","TEXT.Description.Interaction.OfferGift.Treasure.Refuse.Weak","59","TextKeyReference","DoNotPatchHere","False","False","","False","This is a key/reference; translate the resolved text entry instead."
"Content\Config\Diplomacy\ProactiveInteractions.xml","ProactiveInteractions.original.xml","interaction","INTERACTION_OFFERGIFT_TREASURE","responses/response/name","2","TEXT.Name.Interaction.OfferGift.Treasure.Refuse.Strong","54","TextKeyReference","DoNotPatchHere","False","False","","False","This is a key/reference; translate the resolved text entry instead."
"Content\Config\Diplomacy\ProactiveInteractions.xml","ProactiveInteractions.original.xml","interaction","INTERACTION_OFFERGIFT_TREASURE","responses/response/description","2","TEXT.Description.Interaction.OfferGift.Treasure.Refuse.Strong","61","TextKeyReference","DoNotPatchHere","False","False","","False","This is a key/reference; translate the resolved text entry instead."
"Content\Config\Diplomacy\ProactiveInteractions.xml","ProactiveInteractions.original.xml","response","RESPONSE_INTERACTION_OFFERGIFT_TREASURE_ACCEPT","name","","TEXT.Name.Interaction.OfferGift.Treasure.Accept","47","TextKeyReference","DoNotPatchHere","False","False","","False","This is a key/reference; translate the resolved text entry instead."
"Content\Config\Diplomacy\ProactiveInteractions.xml","ProactiveInteractions.original.xml","response","RESPONSE_INTERACTION_OFFERGIFT_TREASURE_ACCEPT","description","","TEXT.Description.Interaction.OfferGift.Treasure.Accept","54","TextKeyReference","DoNotPatchHere","False","False","","False","This is a key/reference; translate the resolved text entry instead."
"Content\Config\Diplomacy\ProactiveInteractions.xml","ProactiveInteractions.original.xml","response","RESPONSE_INTERACTION_OFFERGIFT_TREASURE_REFUSE_WEAK","name","","TEXT.Name.Interaction.OfferGift.Treasure.Refuse.Weak","52","TextKeyReference","DoNotPatchHere","False","False","","False","This is a key/reference; translate the resolved text entry instead."
"Content\Config\Diplomacy\ProactiveInteractions.xml","ProactiveInteractions.original.xml","response","RESPONSE_INTERACTION_OFFERGIFT_TREASURE_REFUSE_WEAK","description","","TEXT.Description.Interaction.OfferGift.Treasure.Refuse.Weak","59","TextKeyReference","DoNotPatchHere","False","False","","False","This is a key/reference; translate the resolved text entry instead."
"Content\Config\Diplomacy\ProactiveInteractions.xml","ProactiveInteractions.original.xml","response","RESPONSE_INTERACTION_OFFERGIFT_TREASURE_REFUSE_STRONG","name","","TEXT.Name.Interaction.OfferGift.Treasure.Refuse.Strong","54","TextKeyReference","DoNotPatchHere","False","False","","False","This is a key/reference; translate the resolved text entry instead."
"Content\Config\Diplomacy\ProactiveInteractions.xml","ProactiveInteractions.original.xml","response","RESPONSE_INTERACTION_OFFERGIFT_TREASURE_REFUSE_STRONG","description","","TEXT.Description.Interaction.OfferGift.Treasure.Refuse.Strong","61","TextKeyReference","DoNotPatchHere","False","False","","False","This is a key/reference; translate the resolved text entry instead."
"Content\Config\Diplomacy\ProactiveInteractions.xml","ProactiveInteractions.original.xml","interaction","INTERACTION_DEMAND_TRIBUTE_TREASURE","name","","TEXT.Name.Interaction.Demand.TributeTreasure","44","TextKeyReference","DoNotPatchHere","False","False","","False","This is a key/reference; translate the resolved text entry instead."
"Content\Config\Diplomacy\ProactiveInteractions.xml","ProactiveInteractions.original.xml","interaction","INTERACTION_DEMAND_TRIBUTE_TREASURE","description","","TEXT.Description.Interaction.Demand.TributeTreasure","51","TextKeyReference","DoNotPatchHere","False","False","","False","This is a key/reference; translate the resolved text entry instead."
"Content\Config\Diplomacy\ProactiveInteractions.xml","ProactiveInteractions.original.xml","interaction","INTERACTION_DEMAND_TRIBUTE_TREASURE","responses/response/name","0","TEXT.Name.Interaction.Demand.TributeTreasure.Accept","51","TextKeyReference","DoNotPatchHere","False","False","","False","This is a key/reference; translate the resolved text entry instead."
"Content\Config\Diplomacy\ProactiveInteractions.xml","ProactiveInteractions.original.xml","interaction","INTERACTION_DEMAND_TRIBUTE_TREASURE","responses/response/description","0","TEXT.Description.Interaction.Demand.TributeTreasure.Accept","58","TextKeyReference","DoNotPatchHere","False","False","","False","This is a key/reference; translate the resolved text entry instead."
"Content\Config\Diplomacy\ProactiveInteractions.xml","ProactiveInteractions.original.xml","interaction","INTERACTION_DEMAND_TRIBUTE_TREASURE","responses/response/name","1","TEXT.Name.Interaction.Demand.TributeTreasure.Refuse.Weak","56","TextKeyReference","DoNotPatchHere","False","False","","False","This is a key/reference; translate the resolved text entry instead."
"Content\Config\Diplomacy\ProactiveInteractions.xml","ProactiveInteractions.original.xml","interaction","INTERACTION_DEMAND_TRIBUTE_TREASURE","responses/response/description","1","TEXT.Description.Interaction.Demand.TributeTreasure.Refuse.Weak","63","TextKeyReference","DoNotPatchHere","False","False","","False","This is a key/reference; translate the resolved text entry instead."
"Content\Config\Diplomacy\ProactiveInteractions.xml","ProactiveInteractions.original.xml","interaction","INTERACTION_DEMAND_TRIBUTE_TREASURE","responses/response/name","2","TEXT.Name.Interaction.Demand.TributeTreasure.Refuse.Strong","58","TextKeyReference","DoNotPatchHere","False","False","","False","This is a key/reference; translate the resolved text entry instead."
"Content\Config\Diplomacy\ProactiveInteractions.xml","ProactiveInteractions.original.xml","interaction","INTERACTION_DEMAND_TRIBUTE_TREASURE","responses/response/description","2","TEXT.Description.Interaction.Demand.TributeTreasure.Refuse.Strong","65","TextKeyReference","DoNotPatchHere","False","False","","False","This is a key/reference; translate the resolved text entry instead."
"Content\Config\Diplomacy\ProactiveInteractions.xml","ProactiveInteractions.original.xml","response","RESPONSE_INTERACTION_DEMAND_TRIBUTE_TREASURE_ACCEPT","name","","TEXT.Name.Interaction.Demand.TributeTreasure.Accept","51","TextKeyReference","DoNotPatchHere","False","False","","False","This is a key/reference; translate the resolved text entry instead."
"Content\Config\Diplomacy\ProactiveInteractions.xml","ProactiveInteractions.original.xml","response","RESPONSE_INTERACTION_DEMAND_TRIBUTE_TREASURE_ACCEPT","description","","TEXT.Description.Interaction.Demand.TributeTreasure.Accept","58","TextKeyReference","DoNotPatchHere","False","False","","False","This is a key/reference; translate the resolved text entry instead."
"Content\Config\Diplomacy\ProactiveInteractions.xml","ProactiveInteractions.original.xml","response","RESPONSE_INTERACTION_DEMAND_TRIBUTE_TREASURE_REFUSE_WEAK","name","","TEXT.Name.Interaction.Demand.TributeTreasure.Refuse.Weak","56","TextKeyReference","DoNotPatchHere","False","False","","False","This is a key/reference; translate the resolved text entry instead."
"Content\Config\Diplomacy\ProactiveInteractions.xml","ProactiveInteractions.original.xml","response","RESPONSE_INTERACTION_DEMAND_TRIBUTE_TREASURE_REFUSE_WEAK","description","","TEXT.Description.Interaction.Demand.TributeTreasure.Refuse.Weak","63","TextKeyReference","DoNotPatchHere","False","False","","False","This is a key/reference; translate the resolved text entry instead."
"Content\Config\Diplomacy\ProactiveInteractions.xml","ProactiveInteractions.original.xml","response","RESPONSE_INTERACTION_DEMAND_TRIBUTE_TREASURE_REFUSE_STRONG","name","","TEXT.Name.Interaction.Demand.TributeTreasure.Refuse.Strong","58","TextKeyReference","DoNotPatchHere","False","False","","False","This is a key/reference; translate the resolved text entry instead."
"Content\Config\Diplomacy\ProactiveInteractions.xml","ProactiveInteractions.original.xml","response","RESPONSE_INTERACTION_DEMAND_TRIBUTE_TREASURE_REFUSE_STRONG","description","","TEXT.Description.Interaction.Demand.TributeTreasure.Refuse.Strong","65","TextKeyReference","DoNotPatchHere","False","False","","False","This is a key/reference; translate the resolved text entry instead."
"Content\Config\Diplomacy\ProactiveInteractions.xml","ProactiveInteractions.original.xml","interaction","INTERACTION_DEMAND_SWITCHRELIGION","name","","TEXT.Name.Interaction.Demand.SwitchReligion","43","TextKeyReference","DoNotPatchHere","False","False","","False","This is a key/reference; translate the resolved text entry instead."
"Content\Config\Diplomacy\ProactiveInteractions.xml","ProactiveInteractions.original.xml","interaction","INTERACTION_DEMAND_SWITCHRELIGION","description","","TEXT.Description.Interaction.Demand.SwitchReligion","50","TextKeyReference","DoNotPatchHere","False","False","","False","This is a key/reference; translate the resolved text entry instead."
"Content\Config\Diplomacy\ProactiveInteractions.xml","ProactiveInteractions.original.xml","interaction","INTERACTION_DEMAND_SWITCHRELIGION","responses/response/name","0","TEXT.Name.Interaction.Demand.SwitchReligion.Accept","50","TextKeyReference","DoNotPatchHere","False","False","","False","This is a key/reference; translate the resolved text entry instead."
"Content\Config\Diplomacy\ProactiveInteractions.xml","ProactiveInteractions.original.xml","interaction","INTERACTION_DEMAND_SWITCHRELIGION","responses/response/description","0","TEXT.Description.Interaction.Demand.SwitchReligion.Accept","57","TextKeyReference","DoNotPatchHere","False","False","","False","This is a key/reference; translate the resolved text entry instead."
"Content\Config\Diplomacy\ProactiveInteractions.xml","ProactiveInteractions.original.xml","interaction","INTERACTION_DEMAND_SWITCHRELIGION","responses/response/name","1","TEXT.Name.Interaction.Demand.SwitchReligion.Refuse.Weak","55","TextKeyReference","DoNotPatchHere","False","False","","False","This is a key/reference; translate the resolved text entry instead."
"Content\Config\Diplomacy\ProactiveInteractions.xml","ProactiveInteractions.original.xml","interaction","INTERACTION_DEMAND_SWITCHRELIGION","responses/response/description","1","TEXT.Description.Interaction.Demand.SwitchReligion.Refuse.Weak","62","TextKeyReference","DoNotPatchHere","False","False","","False","This is a key/reference; translate the resolved text entry instead."
"Content\Config\Diplomacy\ProactiveInteractions.xml","ProactiveInteractions.original.xml","interaction","INTERACTION_DEMAND_SWITCHRELIGION","responses/response/name","2","TEXT.Name.Interaction.Demand.SwitchReligion.Refuse.Strong","57","TextKeyReference","DoNotPatchHere","False","False","","False","This is a key/reference; translate the resolved text entry instead."
"Content\Config\Diplomacy\ProactiveInteractions.xml","ProactiveInteractions.original.xml","interaction","INTERACTION_DEMAND_SWITCHRELIGION","responses/response/description","2","TEXT.Description.Interaction.Demand.SwitchReligion.Refuse.Strong","64","TextKeyReference","DoNotPatchHere","False","False","","False","This is a key/reference; translate the resolved text entry instead."
"Content\Config\Diplomacy\ProactiveInteractions.xml","ProactiveInteractions.original.xml","response","RESPONSE_INTERACTION_DEMAND_SWITCHRELIGION_ACCEPT","name","","TEXT.Name.Interaction.Demand.SwitchReligion.Accept","50","TextKeyReference","DoNotPatchHere","False","False","","False","This is a key/reference; translate the resolved text entry instead."
"Content\Config\Diplomacy\ProactiveInteractions.xml","ProactiveInteractions.original.xml","response","RESPONSE_INTERACTION_DEMAND_SWITCHRELIGION_ACCEPT","description","","TEXT.Description.Interaction.Demand.SwitchReligion.Accept","57","TextKeyReference","DoNotPatchHere","False","False","","False","This is a key/reference; translate the resolved text entry instead."
"Content\Config\Diplomacy\ProactiveInteractions.xml","ProactiveInteractions.original.xml","response","RESPONSE_INTERACTION_DEMAND_SWITCHRELIGION_REFUSE_WEAK","name","","TEXT.Name.Interaction.Demand.SwitchReligion.Refuse.Weak","55","TextKeyReference","DoNotPatchHere","False","False","","False","This is a key/reference; translate the resolved text entry instead."
"Content\Config\Diplomacy\ProactiveInteractions.xml","ProactiveInteractions.original.xml","response","RESPONSE_INTERACTION_DEMAND_SWITCHRELIGION_REFUSE_WEAK","description","","TEXT.Description.Interaction.Demand.SwitchReligion.Refuse.Weak","62","TextKeyReference","DoNotPatchHere","False","False","","False","This is a key/reference; translate the resolved text entry instead."
"Content\Config\Diplomacy\ProactiveInteractions.xml","ProactiveInteractions.original.xml","response","RESPONSE_INTERACTION_DEMAND_SWITCHRELIGION_REFUSE_STRONG","name","","TEXT.Name.Interaction.Demand.SwitchReligion.Refuse.Strong","57","TextKeyReference","DoNotPatchHere","False","False","","False","This is a key/reference; translate the resolved text entry instead."
"Content\Config\Diplomacy\ProactiveInteractions.xml","ProactiveInteractions.original.xml","response","RESPONSE_INTERACTION_DEMAND_SWITCHRELIGION_REFUSE_STRONG","description","","TEXT.Description.Interaction.Demand.SwitchReligion.Refuse.Strong","64","TextKeyReference","DoNotPatchHere","False","False","","False","This is a key/reference; translate the resolved text entry instead."
"Content\Config\Diplomacy\ProactiveInteractions.xml","ProactiveInteractions.original.xml","interaction","INTERACTION_DENOUNCE","name","","TEXT.Name.Interaction.Denounce","30","TextKeyReference","DoNotPatchHere","False","False","","False","This is a key/reference; translate the resolved text entry instead."
"Content\Config\Diplomacy\ProactiveInteractions.xml","ProactiveInteractions.original.xml","interaction","INTERACTION_DENOUNCE","description","","TEXT.Description.Interaction.Denounce","37","TextKeyReference","DoNotPatchHere","False","False","","False","This is a key/reference; translate the resolved text entry instead."
"Content\Config\Diplomacy\ProactiveInteractions.xml","ProactiveInteractions.original.xml","interaction","INTERACTION_PRAISE","name","","TEXT.Name.Interaction.Praise","28","TextKeyReference","DoNotPatchHere","False","False","","False","This is a key/reference; translate the resolved text entry instead."
"Content\Config\Diplomacy\ProactiveInteractions.xml","ProactiveInteractions.original.xml","interaction","INTERACTION_PRAISE","description","","TEXT.Description.Interaction.Praise","35","TextKeyReference","DoNotPatchHere","False","False","","False","This is a key/reference; translate the resolved text entry instead."
"Content\Config\Diplomacy\ProactiveInteractions.xml","ProactiveInteractions.original.xml","interaction","INTERACTION_REQUEST_DESTROY_BANDIT_CAMP","name","","TEXT.Name.Request.DestroyBanditCamp","35","TextKeyReference","DoNotPatchHere","False","False","","False","This is a key/reference; translate the resolved text entry instead."
"Content\Config\Diplomacy\ProactiveInteractions.xml","ProactiveInteractions.original.xml","interaction","INTERACTION_REQUEST_DESTROY_BANDIT_CAMP","description","","TEXT.Description.Request.DestroyBanditCamp","42","TextKeyReference","DoNotPatchHere","False","False","","False","This is a key/reference; translate the resolved text entry instead."
"Content\Config\Diplomacy\ProactiveInteractions.xml","ProactiveInteractions.original.xml","interaction","INTERACTION_REQUEST_DESTROY_BANDIT_CAMP","responses/response/name","0","TEXT.Name.Request.DestroyBanditCamp.OK","38","TextKeyReference","DoNotPatchHere","False","False","","False","This is a key/reference; translate the resolved text entry instead."
"Content\Config\Diplomacy\ProactiveInteractions.xml","ProactiveInteractions.original.xml","interaction","INTERACTION_REQUEST_DESTROY_BANDIT_CAMP","responses/response/description","0","TEXT.Description.Request.DestroyBanditCamp.OK","45","TextKeyReference","DoNotPatchHere","False","False","","False","This is a key/reference; translate the resolved text entry instead."
"Content\Config\Diplomacy\ProactiveInteractions.xml","ProactiveInteractions.original.xml","interaction","INTERACTION_REQUEST_DESTROY_BANDIT_CAMP","responses/response/name","1","TEXT.Name.Request.DestroyBanditCamp.Refuse.Immediate.Weak","57","TextKeyReference","DoNotPatchHere","False","False","","False","This is a key/reference; translate the resolved text entry instead."
"Content\Config\Diplomacy\ProactiveInteractions.xml","ProactiveInteractions.original.xml","interaction","INTERACTION_REQUEST_DESTROY_BANDIT_CAMP","responses/response/description","1","TEXT.Description.Request.DestroyBanditCamp.Refuse.Immediate.Weak","64","TextKeyReference","DoNotPatchHere","False","False","","False","This is a key/reference; translate the resolved text entry instead."
"Content\Config\Diplomacy\ProactiveInteractions.xml","ProactiveInteractions.original.xml","interaction","INTERACTION_REQUEST_DESTROY_BANDIT_CAMP","responses/response/name","2","TEXT.Name.Request.DestroyBanditCamp.Refuse.Immediate.Strong","59","TextKeyReference","DoNotPatchHere","False","False","","False","This is a key/reference; translate the resolved text entry instead."
"Content\Config\Diplomacy\ProactiveInteractions.xml","ProactiveInteractions.original.xml","interaction","INTERACTION_REQUEST_DESTROY_BANDIT_CAMP","responses/response/description","2","TEXT.Description.Request.DestroyBanditCamp.Refuse.Immediate.Strong","66","TextKeyReference","DoNotPatchHere","False","False","","False","This is a key/reference; translate the resolved text entry instead."
"Content\Config\Diplomacy\ProactiveInteractions.xml","ProactiveInteractions.original.xml","interaction","INTERACTION_REQUEST_DESTROY_BANDIT_CAMP","followUpVisitResponses/response/name","0","TEXT.Name.Request.DestroyBanditCamp.Accept","42","TextKeyReference","DoNotPatchHere","False","False","","False","This is a key/reference; translate the resolved text entry instead."
"Content\Config\Diplomacy\ProactiveInteractions.xml","ProactiveInteractions.original.xml","interaction","INTERACTION_REQUEST_DESTROY_BANDIT_CAMP","followUpVisitResponses/response/description","0","TEXT.Description.Request.DestroyBanditCamp.Accept","49","TextKeyReference","DoNotPatchHere","False","False","","False","This is a key/reference; translate the resolved text entry instead."
"Content\Config\Diplomacy\ProactiveInteractions.xml","ProactiveInteractions.original.xml","interaction","INTERACTION_REQUEST_DESTROY_BANDIT_CAMP","followUpVisitResponses/response/name","1","TEXT.Name.Request.DestroyBanditCamp.Refuse.Delayed.Weak","55","TextKeyReference","DoNotPatchHere","False","False","","False","This is a key/reference; translate the resolved text entry instead."
"Content\Config\Diplomacy\ProactiveInteractions.xml","ProactiveInteractions.original.xml","interaction","INTERACTION_REQUEST_DESTROY_BANDIT_CAMP","followUpVisitResponses/response/description","1","TEXT.Description.Request.DestroyBanditCamp.Refuse.Delayed.Weak","62","TextKeyReference","DoNotPatchHere","False","False","","False","This is a key/reference; translate the resolved text entry instead."
"Content\Config\Diplomacy\ProactiveInteractions.xml","ProactiveInteractions.original.xml","interaction","INTERACTION_REQUEST_DESTROY_BANDIT_CAMP","followUpVisitResponses/response/name","2","TEXT.Name.Request.DestroyBanditCamp.Refuse.Delayed.Strong","57","TextKeyReference","DoNotPatchHere","False","False","","False","This is a key/reference; translate the resolved text entry instead."
"Content\Config\Diplomacy\ProactiveInteractions.xml","ProactiveInteractions.original.xml","interaction","INTERACTION_REQUEST_DESTROY_BANDIT_CAMP","followUpVisitResponses/response/description","2","TEXT.Description.Request.DestroyBanditCamp.Refuse.Delayed.Strong","64","TextKeyReference","DoNotPatchHere","False","False","","False","This is a key/reference; translate the resolved text entry instead."
"Content\Config\Diplomacy\ProactiveInteractions.xml","ProactiveInteractions.original.xml","response","RESPONSE_REQUEST_DESTROY_BANDIT_CAMP_OK","name","","TEXT.Name.Request.DestroyBanditCamp.OK","38","TextKeyReference","DoNotPatchHere","False","False","","False","This is a key/reference; translate the resolved text entry instead."
"Content\Config\Diplomacy\ProactiveInteractions.xml","ProactiveInteractions.original.xml","response","RESPONSE_REQUEST_DESTROY_BANDIT_CAMP_OK","description","","TEXT.Description.Request.DestroyBanditCamp.OK","45","TextKeyReference","DoNotPatchHere","False","False","","False","This is a key/reference; translate the resolved text entry instead."
"Content\Config\Diplomacy\ProactiveInteractions.xml","ProactiveInteractions.original.xml","response","RESPONSE_REQUEST_DESTROY_BANDIT_CAMP_REFUSE_WEAK","name","","TEXT.Name.Request.DestroyBanditCamp.Refuse.Immediate.Weak","57","TextKeyReference","DoNotPatchHere","False","False","","False","This is a key/reference; translate the resolved text entry instead."
"Content\Config\Diplomacy\ProactiveInteractions.xml","ProactiveInteractions.original.xml","response","RESPONSE_REQUEST_DESTROY_BANDIT_CAMP_REFUSE_WEAK","description","","TEXT.Description.Request.DestroyBanditCamp.Refuse.Immediate.Weak","64","TextKeyReference","DoNotPatchHere","False","False","","False","This is a key/reference; translate the resolved text entry instead."
"Content\Config\Diplomacy\ProactiveInteractions.xml","ProactiveInteractions.original.xml","response","RESPONSE_REQUEST_DESTROY_BANDIT_CAMP_REFUSE_STRONG","name","","TEXT.Name.Request.DestroyBanditCamp.Refuse.Immediate.Strong","59","TextKeyReference","DoNotPatchHere","False","False","","False","This is a key/reference; translate the resolved text entry instead."
"Content\Config\Diplomacy\ProactiveInteractions.xml","ProactiveInteractions.original.xml","response","RESPONSE_REQUEST_DESTROY_BANDIT_CAMP_REFUSE_STRONG","description","","TEXT.Description.Request.DestroyBanditCamp.Refuse.Immediate.Strong","66","TextKeyReference","DoNotPatchHere","False","False","","False","This is a key/reference; translate the resolved text entry instead."
"Content\Config\Diplomacy\ProactiveInteractions.xml","ProactiveInteractions.original.xml","response","RESPONSE_REQUEST_DESTROY_BANDIT_CAMP_FOLLOWUP_ACCEPT","name","","TEXT.Name.Request.DestroyBanditCamp.Accept","42","TextKeyReference","DoNotPatchHere","False","False","","False","This is a key/reference; translate the resolved text entry instead."
"Content\Config\Diplomacy\ProactiveInteractions.xml","ProactiveInteractions.original.xml","response","RESPONSE_REQUEST_DESTROY_BANDIT_CAMP_FOLLOWUP_ACCEPT","description","","TEXT.Description.Request.DestroyBanditCamp.Accept","49","TextKeyReference","DoNotPatchHere","False","False","","False","This is a key/reference; translate the resolved text entry instead."
"Content\Config\Diplomacy\ProactiveInteractions.xml","ProactiveInteractions.original.xml","response","RESPONSE_REQUEST_DESTROY_BANDIT_CAMP_FOLLOWUP_REFUSE_WEAK","name","","TEXT.Name.Request.DestroyBanditCamp.Refuse.Delayed.Weak","55","TextKeyReference","DoNotPatchHere","False","False","","False","This is a key/reference; translate the resolved text entry instead."
"Content\Config\Diplomacy\ProactiveInteractions.xml","ProactiveInteractions.original.xml","response","RESPONSE_REQUEST_DESTROY_BANDIT_CAMP_FOLLOWUP_REFUSE_WEAK","description","","TEXT.Description.Request.DestroyBanditCamp.Refuse.Delayed.Weak","62","TextKeyReference","DoNotPatchHere","False","False","","False","This is a key/reference; translate the resolved text entry instead."
"Content\Config\Diplomacy\ProactiveInteractions.xml","ProactiveInteractions.original.xml","response","RESPONSE_REQUEST_DESTROY_BANDIT_CAMP_FOLLOWUP_REFUSE_STRONG","name","","TEXT.Name.Request.DestroyBanditCamp.Refuse.Delayed.Strong","57","TextKeyReference","DoNotPatchHere","False","False","","False","This is a key/reference; translate the resolved text entry instead."
"Content\Config\Diplomacy\ProactiveInteractions.xml","ProactiveInteractions.original.xml","response","RESPONSE_REQUEST_DESTROY_BANDIT_CAMP_FOLLOWUP_REFUSE_STRONG","description","","TEXT.Description.Request.DestroyBanditCamp.Refuse.Delayed.Strong","64","TextKeyReference","DoNotPatchHere","False","False","","False","This is a key/reference; translate the resolved text entry instead."
"Content\Config\Diplomacy\ProactiveInteractions.xml","ProactiveInteractions.original.xml","interaction","INTERACTION_REQUEST_TRIBUTE_TREASURE","name","","TEXT.Name.Request.TributeTreasure","33","TextKeyReference","DoNotPatchHere","False","False","","False","This is a key/reference; translate the resolved text entry instead."
"Content\Config\Diplomacy\ProactiveInteractions.xml","ProactiveInteractions.original.xml","interaction","INTERACTION_REQUEST_TRIBUTE_TREASURE","description","","TEXT.Description.Request.TributeTreasure","40","TextKeyReference","DoNotPatchHere","False","False","","False","This is a key/reference; translate the resolved text entry instead."
"Content\Config\Diplomacy\ProactiveInteractions.xml","ProactiveInteractions.original.xml","interaction","INTERACTION_REQUEST_TRIBUTE_TREASURE","responses/response/name","0","TEXT.Name.Request.TributeTreasure.OK","36","TextKeyReference","DoNotPatchHere","False","False","","False","This is a key/reference; translate the resolved text entry instead."
"Content\Config\Diplomacy\ProactiveInteractions.xml","ProactiveInteractions.original.xml","interaction","INTERACTION_REQUEST_TRIBUTE_TREASURE","responses/response/description","0","TEXT.Description.Request.TributeTreasure.OK","43","TextKeyReference","DoNotPatchHere","False","False","","False","This is a key/reference; translate the resolved text entry instead."
"Content\Config\Diplomacy\ProactiveInteractions.xml","ProactiveInteractions.original.xml","interaction","INTERACTION_REQUEST_TRIBUTE_TREASURE","responses/response/name","1","TEXT.Name.Request.TributeTreasure.Refuse.Immediate.Weak","55","TextKeyReference","DoNotPatchHere","False","False","","False","This is a key/reference; translate the resolved text entry instead."
"Content\Config\Diplomacy\ProactiveInteractions.xml","ProactiveInteractions.original.xml","interaction","INTERACTION_REQUEST_TRIBUTE_TREASURE","responses/response/description","1","TEXT.Description.Request.TributeTreasure.Refuse.Immediate.Weak","62","TextKeyReference","DoNotPatchHere","False","False","","False","This is a key/reference; translate the resolved text entry instead."
"Content\Config\Diplomacy\ProactiveInteractions.xml","ProactiveInteractions.original.xml","interaction","INTERACTION_REQUEST_TRIBUTE_TREASURE","responses/response/name","2","TEXT.Name.Request.TributeTreasure.Refuse.Immediate.Strong","57","TextKeyReference","DoNotPatchHere","False","False","","False","This is a key/reference; translate the resolved text entry instead."
"Content\Config\Diplomacy\ProactiveInteractions.xml","ProactiveInteractions.original.xml","interaction","INTERACTION_REQUEST_TRIBUTE_TREASURE","responses/response/description","2","TEXT.Description.Request.TributeTreasure.Refuse.Immediate.Strong","64","TextKeyReference","DoNotPatchHere","False","False","","False","This is a key/reference; translate the resolved text entry instead."
"Content\Config\Diplomacy\ProactiveInteractions.xml","ProactiveInteractions.original.xml","interaction","INTERACTION_REQUEST_TRIBUTE_TREASURE","followUpVisitResponses/response/name","0","TEXT.Name.Request.TributeTreasure.Accept","40","TextKeyReference","DoNotPatchHere","False","False","","False","This is a key/reference; translate the resolved text entry instead."
"Content\Config\Diplomacy\ProactiveInteractions.xml","ProactiveInteractions.original.xml","interaction","INTERACTION_REQUEST_TRIBUTE_TREASURE","followUpVisitResponses/response/description","0","TEXT.Description.Request.TributeTreasure.Accept","47","TextKeyReference","DoNotPatchHere","False","False","","False","This is a key/reference; translate the resolved text entry instead."
"Content\Config\Diplomacy\ProactiveInteractions.xml","ProactiveInteractions.original.xml","interaction","INTERACTION_REQUEST_TRIBUTE_TREASURE","followUpVisitResponses/response/name","1","TEXT.Name.Request.TributeTreasure.Refuse.Delayed.Weak","53","TextKeyReference","DoNotPatchHere","False","False","","False","This is a key/reference; translate the resolved text entry instead."
"Content\Config\Diplomacy\ProactiveInteractions.xml","ProactiveInteractions.original.xml","interaction","INTERACTION_REQUEST_TRIBUTE_TREASURE","followUpVisitResponses/response/description","1","TEXT.Description.Request.TributeTreasure.Refuse.Delayed.Weak","60","TextKeyReference","DoNotPatchHere","False","False","","False","This is a key/reference; translate the resolved text entry instead."
"Content\Config\Diplomacy\ProactiveInteractions.xml","ProactiveInteractions.original.xml","interaction","INTERACTION_REQUEST_TRIBUTE_TREASURE","followUpVisitResponses/response/name","2","TEXT.Name.Request.TributeTreasure.Refuse.Delayed.Strong","55","TextKeyReference","DoNotPatchHere","False","False","","False","This is a key/reference; translate the resolved text entry instead."
"Content\Config\Diplomacy\ProactiveInteractions.xml","ProactiveInteractions.original.xml","interaction","INTERACTION_REQUEST_TRIBUTE_TREASURE","followUpVisitResponses/response/description","2","TEXT.Description.Request.TributeTreasure.Refuse.Delayed.Strong","62","TextKeyReference","DoNotPatchHere","False","False","","False","This is a key/reference; translate the resolved text entry instead."
"Content\Config\Diplomacy\ProactiveInteractions.xml","ProactiveInteractions.original.xml","response","RESPONSE_REQUEST_TRIBUTE_TREASURE_OK","name","","TEXT.Name.Request.TributeTreasure.OK","36","TextKeyReference","DoNotPatchHere","False","False","","False","This is a key/reference; translate the resolved text entry instead."
"Content\Config\Diplomacy\ProactiveInteractions.xml","ProactiveInteractions.original.xml","response","RESPONSE_REQUEST_TRIBUTE_TREASURE_OK","description","","TEXT.Description.Request.TributeTreasure.OK","43","TextKeyReference","DoNotPatchHere","False","False","","False","This is a key/reference; translate the resolved text entry instead."
"Content\Config\Diplomacy\ProactiveInteractions.xml","ProactiveInteractions.original.xml","response","RESPONSE_REQUEST_TRIBUTE_TREASURE_REFUSE_WEAK","name","","TEXT.Name.Request.TributeTreasure.Refuse.Immediate.Weak","55","TextKeyReference","DoNotPatchHere","False","False","","False","This is a key/reference; translate the resolved text entry instead."
"Content\Config\Diplomacy\ProactiveInteractions.xml","ProactiveInteractions.original.xml","response","RESPONSE_REQUEST_TRIBUTE_TREASURE_REFUSE_WEAK","description","","TEXT.Description.Request.TributeTreasure.Refuse.Immediate.Weak","62","TextKeyReference","DoNotPatchHere","False","False","","False","This is a key/reference; translate the resolved text entry instead."
"Content\Config\Diplomacy\ProactiveInteractions.xml","ProactiveInteractions.original.xml","response","RESPONSE_REQUEST_TRIBUTE_TREASURE_REFUSE_STRONG","name","","TEXT.Name.Request.TributeTreasure.Refuse.Immediate.Strong","57","TextKeyReference","DoNotPatchHere","False","False","","False","This is a key/reference; translate the resolved text entry instead."
"Content\Config\Diplomacy\ProactiveInteractions.xml","ProactiveInteractions.original.xml","response","RESPONSE_REQUEST_TRIBUTE_TREASURE_REFUSE_STRONG","description","","TEXT.Description.Request.TributeTreasure.Refuse.Immediate.Strong","64","TextKeyReference","DoNotPatchHere","False","False","","False","This is a key/reference; translate the resolved text entry instead."
"Content\Config\Diplomacy\ProactiveInteractions.xml","ProactiveInteractions.original.xml","response","RESPONSE_REQUEST_TRIBUTE_TREASURE_ACCEPT","name","","TEXT.Name.Request.TributeTreasure.Accept","40","TextKeyReference","DoNotPatchHere","False","False","","False","This is a key/reference; translate the resolved text entry instead."
"Content\Config\Diplomacy\ProactiveInteractions.xml","ProactiveInteractions.original.xml","response","RESPONSE_REQUEST_TRIBUTE_TREASURE_ACCEPT","description","","TEXT.Description.Request.TributeTreasure.Accept","47","TextKeyReference","DoNotPatchHere","False","False","","False","This is a key/reference; translate the resolved text entry instead."
"Content\Config\Diplomacy\ProactiveInteractions.xml","ProactiveInteractions.original.xml","response","RESPONSE_REQUEST_TRIBUTE_TREASURE_REFUSE_WEAK","name","","TEXT.Name.Request.TributeTreasure.Refuse.Delayed.Weak","53","TextKeyReference","DoNotPatchHere","False","False","","False","This is a key/reference; translate the resolved text entry instead."
"Content\Config\Diplomacy\ProactiveInteractions.xml","ProactiveInteractions.original.xml","response","RESPONSE_REQUEST_TRIBUTE_TREASURE_REFUSE_WEAK","description","","TEXT.Description.Request.TributeTreasure.Refuse.Delayed.Weak","60","TextKeyReference","DoNotPatchHere","False","False","","False","This is a key/reference; translate the resolved text entry instead."
"Content\Config\Diplomacy\ProactiveInteractions.xml","ProactiveInteractions.original.xml","response","RESPONSE_REQUEST_TRIBUTE_TREASURE_REFUSE_STRONG","name","","TEXT.Name.Request.TributeTreasure.Refuse.Delayed.Strong","55","TextKeyReference","DoNotPatchHere","False","False","","False","This is a key/reference; translate the resolved text entry instead."
"Content\Config\Diplomacy\ProactiveInteractions.xml","ProactiveInteractions.original.xml","response","RESPONSE_REQUEST_TRIBUTE_TREASURE_REFUSE_STRONG","description","","TEXT.Description.Request.TributeTreasure.Refuse.Delayed.Strong","62","TextKeyReference","DoNotPatchHere","False","False","","False","This is a key/reference; translate the resolved text entry instead."
"Content\Config\Diplomacy\ProactiveInteractions.xml","ProactiveInteractions.original.xml","interaction","INTERACTION_REQUEST_TRIBUTE_FOOD","name","","TEXT.Name.Request.TributeFood","29","TextKeyReference","DoNotPatchHere","False","False","","False","This is a key/reference; translate the resolved text entry instead."
"Content\Config\Diplomacy\ProactiveInteractions.xml","ProactiveInteractions.original.xml","interaction","INTERACTION_REQUEST_TRIBUTE_FOOD","description","","TEXT.Description.Request.TributeFood","36","TextKeyReference","DoNotPatchHere","False","False","","False","This is a key/reference; translate the resolved text entry instead."
"Content\Config\Diplomacy\ProactiveInteractions.xml","ProactiveInteractions.original.xml","interaction","INTERACTION_REQUEST_TRIBUTE_FOOD","responses/response/name","0","TEXT.Name.Request.TributeFood.OK","32","TextKeyReference","DoNotPatchHere","False","False","","False","This is a key/reference; translate the resolved text entry instead."
"Content\Config\Diplomacy\ProactiveInteractions.xml","ProactiveInteractions.original.xml","interaction","INTERACTION_REQUEST_TRIBUTE_FOOD","responses/response/description","0","TEXT.Description.Request.TributeFood.OK","39","TextKeyReference","DoNotPatchHere","False","False","","False","This is a key/reference; translate the resolved text entry instead."
"Content\Config\Diplomacy\ProactiveInteractions.xml","ProactiveInteractions.original.xml","interaction","INTERACTION_REQUEST_TRIBUTE_FOOD","responses/response/name","1","TEXT.Name.Request.TributeFood.Refuse.Immediate.Weak","51","TextKeyReference","DoNotPatchHere","False","False","","False","This is a key/reference; translate the resolved text entry instead."
"Content\Config\Diplomacy\ProactiveInteractions.xml","ProactiveInteractions.original.xml","interaction","INTERACTION_REQUEST_TRIBUTE_FOOD","responses/response/description","1","TEXT.Description.Request.TributeFood.Refuse.Immediate.Weak","58","TextKeyReference","DoNotPatchHere","False","False","","False","This is a key/reference; translate the resolved text entry instead."
"Content\Config\Diplomacy\ProactiveInteractions.xml","ProactiveInteractions.original.xml","interaction","INTERACTION_REQUEST_TRIBUTE_FOOD","responses/response/name","2","TEXT.Name.Request.TributeFood.Refuse.Immediate.Strong","53","TextKeyReference","DoNotPatchHere","False","False","","False","This is a key/reference; translate the resolved text entry instead."
"Content\Config\Diplomacy\ProactiveInteractions.xml","ProactiveInteractions.original.xml","interaction","INTERACTION_REQUEST_TRIBUTE_FOOD","responses/response/description","2","TEXT.Description.Request.TributeFood.Refuse.Immediate.Strong","60","TextKeyReference","DoNotPatchHere","False","False","","False","This is a key/reference; translate the resolved text entry instead."
"Content\Config\Diplomacy\ProactiveInteractions.xml","ProactiveInteractions.original.xml","interaction","INTERACTION_REQUEST_TRIBUTE_FOOD","followUpVisitResponses/response/name","0","TEXT.Name.Request.TributeFood.Accept","36","TextKeyReference","DoNotPatchHere","False","False","","False","This is a key/reference; translate the resolved text entry instead."
"Content\Config\Diplomacy\ProactiveInteractions.xml","ProactiveInteractions.original.xml","interaction","INTERACTION_REQUEST_TRIBUTE_FOOD","followUpVisitResponses/response/description","0","TEXT.Description.Request.TributeFood.Accept","43","TextKeyReference","DoNotPatchHere","False","False","","False","This is a key/reference; translate the resolved text entry instead."
"Content\Config\Diplomacy\ProactiveInteractions.xml","ProactiveInteractions.original.xml","interaction","INTERACTION_REQUEST_TRIBUTE_FOOD","followUpVisitResponses/response/name","1","TEXT.Name.Request.TributeFood.Refuse.Delayed.Weak","49","TextKeyReference","DoNotPatchHere","False","False","","False","This is a key/reference; translate the resolved text entry instead."
"Content\Config\Diplomacy\ProactiveInteractions.xml","ProactiveInteractions.original.xml","interaction","INTERACTION_REQUEST_TRIBUTE_FOOD","followUpVisitResponses/response/description","1","TEXT.Description.Request.TributeFood.Refuse.Delayed.Weak","56","TextKeyReference","DoNotPatchHere","False","False","","False","This is a key/reference; translate the resolved text entry instead."
"Content\Config\Diplomacy\ProactiveInteractions.xml","ProactiveInteractions.original.xml","interaction","INTERACTION_REQUEST_TRIBUTE_FOOD","followUpVisitResponses/response/name","2","TEXT.Name.Request.TributeFood.Refuse.Delayed.Strong","51","TextKeyReference","DoNotPatchHere","False","False","","False","This is a key/reference; translate the resolved text entry instead."
"Content\Config\Diplomacy\ProactiveInteractions.xml","ProactiveInteractions.original.xml","interaction","INTERACTION_REQUEST_TRIBUTE_FOOD","followUpVisitResponses/response/description","2","TEXT.Description.Request.TributeFood.Refuse.Delayed.Strong","58","TextKeyReference","DoNotPatchHere","False","False","","False","This is a key/reference; translate the resolved text entry instead."
"Content\Config\Diplomacy\ProactiveInteractions.xml","ProactiveInteractions.original.xml","response","RESPONSE_REQUEST_TRIBUTE_FOOD_OK","name","","TEXT.Name.Request.TributeFood.OK","32","TextKeyReference","DoNotPatchHere","False","False","","False","This is a key/reference; translate the resolved text entry instead."
"Content\Config\Diplomacy\ProactiveInteractions.xml","ProactiveInteractions.original.xml","response","RESPONSE_REQUEST_TRIBUTE_FOOD_OK","description","","TEXT.Description.Request.TributeFood.OK","39","TextKeyReference","DoNotPatchHere","False","False","","False","This is a key/reference; translate the resolved text entry instead."
"Content\Config\Diplomacy\ProactiveInteractions.xml","ProactiveInteractions.original.xml","response","RESPONSE_REQUEST_TRIBUTE_FOOD_REFUSE_WEAK","name","","TEXT.Name.Request.TributeFood.Refuse.Immediate.Weak","51","TextKeyReference","DoNotPatchHere","False","False","","False","This is a key/reference; translate the resolved text entry instead."
"Content\Config\Diplomacy\ProactiveInteractions.xml","ProactiveInteractions.original.xml","response","RESPONSE_REQUEST_TRIBUTE_FOOD_REFUSE_WEAK","description","","TEXT.Description.Request.TributeFood.Refuse.Immediate.Weak","58","TextKeyReference","DoNotPatchHere","False","False","","False","This is a key/reference; translate the resolved text entry instead."
"Content\Config\Diplomacy\ProactiveInteractions.xml","ProactiveInteractions.original.xml","response","RESPONSE_REQUEST_TRIBUTE_FOOD_REFUSE_STRONG","name","","TEXT.Name.Request.TributeFood.Refuse.Immediate.Strong","53","TextKeyReference","DoNotPatchHere","False","False","","False","This is a key/reference; translate the resolved text entry instead."
"Content\Config\Diplomacy\ProactiveInteractions.xml","ProactiveInteractions.original.xml","response","RESPONSE_REQUEST_TRIBUTE_FOOD_REFUSE_STRONG","description","","TEXT.Description.Request.TributeFood.Refuse.Immediate.Strong","60","TextKeyReference","DoNotPatchHere","False","False","","False","This is a key/reference; translate the resolved text entry instead."
"Content\Config\Diplomacy\ProactiveInteractions.xml","ProactiveInteractions.original.xml","response","RESPONSE_REQUEST_TRIBUTE_FOOD_ACCEPT","name","","TEXT.Name.Request.TributeFood.Accept","36","TextKeyReference","DoNotPatchHere","False","False","","False","This is a key/reference; translate the resolved text entry instead."
"Content\Config\Diplomacy\ProactiveInteractions.xml","ProactiveInteractions.original.xml","response","RESPONSE_REQUEST_TRIBUTE_FOOD_ACCEPT","description","","TEXT.Description.Request.TributeFood.Accept","43","TextKeyReference","DoNotPatchHere","False","False","","False","This is a key/reference; translate the resolved text entry instead."
"Content\Config\Diplomacy\ProactiveInteractions.xml","ProactiveInteractions.original.xml","response","RESPONSE_REQUEST_TRIBUTE_FOOD_REFUSE_WEAK","name","","TEXT.Name.Request.TributeFood.Refuse.Delayed.Weak","49","TextKeyReference","DoNotPatchHere","False","False","","False","This is a key/reference; translate the resolved text entry instead."
"Content\Config\Diplomacy\ProactiveInteractions.xml","ProactiveInteractions.original.xml","response","RESPONSE_REQUEST_TRIBUTE_FOOD_REFUSE_WEAK","description","","TEXT.Description.Request.TributeFood.Refuse.Delayed.Weak","56","TextKeyReference","DoNotPatchHere","False","False","","False","This is a key/reference; translate the resolved text entry instead."
"Content\Config\Diplomacy\ProactiveInteractions.xml","ProactiveInteractions.original.xml","response","RESPONSE_REQUEST_TRIBUTE_FOOD_REFUSE_STRONG","name","","TEXT.Name.Request.TributeFood.Refuse.Delayed.Strong","51","TextKeyReference","DoNotPatchHere","False","False","","False","This is a key/reference; translate the resolved text entry instead."
"Content\Config\Diplomacy\ProactiveInteractions.xml","ProactiveInteractions.original.xml","response","RESPONSE_REQUEST_TRIBUTE_FOOD_REFUSE_STRONG","description","","TEXT.Description.Request.TributeFood.Refuse.Delayed.Strong","58","TextKeyReference","DoNotPatchHere","False","False","","False","This is a key/reference; translate the resolved text entry instead."
"Content\Config\Diplomacy\ProactiveInteractions.xml","ProactiveInteractions.original.xml","interaction","INTERACTION_BORDERINTRUSIONWARNING","name","","TEXT.Name.Interaction.BorderIntrusionWarning","44","TextKeyReference","DoNotPatchHere","False","False","","False","This is a key/reference; translate the resolved text entry instead."
"Content\Config\Diplomacy\ProactiveInteractions.xml","ProactiveInteractions.original.xml","interaction","INTERACTION_BORDERINTRUSIONWARNING","description","","TEXT.Description.Interaction.BorderIntrusionWarning","51","TextKeyReference","DoNotPatchHere","False","False","","False","This is a key/reference; translate the resolved text entry instead."
"Content\Config\Diplomacy\ProactiveInteractions.xml","ProactiveInteractions.original.xml","interaction","INTERACTION_WAYTOOCLOSEWARNING","name","","TEXT.Name.Interaction.TooCloseWarning","37","TextKeyReference","DoNotPatchHere","False","False","","False","This is a key/reference; translate the resolved text entry instead."
"Content\Config\Diplomacy\ProactiveInteractions.xml","ProactiveInteractions.original.xml","interaction","INTERACTION_WAYTOOCLOSEWARNING","description","","TEXT.Description.Interaction.TooCloseWarning","44","TextKeyReference","DoNotPatchHere","False","False","","False","This is a key/reference; translate the resolved text entry instead."
"Content\Config\Diplomacy\ProactiveInteractions.xml","ProactiveInteractions.original.xml","interaction","INTERACTION_WAYTOOCLOSEWARNING","responses/response/name","0","TEXT.Name.Interaction.TooCloseWarning.Accept","44","TextKeyReference","DoNotPatchHere","False","False","","False","This is a key/reference; translate the resolved text entry instead."
"Content\Config\Diplomacy\ProactiveInteractions.xml","ProactiveInteractions.original.xml","interaction","INTERACTION_WAYTOOCLOSEWARNING","responses/response/description","0","TEXT.Description.Interaction.Demand.TributeTreasure.Accept","58","TextKeyReference","DoNotPatchHere","False","False","","False","This is a key/reference; translate the resolved text entry instead."
"Content\Config\Diplomacy\ProactiveInteractions.xml","ProactiveInteractions.original.xml","interaction","INTERACTION_WAYTOOCLOSEWARNING","responses/response/name","1","TEXT.Name.Interaction.TooCloseWarning.RefuseWeak","48","TextKeyReference","DoNotPatchHere","False","False","","False","This is a key/reference; translate the resolved text entry instead."
"Content\Config\Diplomacy\ProactiveInteractions.xml","ProactiveInteractions.original.xml","interaction","INTERACTION_WAYTOOCLOSEWARNING","responses/response/description","1","TEXT.Description.Interaction.TooCloseWarning.RefuseWeak","55","TextKeyReference","DoNotPatchHere","False","False","","False","This is a key/reference; translate the resolved text entry instead."
"Content\Config\Diplomacy\ProactiveInteractions.xml","ProactiveInteractions.original.xml","interaction","INTERACTION_WAYTOOCLOSEWARNING","responses/response/name","2","TEXT.Name.Interaction.TooCloseWarning.RefuseStrong","50","TextKeyReference","DoNotPatchHere","False","False","","False","This is a key/reference; translate the resolved text entry instead."
"Content\Config\Diplomacy\ProactiveInteractions.xml","ProactiveInteractions.original.xml","interaction","INTERACTION_WAYTOOCLOSEWARNING","responses/response/description","2","TEXT.Description.Interaction.TooCloseWarning.RefuseStrong","57","TextKeyReference","DoNotPatchHere","False","False","","False","This is a key/reference; translate the resolved text entry instead."
"Content\Config\Diplomacy\ProactiveInteractions.xml","ProactiveInteractions.original.xml","response","RESPONSE_INTERACTION_TOOCLOSEWARNING_ACCEPT","name","","TEXT.Name.Interaction.TooCloseWarning.Accept","44","TextKeyReference","DoNotPatchHere","False","False","","False","This is a key/reference; translate the resolved text entry instead."
"Content\Config\Diplomacy\ProactiveInteractions.xml","ProactiveInteractions.original.xml","response","RESPONSE_INTERACTION_TOOCLOSEWARNING_ACCEPT","description","","TEXT.Description.Interaction.Demand.TributeTreasure.Accept","58","TextKeyReference","DoNotPatchHere","False","False","","False","This is a key/reference; translate the resolved text entry instead."
"Content\Config\Diplomacy\ProactiveInteractions.xml","ProactiveInteractions.original.xml","response","RESPONSE_INTERACTION_TOOCLOSEWARNING_REFUSEWEAK","name","","TEXT.Name.Interaction.TooCloseWarning.RefuseWeak","48","TextKeyReference","DoNotPatchHere","False","False","","False","This is a key/reference; translate the resolved text entry instead."
"Content\Config\Diplomacy\ProactiveInteractions.xml","ProactiveInteractions.original.xml","response","RESPONSE_INTERACTION_TOOCLOSEWARNING_REFUSEWEAK","description","","TEXT.Description.Interaction.TooCloseWarning.RefuseWeak","55","TextKeyReference","DoNotPatchHere","False","False","","False","This is a key/reference; translate the resolved text entry instead."
"Content\Config\Diplomacy\ProactiveInteractions.xml","ProactiveInteractions.original.xml","response","RESPONSE_INTERACTION_TOOCLOSEWARNING_REFUSESTRONG","name","","TEXT.Name.Interaction.TooCloseWarning.RefuseStrong","50","TextKeyReference","DoNotPatchHere","False","False","","False","This is a key/reference; translate the resolved text entry instead."
"Content\Config\Diplomacy\ProactiveInteractions.xml","ProactiveInteractions.original.xml","response","RESPONSE_INTERACTION_TOOCLOSEWARNING_REFUSESTRONG","description","","TEXT.Description.Interaction.TooCloseWarning.RefuseStrong","57","TextKeyReference","DoNotPatchHere","False","False","","False","This is a key/reference; translate the resolved text entry instead."
"Content\Config\Diplomacy\ProactiveInteractions.xml","ProactiveInteractions.original.xml","interaction","INTERACTION_STAYAWAYPROMISEBROKEN","name","","TEXT.Name.Interaction.StayAwayPromiseBroken","43","TextKeyReference","DoNotPatchHere","False","False","","False","This is a key/reference; translate the resolved text entry instead."
"Content\Config\Diplomacy\ProactiveInteractions.xml","ProactiveInteractions.original.xml","interaction","INTERACTION_STAYAWAYPROMISEBROKEN","description","","TEXT.Description.Interaction.StayAwayPromiseBroken","50","TextKeyReference","DoNotPatchHere","False","False","","False","This is a key/reference; translate the resolved text entry instead."
"Content\Config\Diplomacy\RelationshipLevels.xml","RelationshipLevels.original.xml","relationshipLevel","RELATIONSHIP_LEVEL_MINUS_TEN","name","","TEXT.Name.RelationshipLevel.MinusTen","36","TextKeyReference","DoNotPatchHere","False","False","","False","This is a key/reference; translate the resolved text entry instead."
"Content\Config\Diplomacy\RelationshipLevels.xml","RelationshipLevels.original.xml","relationshipLevel","RELATIONSHIP_LEVEL_MINUS_TEN","description","","TEXT.Description.RelationshipLevel.MinusTen","43","TextKeyReference","DoNotPatchHere","False","False","","False","This is a key/reference; translate the resolved text entry instead."
"Content\Config\Diplomacy\RelationshipLevels.xml","RelationshipLevels.original.xml","relationshipLevel","RELATIONSHIP_LEVEL_MINUS_NINE","name","","TEXT.Name.RelationshipLevel.MinusNine","37","TextKeyReference","DoNotPatchHere","False","False","","False","This is a key/reference; translate the resolved text entry instead."
"Content\Config\Diplomacy\RelationshipLevels.xml","RelationshipLevels.original.xml","relationshipLevel","RELATIONSHIP_LEVEL_MINUS_NINE","description","","TEXT.Description.RelationshipLevel.MinusNine","44","TextKeyReference","DoNotPatchHere","False","False","","False","This is a key/reference; translate the resolved text entry instead."
"Content\Config\Diplomacy\RelationshipLevels.xml","RelationshipLevels.original.xml","relationshipLevel","RELATIONSHIP_LEVEL_MINUS_EIGHT","name","","TEXT.Name.RelationshipLevel.MinusEight","38","TextKeyReference","DoNotPatchHere","False","False","","False","This is a key/reference; translate the resolved text entry instead."
"Content\Config\Diplomacy\RelationshipLevels.xml","RelationshipLevels.original.xml","relationshipLevel","RELATIONSHIP_LEVEL_MINUS_EIGHT","description","","TEXT.Description.RelationshipLevel.MinusEight","45","TextKeyReference","DoNotPatchHere","False","False","","False","This is a key/reference; translate the resolved text entry instead."
"Content\Config\Diplomacy\RelationshipLevels.xml","RelationshipLevels.original.xml","relationshipLevel","RELATIONSHIP_LEVEL_MINUS_SEVEN","name","","TEXT.Name.RelationshipLevel.MinusSeven","38","TextKeyReference","DoNotPatchHere","False","False","","False","This is a key/reference; translate the resolved text entry instead."
"Content\Config\Diplomacy\RelationshipLevels.xml","RelationshipLevels.original.xml","relationshipLevel","RELATIONSHIP_LEVEL_MINUS_SEVEN","description","","TEXT.Description.RelationshipLevel.MinusSeven","45","TextKeyReference","DoNotPatchHere","False","False","","False","This is a key/reference; translate the resolved text entry instead."
"Content\Config\Diplomacy\RelationshipLevels.xml","RelationshipLevels.original.xml","relationshipLevel","RELATIONSHIP_LEVEL_MINUS_SIX","name","","TEXT.Name.RelationshipLevel.MinusSix","36","TextKeyReference","DoNotPatchHere","False","False","","False","This is a key/reference; translate the resolved text entry instead."
"Content\Config\Diplomacy\RelationshipLevels.xml","RelationshipLevels.original.xml","relationshipLevel","RELATIONSHIP_LEVEL_MINUS_SIX","description","","TEXT.Description.RelationshipLevel.MinusSix","43","TextKeyReference","DoNotPatchHere","False","False","","False","This is a key/reference; translate the resolved text entry instead."
"Content\Config\Diplomacy\RelationshipLevels.xml","RelationshipLevels.original.xml","relationshipLevel","RELATIONSHIP_LEVEL_MINUS_FIVE","name","","TEXT.Name.RelationshipLevel.MinusFive","37","TextKeyReference","DoNotPatchHere","False","False","","False","This is a key/reference; translate the resolved text entry instead."
"Content\Config\Diplomacy\RelationshipLevels.xml","RelationshipLevels.original.xml","relationshipLevel","RELATIONSHIP_LEVEL_MINUS_FIVE","description","","TEXT.Description.RelationshipLevel.MinusFive","44","TextKeyReference","DoNotPatchHere","False","False","","False","This is a key/reference; translate the resolved text entry instead."
"Content\Config\Diplomacy\RelationshipLevels.xml","RelationshipLevels.original.xml","relationshipLevel","RELATIONSHIP_LEVEL_MINUS_FOUR","name","","TEXT.Name.RelationshipLevel.MinusFour","37","TextKeyReference","DoNotPatchHere","False","False","","False","This is a key/reference; translate the resolved text entry instead."
"Content\Config\Diplomacy\RelationshipLevels.xml","RelationshipLevels.original.xml","relationshipLevel","RELATIONSHIP_LEVEL_MINUS_FOUR","description","","TEXT.Description.RelationshipLevel.MinusFour","44","TextKeyReference","DoNotPatchHere","False","False","","False","This is a key/reference; translate the resolved text entry instead."
"Content\Config\Diplomacy\RelationshipLevels.xml","RelationshipLevels.original.xml","relationshipLevel","RELATIONSHIP_LEVEL_MINUS_THREE","name","","TEXT.Name.RelationshipLevel.MinusThree","38","TextKeyReference","DoNotPatchHere","False","False","","False","This is a key/reference; translate the resolved text entry instead."
"Content\Config\Diplomacy\RelationshipLevels.xml","RelationshipLevels.original.xml","relationshipLevel","RELATIONSHIP_LEVEL_MINUS_THREE","description","","TEXT.Description.RelationshipLevel.MinusThree","45","TextKeyReference","DoNotPatchHere","False","False","","False","This is a key/reference; translate the resolved text entry instead."
"Content\Config\Diplomacy\RelationshipLevels.xml","RelationshipLevels.original.xml","relationshipLevel","RELATIONSHIP_LEVEL_MINUS_TWO","name","","TEXT.Name.RelationshipLevel.MinusTwo","36","TextKeyReference","DoNotPatchHere","False","False","","False","This is a key/reference; translate the resolved text entry instead."
"Content\Config\Diplomacy\RelationshipLevels.xml","RelationshipLevels.original.xml","relationshipLevel","RELATIONSHIP_LEVEL_MINUS_TWO","description","","TEXT.Description.RelationshipLevel.MinusTwo","43","TextKeyReference","DoNotPatchHere","False","False","","False","This is a key/reference; translate the resolved text entry instead."
"Content\Config\Diplomacy\RelationshipLevels.xml","RelationshipLevels.original.xml","relationshipLevel","RELATIONSHIP_LEVEL_MINUS_ONE","name","","TEXT.Name.RelationshipLevel.MinusOne","36","TextKeyReference","DoNotPatchHere","False","False","","False","This is a key/reference; translate the resolved text entry instead."
"Content\Config\Diplomacy\RelationshipLevels.xml","RelationshipLevels.original.xml","relationshipLevel","RELATIONSHIP_LEVEL_MINUS_ONE","description","","TEXT.Description.RelationshipLevel.MinusOne","43","TextKeyReference","DoNotPatchHere","False","False","","False","This is a key/reference; translate the resolved text entry instead."
"Content\Config\Diplomacy\RelationshipLevels.xml","RelationshipLevels.original.xml","relationshipLevel","RELATIONSHIP_LEVEL_ZERO","name","","TEXT.Name.RelationshipLevel.Zero","32","TextKeyReference","DoNotPatchHere","False","False","","False","This is a key/reference; translate the resolved text entry instead."
"Content\Config\Diplomacy\RelationshipLevels.xml","RelationshipLevels.original.xml","relationshipLevel","RELATIONSHIP_LEVEL_ZERO","description","","TEXT.Description.RelationshipLevel.Zero","39","TextKeyReference","DoNotPatchHere","False","False","","False","This is a key/reference; translate the resolved text entry instead."
"Content\Config\Diplomacy\RelationshipLevels.xml","RelationshipLevels.original.xml","relationshipLevel","RELATIONSHIP_LEVEL_PLUS_ONE","name","","TEXT.Name.RelationshipLevel.PlusOne","35","TextKeyReference","DoNotPatchHere","False","False","","False","This is a key/reference; translate the resolved text entry instead."
"Content\Config\Diplomacy\RelationshipLevels.xml","RelationshipLevels.original.xml","relationshipLevel","RELATIONSHIP_LEVEL_PLUS_ONE","description","","TEXT.Description.RelationshipLevel.PlusOne","42","TextKeyReference","DoNotPatchHere","False","False","","False","This is a key/reference; translate the resolved text entry instead."
"Content\Config\Diplomacy\RelationshipLevels.xml","RelationshipLevels.original.xml","relationshipLevel","RELATIONSHIP_LEVEL_PLUS_TWO","name","","TEXT.Name.RelationshipLevel.PlusTwo","35","TextKeyReference","DoNotPatchHere","False","False","","False","This is a key/reference; translate the resolved text entry instead."
"Content\Config\Diplomacy\RelationshipLevels.xml","RelationshipLevels.original.xml","relationshipLevel","RELATIONSHIP_LEVEL_PLUS_TWO","description","","TEXT.Description.RelationshipLevel.PlusTwo","42","TextKeyReference","DoNotPatchHere","False","False","","False","This is a key/reference; translate the resolved text entry instead."
"Content\Config\Diplomacy\RelationshipLevels.xml","RelationshipLevels.original.xml","relationshipLevel","RELATIONSHIP_LEVEL_PLUS_THREE","name","","TEXT.Name.RelationshipLevel.PlusThree","37","TextKeyReference","DoNotPatchHere","False","False","","False","This is a key/reference; translate the resolved text entry instead."
"Content\Config\Diplomacy\RelationshipLevels.xml","RelationshipLevels.original.xml","relationshipLevel","RELATIONSHIP_LEVEL_PLUS_THREE","description","","TEXT.Description.RelationshipLevel.PlusThree","44","TextKeyReference","DoNotPatchHere","False","False","","False","This is a key/reference; translate the resolved text entry instead."
"Content\Config\Diplomacy\RelationshipLevels.xml","RelationshipLevels.original.xml","relationshipLevel","RELATIONSHIP_LEVEL_PLUS_FOUR","name","","TEXT.Name.RelationshipLevel.PlusFour","36","TextKeyReference","DoNotPatchHere","False","False","","False","This is a key/reference; translate the resolved text entry instead."
"Content\Config\Diplomacy\RelationshipLevels.xml","RelationshipLevels.original.xml","relationshipLevel","RELATIONSHIP_LEVEL_PLUS_FOUR","description","","TEXT.Description.RelationshipLevel.PlusFour","43","TextKeyReference","DoNotPatchHere","False","False","","False","This is a key/reference; translate the resolved text entry instead."
"Content\Config\Diplomacy\RelationshipLevels.xml","RelationshipLevels.original.xml","relationshipLevel","RELATIONSHIP_LEVEL_PLUS_FIVE","name","","TEXT.Name.RelationshipLevel.PlusFive","36","TextKeyReference","DoNotPatchHere","False","False","","False","This is a key/reference; translate the resolved text entry instead."
"Content\Config\Diplomacy\RelationshipLevels.xml","RelationshipLevels.original.xml","relationshipLevel","RELATIONSHIP_LEVEL_PLUS_FIVE","description","","TEXT.Description.RelationshipLevel.PlusFive","43","TextKeyReference","DoNotPatchHere","False","False","","False","This is a key/reference; translate the resolved text entry instead."
"Content\Config\Diplomacy\RelationshipLevels.xml","RelationshipLevels.original.xml","relationshipLevel","RELATIONSHIP_LEVEL_PLUS_SIX","name","","TEXT.Name.RelationshipLevel.PlusSix","35","TextKeyReference","DoNotPatchHere","False","False","","False","This is a key/reference; translate the resolved text entry instead."
"Content\Config\Diplomacy\RelationshipLevels.xml","RelationshipLevels.original.xml","relationshipLevel","RELATIONSHIP_LEVEL_PLUS_SIX","description","","TEXT.Description.RelationshipLevel.PlusSix","42","TextKeyReference","DoNotPatchHere","False","False","","False","This is a key/reference; translate the resolved text entry instead."
"Content\Config\Diplomacy\RelationshipLevels.xml","RelationshipLevels.original.xml","relationshipLevel","RELATIONSHIP_LEVEL_PLUS_SEVEN","name","","TEXT.Name.RelationshipLevel.PlusSeven","37","TextKeyReference","DoNotPatchHere","False","False","","False","This is a key/reference; translate the resolved text entry instead."
"Content\Config\Diplomacy\RelationshipLevels.xml","RelationshipLevels.original.xml","relationshipLevel","RELATIONSHIP_LEVEL_PLUS_SEVEN","description","","TEXT.Description.RelationshipLevel.PlusSeven","44","TextKeyReference","DoNotPatchHere","False","False","","False","This is a key/reference; translate the resolved text entry instead."
"Content\Config\Diplomacy\RelationshipLevels.xml","RelationshipLevels.original.xml","relationshipLevel","RELATIONSHIP_LEVEL_PLUS_EIGHT","name","","TEXT.Name.RelationshipLevel.PlusEight","37","TextKeyReference","DoNotPatchHere","False","False","","False","This is a key/reference; translate the resolved text entry instead."
"Content\Config\Diplomacy\RelationshipLevels.xml","RelationshipLevels.original.xml","relationshipLevel","RELATIONSHIP_LEVEL_PLUS_EIGHT","description","","TEXT.Description.RelationshipLevel.PlusEight","44","TextKeyReference","DoNotPatchHere","False","False","","False","This is a key/reference; translate the resolved text entry instead."
"Content\Config\Diplomacy\RelationshipLevels.xml","RelationshipLevels.original.xml","relationshipLevel","RELATIONSHIP_LEVEL_PLUS_NINE","name","","TEXT.Name.RelationshipLevel.PlusNine","36","TextKeyReference","DoNotPatchHere","False","False","","False","This is a key/reference; translate the resolved text entry instead."
"Content\Config\Diplomacy\RelationshipLevels.xml","RelationshipLevels.original.xml","relationshipLevel","RELATIONSHIP_LEVEL_PLUS_NINE","description","","TEXT.Description.RelationshipLevel.PlusNine","43","TextKeyReference","DoNotPatchHere","False","False","","False","This is a key/reference; translate the resolved text entry instead."
"Content\Config\Diplomacy\RelationshipLevels.xml","RelationshipLevels.original.xml","relationshipLevel","RELATIONSHIP_LEVEL_PLUS_TEN","name","","TEXT.Name.RelationshipLevel.PlusTen","35","TextKeyReference","DoNotPatchHere","False","False","","False","This is a key/reference; translate the resolved text entry instead."
"Content\Config\Diplomacy\RelationshipLevels.xml","RelationshipLevels.original.xml","relationshipLevel","RELATIONSHIP_LEVEL_PLUS_TEN","description","","TEXT.Description.RelationshipLevel.PlusTen","42","TextKeyReference","DoNotPatchHere","False","False","","False","This is a key/reference; translate the resolved text entry instead."
"Content\Config\Misc\BattleResults.xml","BattleResults.original.xml","battleResult","BATTLE_RESULT_VERY_WELL","name","","VERY WELL!","10","UnclassifiedLiteral","ReviewRequired","False","False","","False","No established safe patching rule yet."
"Content\Config\Misc\BattleResults.xml","BattleResults.original.xml","battleResult","BATTLE_RESULT_VERY_WELL","description","","TODO","4","TodoPlaceholder","Skip","False","False","","False","Developer placeholder, not player-facing prose."
"Content\Config\Misc\BattleResults.xml","BattleResults.original.xml","battleResult","BATTLE_RESULT_WELL","name","","WELL!","5","UnclassifiedLiteral","ReviewRequired","False","False","","False","No established safe patching rule yet."
"Content\Config\Misc\BattleResults.xml","BattleResults.original.xml","battleResult","BATTLE_RESULT_WELL","description","","TODO","4","TodoPlaceholder","Skip","False","False","","False","Developer placeholder, not player-facing prose."
"Content\Config\Misc\BattleResults.xml","BattleResults.original.xml","battleResult","BATTLE_RESULT_AS_EXPECTED","name","","AS EXPECTED.","12","UnclassifiedLiteral","ReviewRequired","False","False","","False","No established safe patching rule yet."
"Content\Config\Misc\BattleResults.xml","BattleResults.original.xml","battleResult","BATTLE_RESULT_AS_EXPECTED","description","","TODO","4","TodoPlaceholder","Skip","False","False","","False","Developer placeholder, not player-facing prose."
"Content\Config\Misc\BattleResults.xml","BattleResults.original.xml","battleResult","BATTLE_RESULT_POOR","name","","POORLY!","7","UnclassifiedLiteral","ReviewRequired","False","False","","False","No established safe patching rule yet."
"Content\Config\Misc\BattleResults.xml","BattleResults.original.xml","battleResult","BATTLE_RESULT_POOR","description","","TODO","4","TodoPlaceholder","Skip","False","False","","False","Developer placeholder, not player-facing prose."
"Content\Config\Misc\BattleResults.xml","BattleResults.original.xml","battleResult","BATTLE_RESULT_VERY_POOR","name","","VERY POORLY!","12","UnclassifiedLiteral","ReviewRequired","False","False","","False","No established safe patching rule yet."
"Content\Config\Misc\BattleResults.xml","BattleResults.original.xml","battleResult","BATTLE_RESULT_VERY_POOR","description","","TODO","4","TodoPlaceholder","Skip","False","False","","False","Developer placeholder, not player-facing prose."
"Content\Config\Misc\DepositTypes.xml","DepositTypes.original.xml","depositType","DEPOSIT_TYPE_IRON","name","","TEXT.Name.Deposit.IronDeposit","29","TextKeyReference","DoNotPatchHere","False","False","","False","This is a key/reference; translate the resolved text entry instead."
"Content\Config\Misc\DepositTypes.xml","DepositTypes.original.xml","depositType","DEPOSIT_TYPE_IRON","description","","TODO","4","TodoPlaceholder","Skip","False","False","","False","Developer placeholder, not player-facing prose."
"Content\Config\Misc\DepositTypes.xml","DepositTypes.original.xml","depositType","DEPOSIT_TYPE_METEORITE","name","","TEXT.Name.Deposit.Meteorite","27","TextKeyReference","DoNotPatchHere","False","False","","False","This is a key/reference; translate the resolved text entry instead."
"Content\Config\Misc\DepositTypes.xml","DepositTypes.original.xml","depositType","DEPOSIT_TYPE_METEORITE","description","","TODO","4","TodoPlaceholder","Skip","False","False","","False","Developer placeholder, not player-facing prose."
"Content\Config\Misc\DepositTypes.xml","DepositTypes.original.xml","depositType","DEPOSIT_TYPE_GOLD","name","","TEXT.Name.Deposit.GoldDeposit","29","TextKeyReference","DoNotPatchHere","False","False","","False","This is a key/reference; translate the resolved text entry instead."
"Content\Config\Misc\DepositTypes.xml","DepositTypes.original.xml","depositType","DEPOSIT_TYPE_GOLD","description","","TODO","4","TodoPlaceholder","Skip","False","False","","False","Developer placeholder, not player-facing prose."
"Content\Config\Misc\DepositTypes.xml","DepositTypes.original.xml","depositType","DEPOSIT_TYPE_GEMS","name","","TEXT.Name.Deposit.GemsDeposit","29","TextKeyReference","DoNotPatchHere","False","False","","False","This is a key/reference; translate the resolved text entry instead."
"Content\Config\Misc\DepositTypes.xml","DepositTypes.original.xml","depositType","DEPOSIT_TYPE_GEMS","description","","TODO","4","TodoPlaceholder","Skip","False","False","","False","Developer placeholder, not player-facing prose."
"Content\Config\Misc\DepositTypes.xml","DepositTypes.original.xml","depositType","DEPOSIT_TYPE_STONE","name","","TEXT.Name.Deposit.StoneDeposit","30","TextKeyReference","DoNotPatchHere","False","False","","False","This is a key/reference; translate the resolved text entry instead."
"Content\Config\Misc\DepositTypes.xml","DepositTypes.original.xml","depositType","DEPOSIT_TYPE_STONE","description","","TODO","4","TodoPlaceholder","Skip","False","False","","False","Developer placeholder, not player-facing prose."
"Content\Config\Misc\DepositTypes.xml","DepositTypes.original.xml","depositType","DEPOSIT_TYPE_COAL","name","","TEXT.Name.Deposit.CoalDeposit","29","TextKeyReference","DoNotPatchHere","False","False","","False","This is a key/reference; translate the resolved text entry instead."
"Content\Config\Misc\DepositTypes.xml","DepositTypes.original.xml","depositType","DEPOSIT_TYPE_COAL","description","","TODO","4","TodoPlaceholder","Skip","False","False","","False","Developer placeholder, not player-facing prose."
"Content\Config\Misc\DepositTypes.xml","DepositTypes.original.xml","depositType","DEPOSIT_TYPE_PEAT","name","","TEXT.Name.Deposit.PeatDeposit","29","TextKeyReference","DoNotPatchHere","False","False","","False","This is a key/reference; translate the resolved text entry instead."
"Content\Config\Misc\DepositTypes.xml","DepositTypes.original.xml","depositType","DEPOSIT_TYPE_PEAT","description","","TODO","4","TodoPlaceholder","Skip","False","False","","False","Developer placeholder, not player-facing prose."
"Content\Config\Misc\DepositTypes.xml","DepositTypes.original.xml","depositType","DEPOSIT_TYPE_SALT","name","","TEXT.Name.Deposit.SaltDeposit","29","TextKeyReference","DoNotPatchHere","False","False","","False","This is a key/reference; translate the resolved text entry instead."
"Content\Config\Misc\DepositTypes.xml","DepositTypes.original.xml","depositType","DEPOSIT_TYPE_SALT","description","","TODO","4","TodoPlaceholder","Skip","False","False","","False","Developer placeholder, not player-facing prose."
"Content\Config\Misc\DepositTypes.xml","DepositTypes.original.xml","depositType","DEPOSIT_TYPE_HORSES","name","","TEXT.Name.Deposit.HerdOfHorses","30","TextKeyReference","DoNotPatchHere","False","False","","False","This is a key/reference; translate the resolved text entry instead."
"Content\Config\Misc\DepositTypes.xml","DepositTypes.original.xml","depositType","DEPOSIT_TYPE_HORSES","description","","TODO","4","TodoPlaceholder","Skip","False","False","","False","Developer placeholder, not player-facing prose."
"Content\Config\Misc\DepositTypes.xml","DepositTypes.original.xml","depositType","DEPOSIT_TYPE_PUREBREDS","name","","TEXT.Name.Deposit.HerdOfPurebreds","33","TextKeyReference","DoNotPatchHere","False","False","","False","This is a key/reference; translate the resolved text entry instead."
"Content\Config\Misc\DepositTypes.xml","DepositTypes.original.xml","depositType","DEPOSIT_TYPE_PUREBREDS","description","","TODO","4","TodoPlaceholder","Skip","False","False","","False","Developer placeholder, not player-facing prose."
"Content\Config\Misc\DepositTypes.xml","DepositTypes.original.xml","depositType","DEPOSIT_TYPE_CATTLE","name","","TEXT.Name.Deposit.HerdOfCattle","30","TextKeyReference","DoNotPatchHere","False","False","","False","This is a key/reference; translate the resolved text entry instead."
"Content\Config\Misc\DepositTypes.xml","DepositTypes.original.xml","depositType","DEPOSIT_TYPE_CATTLE","description","","TODO","4","TodoPlaceholder","Skip","False","False","","False","Developer placeholder, not player-facing prose."
"Content\Config\Misc\DepositTypes.xml","DepositTypes.original.xml","depositType","DEPOSIT_TYPE_AUROCHS","name","","TEXT.Name.Deposit.HerdOfAurochs","31","TextKeyReference","DoNotPatchHere","False","False","","False","This is a key/reference; translate the resolved text entry instead."
"Content\Config\Misc\DepositTypes.xml","DepositTypes.original.xml","depositType","DEPOSIT_TYPE_AUROCHS","description","","TODO","4","TodoPlaceholder","Skip","False","False","","False","Developer placeholder, not player-facing prose."
"Content\Config\Misc\DepositTypes.xml","DepositTypes.original.xml","depositType","DEPOSIT_TYPE_SHEEP","name","","TEXT.Name.Deposit.HerdOfSheep","29","TextKeyReference","DoNotPatchHere","False","False","","False","This is a key/reference; translate the resolved text entry instead."
"Content\Config\Misc\DepositTypes.xml","DepositTypes.original.xml","depositType","DEPOSIT_TYPE_SHEEP","description","","TODO","4","TodoPlaceholder","Skip","False","False","","False","Developer placeholder, not player-facing prose."
"Content\Config\Misc\DepositTypes.xml","DepositTypes.original.xml","depositType","DEPOSIT_TYPE_PIGS","name","","TEXT.Name.Deposit.HerdOfPigs","28","TextKeyReference","DoNotPatchHere","False","False","","False","This is a key/reference; translate the resolved text entry instead."
"Content\Config\Misc\DepositTypes.xml","DepositTypes.original.xml","depositType","DEPOSIT_TYPE_PIGS","description","","TODO","4","TodoPlaceholder","Skip","False","False","","False","Developer placeholder, not player-facing prose."
"Content\Config\Misc\DepositTypes.xml","DepositTypes.original.xml","depositType","DEPOSIT_TYPE_DEER","name","","TEXT.Name.Deposit.HerdOfDeer","28","TextKeyReference","DoNotPatchHere","False","False","","False","This is a key/reference; translate the resolved text entry instead."
"Content\Config\Misc\DepositTypes.xml","DepositTypes.original.xml","depositType","DEPOSIT_TYPE_DEER","description","","TODO","4","TodoPlaceholder","Skip","False","False","","False","Developer placeholder, not player-facing prose."
"Content\Config\Misc\DepositTypes.xml","DepositTypes.original.xml","depositType","DEPOSIT_TYPE_BEEHIVE","name","","TEXT.Name.Deposit.Beehive","25","TextKeyReference","DoNotPatchHere","False","False","","False","This is a key/reference; translate the resolved text entry instead."
"Content\Config\Misc\DepositTypes.xml","DepositTypes.original.xml","depositType","DEPOSIT_TYPE_BEEHIVE","description","","TODO","4","TodoPlaceholder","Skip","False","False","","False","Developer placeholder, not player-facing prose."
"Content\Config\Misc\DepositTypes.xml","DepositTypes.original.xml","depositType","DEPOSIT_TYPE_FISH","name","","TEXT.Name.Deposit.SchoolOfFish","30","TextKeyReference","DoNotPatchHere","False","False","","False","This is a key/reference; translate the resolved text entry instead."
"Content\Config\Misc\DepositTypes.xml","DepositTypes.original.xml","depositType","DEPOSIT_TYPE_FISH","description","","TODO","4","TodoPlaceholder","Skip","False","False","","False","Developer placeholder, not player-facing prose."
"Content\Config\Misc\DepositTypes.xml","DepositTypes.original.xml","depositType","DEPOSIT_TYPE_BERRIES","name","","TEXT.Name.Deposit.PatchOfBerries","32","TextKeyReference","DoNotPatchHere","False","False","","False","This is a key/reference; translate the resolved text entry instead."
"Content\Config\Misc\DepositTypes.xml","DepositTypes.original.xml","depositType","DEPOSIT_TYPE_BERRIES","description","","TODO","4","TodoPlaceholder","Skip","False","False","","False","Developer placeholder, not player-facing prose."
"Content\Config\Misc\DepositTypes.xml","DepositTypes.original.xml","depositType","DEPOSIT_TYPE_FRUIT_TREES","name","","TEXT.Name.Deposit.GroveOfFruitTrees","35","TextKeyReference","DoNotPatchHere","False","False","","False","This is a key/reference; translate the resolved text entry instead."
"Content\Config\Misc\DepositTypes.xml","DepositTypes.original.xml","depositType","DEPOSIT_TYPE_FRUIT_TREES","description","","TODO","4","TodoPlaceholder","Skip","False","False","","False","Developer placeholder, not player-facing prose."
"Content\Config\Misc\DepositTypes.xml","DepositTypes.original.xml","depositType","DEPOSIT_TYPE_WHEAT","name","","TEXT.Name.Deposit.FieldOfWheat","30","TextKeyReference","DoNotPatchHere","False","False","","False","This is a key/reference; translate the resolved text entry instead."
"Content\Config\Misc\DepositTypes.xml","DepositTypes.original.xml","depositType","DEPOSIT_TYPE_WHEAT","description","","TODO","4","TodoPlaceholder","Skip","False","False","","False","Developer placeholder, not player-facing prose."
"Content\Config\Misc\DepositTypes.xml","DepositTypes.original.xml","depositType","DEPOSIT_TYPE_BARLEY","name","","TEXT.Name.Deposit.FieldOfBarley","31","TextKeyReference","DoNotPatchHere","False","False","","False","This is a key/reference; translate the resolved text entry instead."
"Content\Config\Misc\DepositTypes.xml","DepositTypes.original.xml","depositType","DEPOSIT_TYPE_BARLEY","description","","TODO","4","TodoPlaceholder","Skip","False","False","","False","Developer placeholder, not player-facing prose."
"Content\Config\Misc\DepositTypes.xml","DepositTypes.original.xml","depositType","DEPOSIT_TYPE_OLIVES","name","","TEXT.Name.Deposit.OliveGrove","28","TextKeyReference","DoNotPatchHere","False","False","","False","This is a key/reference; translate the resolved text entry instead."
"Content\Config\Misc\DepositTypes.xml","DepositTypes.original.xml","depositType","DEPOSIT_TYPE_OLIVES","description","","TODO","4","TodoPlaceholder","Skip","False","False","","False","Developer placeholder, not player-facing prose."
"Content\Config\Misc\DepositTypes.xml","DepositTypes.original.xml","depositType","DEPOSIT_TYPE_GRAPES","name","","TEXT.Name.Deposit.FieldOfGrapes","31","TextKeyReference","DoNotPatchHere","False","False","","False","This is a key/reference; translate the resolved text entry instead."
"Content\Config\Misc\DepositTypes.xml","DepositTypes.original.xml","depositType","DEPOSIT_TYPE_GRAPES","description","","TODO","4","TodoPlaceholder","Skip","False","False","","False","Developer placeholder, not player-facing prose."
"Content\Config\Misc\DepositTypes.xml","DepositTypes.original.xml","depositType","DEPOSIT_TYPE_FLAX","name","","TEXT.Name.Deposit.FieldOfFlax","29","TextKeyReference","DoNotPatchHere","False","False","","False","This is a key/reference; translate the resolved text entry instead."
"Content\Config\Misc\DepositTypes.xml","DepositTypes.original.xml","depositType","DEPOSIT_TYPE_FLAX","description","","TODO","4","TodoPlaceholder","Skip","False","False","","False","Developer placeholder, not player-facing prose."
"Content\Config\Misc\DepositTypes.xml","DepositTypes.original.xml","depositType","DEPOSIT_TYPE_MINERAL_SPRING","name","","TEXT.Name.Deposit.MineralSpring","31","TextKeyReference","DoNotPatchHere","False","False","","False","This is a key/reference; translate the resolved text entry instead."
"Content\Config\Misc\DepositTypes.xml","DepositTypes.original.xml","depositType","DEPOSIT_TYPE_MINERAL_SPRING","description","","TODO","4","TodoPlaceholder","Skip","False","False","","False","Developer placeholder, not player-facing prose."
"Content\Config\Misc\DepositTypes.xml","DepositTypes.original.xml","depositType","DEPOSIT_TYPE_RARE_FOREST","name","","TEXT.Name.Deposit.ForestOfRareTimber","36","TextKeyReference","DoNotPatchHere","False","False","","False","This is a key/reference; translate the resolved text entry instead."
"Content\Config\Misc\DepositTypes.xml","DepositTypes.original.xml","depositType","DEPOSIT_TYPE_RARE_FOREST","description","","TODO","4","TodoPlaceholder","Skip","False","False","","False","Developer placeholder, not player-facing prose."
"Content\Config\Misc\DepositTypes.xml","DepositTypes.original.xml","depositType","DEPOSIT_TYPE_SHROUD","name",""," TEXT.Name.Deposit.Unidentified","31","UnclassifiedLiteral","ReviewRequired","False","False","","False","No established safe patching rule yet."
"Content\Config\Misc\DepositTypes.xml","DepositTypes.original.xml","depositType","DEPOSIT_TYPE_SHROUD","description","","TODO","4","TodoPlaceholder","Skip","False","False","","False","Developer placeholder, not player-facing prose."
"Content\Config\Misc\Disciplines.xml","Disciplines.original.xml","discipline","DISCIPLINE_HONOR","name","","TEXT.Name.Discipline.Honor","26","TextKeyReference","DoNotPatchHere","False","False","","False","This is a key/reference; translate the resolved text entry instead."
"Content\Config\Misc\Disciplines.xml","Disciplines.original.xml","discipline","DISCIPLINE_HONOR","description","","Honor is one of the six [Disciplines|DISCIPLINE] which [Professions|PROFESSION] and [Clans|CLAN] can belong to.[BLANK-LINE]Most of the Professions in Honor are [Warriors|WARRIOR] like the [HUNTER] and [ARCHER], but it also has a handful of unique and useful [Civilians|CIVILIAN] Professions like the [FEAST-MASTER] and [PRIEST].","328","UnclassifiedLiteral","ReviewRequired","False","False","[Disciplines|DISCIPLINE] [Professions|PROFESSION] [Clans|CLAN] [BLANK-LINE] [Warriors|WARRIOR] [HUNTER] [ARCHER] [Civilians|CIVILIAN] [FEAST-MASTER] [PRIEST]","True","No established safe patching rule yet."
"Content\Config\Misc\Disciplines.xml","Disciplines.original.xml","discipline","DISCIPLINE_AGRICULTURE","name","","TEXT.Name.Discipline.Agriculture","32","TextKeyReference","DoNotPatchHere","False","False","","False","This is a key/reference; translate the resolved text entry instead."
"Content\Config\Misc\Disciplines.xml","Disciplines.original.xml","discipline","DISCIPLINE_AGRICULTURE","description","","Agriculture is one of the six [Disciplines|DISCIPLINE] which [Professions|PROFESSION] and [Clans|CLAN] can belong to.[BLANK-LINE]More generally, it involves the cultivation and use of [Plants|PLANT]. It is required by many Professions involving [FOOD] preparation like the [GATHERER] and [FARMER].","297","UnclassifiedLiteral","ReviewRequired","False","False","[Disciplines|DISCIPLINE] [Professions|PROFESSION] [Clans|CLAN] [BLANK-LINE] [Plants|PLANT] [FOOD] [GATHERER] [FARMER]","True","No established safe patching rule yet."
"Content\Config\Misc\Disciplines.xml","Disciplines.original.xml","discipline","DISCIPLINE_LIVESTOCK","name","","TEXT.Name.Discipline.Livestock","30","TextKeyReference","DoNotPatchHere","False","False","","False","This is a key/reference; translate the resolved text entry instead."
"Content\Config\Misc\Disciplines.xml","Disciplines.original.xml","discipline","DISCIPLINE_LIVESTOCK","description","","Livestock is one of the six [Disciplines|DISCIPLINE] which [Professions|PROFESSION] and [Clans|CLAN] can belong to.[BLANK-LINE]More generally, it involves the raising and use of [Animals|ANIMAL] in ways which aid a Tribe's economy. Professions in Livestock include the [TRAPPER] and [RANCHER].","293","UnclassifiedLiteral","ReviewRequired","False","False","[Disciplines|DISCIPLINE] [Professions|PROFESSION] [Clans|CLAN] [BLANK-LINE] [Animals|ANIMAL] [TRAPPER] [RANCHER]","True","No established safe patching rule yet."
"Content\Config\Misc\Disciplines.xml","Disciplines.original.xml","discipline","DISCIPLINE_METALWORKING","name","","TEXT.Name.Discipline.Metalworking","33","TextKeyReference","DoNotPatchHere","False","False","","False","This is a key/reference; translate the resolved text entry instead."
"Content\Config\Misc\Disciplines.xml","Disciplines.original.xml","discipline","DISCIPLINE_METALWORKING","description","","Metalworking is one of the six [Disciplines|DISCIPLINE] which [Professions|PROFESSION] and [Clans|CLAN] can belong to.[BLANK-LINE]More generally, it involves the extraction and forging of [Minerals|MINERAL] into useful products like [TOOLS] and [WEAPONS] if you've [Trained|TRAIN] a [BLACKSMITH] or [WEAPONSMITH].","313","UnclassifiedLiteral","ReviewRequired","False","False","[Disciplines|DISCIPLINE] [Professions|PROFESSION] [Clans|CLAN] [BLANK-LINE] [Minerals|MINERAL] [TOOLS] [WEAPONS] [Trained|TRAIN] [BLACKSMITH] [WEAPONSMITH]","True","No established safe patching rule yet."
"Content\Config\Misc\Disciplines.xml","Disciplines.original.xml","discipline","DISCIPLINE_CRAFTING","name","","TEXT.Name.Discipline.Crafting","29","TextKeyReference","DoNotPatchHere","False","False","","False","This is a key/reference; translate the resolved text entry instead."
"Content\Config\Misc\Disciplines.xml","Disciplines.original.xml","discipline","DISCIPLINE_CRAFTING","description","","Crafting is one of the six [Disciplines|DISCIPLINE] which [Professions|PROFESSION] and [Clans|CLAN] can belong to.[BLANK-LINE]More generally, it involves the creation and maintenance of [Structures|STRUCTURE], other items made from [TIMBER], [STONE], and the production of [CLOTH]. Professions in Crafting include the [WOOD-COLLECTOR], [LOGGER], and [WEAVER].","359","UnclassifiedLiteral","ReviewRequired","False","False","[Disciplines|DISCIPLINE] [Professions|PROFESSION] [Clans|CLAN] [BLANK-LINE] [Structures|STRUCTURE] [TIMBER] [STONE] [CLOTH] [WOOD-COLLECTOR] [LOGGER] [WEAVER]","True","No established safe patching rule yet."
"Content\Config\Misc\Disciplines.xml","Disciplines.original.xml","discipline","DISCIPLINE_DISCOVERY","name","","TEXT.Name.Discipline.Discovery","30","TextKeyReference","DoNotPatchHere","False","False","","False","This is a key/reference; translate the resolved text entry instead."
"Content\Config\Misc\Disciplines.xml","Disciplines.original.xml","discipline","DISCIPLINE_DISCOVERY","description","","Discovery is one of the six [Disciplines|DISCIPLINE] which [Professions|PROFESSION] and [Clans|CLAN] can belong to.[BLANK-LINE]More generally, it focuses on uncovering the unknown whether tangible or abstract. It is especially important for Professions which [Produce|PRODUCE] [KNOWLEDGE] like the [LOREKEEPER], or help you learn about the world around you like the [EXPLORER] and [SURVEYOR].","392","UnclassifiedLiteral","ReviewRequired","False","False","[Disciplines|DISCIPLINE] [Professions|PROFESSION] [Clans|CLAN] [BLANK-LINE] [Produce|PRODUCE] [KNOWLEDGE] [LOREKEEPER] [EXPLORER] [SURVEYOR]","True","No established safe patching rule yet."
"Content\Config\Misc\EmperorTraits.xml","EmperorTraits.original.xml","emperorTrait","EMPERORTRAIT_AGGRESSIVE","name","","Aggressive","10","UnclassifiedLiteral","ReviewRequired","False","False","","False","No established safe patching rule yet."
"Content\Config\Misc\EmperorTraits.xml","EmperorTraits.original.xml","emperorTrait","EMPERORTRAIT_AGGRESSIVE","description","","Aggressive Emperors eagerly seek out a fight, whether internally or externally. They often assume the throne as the result of a violent succession. Their ambition and confidence often makes them Popular.","203","UnclassifiedLiteral","ReviewRequired","False","False","","False","No established safe patching rule yet."
"Content\Config\Misc\EmperorTraits.xml","EmperorTraits.original.xml","emperorTrait","EMPERORTRAIT_CHILD","name","","Child","5","UnclassifiedLiteral","ReviewRequired","False","False","","False","No established safe patching rule yet."
"Content\Config\Misc\EmperorTraits.xml","EmperorTraits.original.xml","emperorTrait","EMPERORTRAIT_CHILD","description","","Child Emperors are typically weak and have trouble keeping the Empire unified. If they live long enough they will grow up, and their personality may change.","156","UnclassifiedLiteral","ReviewRequired","False","False","","False","No established safe patching rule yet."
"Content\Config\Misc\EmperorTraits.xml","EmperorTraits.original.xml","emperorTrait","EMPERORTRAIT_COWARD","name","","Coward","6","UnclassifiedLiteral","ReviewRequired","False","False","","False","No established safe patching rule yet."
"Content\Config\Misc\EmperorTraits.xml","EmperorTraits.original.xml","emperorTrait","EMPERORTRAIT_COWARD","description","","Cowardly Emperors avoid fights whenever possible. This increases the chance of rebellion, particularly among the legions. Their lack of confidence and ambition often makes them Unpopular.","187","UnclassifiedLiteral","ReviewRequired","False","False","","False","No established safe patching rule yet."
"Content\Config\Misc\EmperorTraits.xml","EmperorTraits.original.xml","emperorTrait","EMPERORTRAIT_HERETIC","name","","Heretic","7","UnclassifiedLiteral","ReviewRequired","False","False","","False","No established safe patching rule yet."
"Content\Config\Misc\EmperorTraits.xml","EmperorTraits.original.xml","emperorTrait","EMPERORTRAIT_HERETIC","description","","Heretic Emperors forcibly and unnaturally switch the religion of the Empire, causing great turmoil. They are often Unpopular and sometimes Illegitimate.","152","UnclassifiedLiteral","ReviewRequired","False","False","","False","No established safe patching rule yet."
"Content\Config\Misc\EmperorTraits.xml","EmperorTraits.original.xml","emperorTrait","EMPERORTRAIT_ILLEGITIMATE","name","","Illegitimate","12","UnclassifiedLiteral","ReviewRequired","False","False","","False","No established safe patching rule yet."
"Content\Config\Misc\EmperorTraits.xml","EmperorTraits.original.xml","emperorTrait","EMPERORTRAIT_ILLEGITIMATE","description","","Illegitimate Emperors are sometimes Unpopular and attract the ire of the other half of the Empire. They often succeed Infertile Emperors.","137","UnclassifiedLiteral","ReviewRequired","False","False","","False","No established safe patching rule yet."
"Content\Config\Misc\EmperorTraits.xml","EmperorTraits.original.xml","emperorTrait","EMPERORTRAIT_INFERTILE","name","","Infertile","9","UnclassifiedLiteral","ReviewRequired","False","False","","False","No established safe patching rule yet."
"Content\Config\Misc\EmperorTraits.xml","EmperorTraits.original.xml","emperorTrait","EMPERORTRAIT_INFERTILE","description","","Emperors being Infertile often results in a destabilizing succession crisis. However, the ability to manage this turmoil and select advisors based on merit often also makes them more capable.","191","UnclassifiedLiteral","ReviewRequired","False","False","","False","No established safe patching rule yet."
"Content\Config\Misc\EmperorTraits.xml","EmperorTraits.original.xml","emperorTrait","EMPERORTRAIT_INSANE","name","","Insane","6","UnclassifiedLiteral","ReviewRequired","False","False","","False","No established safe patching rule yet."
"Content\Config\Misc\EmperorTraits.xml","EmperorTraits.original.xml","emperorTrait","EMPERORTRAIT_INSANE","description","","Insane Emperors are unpredictable and dangerous. They are usually Unpopular and often Aggressive or Sick.","105","UnclassifiedLiteral","ReviewRequired","False","False","","False","No established safe patching rule yet."
"Content\Config\Misc\EmperorTraits.xml","EmperorTraits.original.xml","emperorTrait","EMPERORTRAIT_POPULAR","name","","Popular","7","UnclassifiedLiteral","ReviewRequired","False","False","","False","No established safe patching rule yet."
"Content\Config\Misc\EmperorTraits.xml","EmperorTraits.original.xml","emperorTrait","EMPERORTRAIT_POPULAR","description","","Popular Emperors are more secure on the throne, which results in fewer rebellions and other destabilizing events.","113","UnclassifiedLiteral","ReviewRequired","False","False","","False","No established safe patching rule yet."
"Content\Config\Misc\EmperorTraits.xml","EmperorTraits.original.xml","emperorTrait","EMPERORTRAIT_PUPPET","name","","Puppet","6","UnclassifiedLiteral","ReviewRequired","False","False","","False","No established safe patching rule yet."
"Content\Config\Misc\EmperorTraits.xml","EmperorTraits.original.xml","emperorTrait","EMPERORTRAIT_PUPPET","description","","Puppet Emperors mask the true power behind the throne. They tend to be weak, and civil wars under their watch are common.","121","UnclassifiedLiteral","ReviewRequired","False","False","","False","No established safe patching rule yet."
"Content\Config\Misc\EmperorTraits.xml","EmperorTraits.original.xml","emperorTrait","EMPERORTRAIT_SICK","name","","Sick","4","UnclassifiedLiteral","ReviewRequired","False","False","","False","No established safe patching rule yet."
"Content\Config\Misc\EmperorTraits.xml","EmperorTraits.original.xml","emperorTrait","EMPERORTRAIT_SICK","description","","Sick Emperors are usually weak, have shorter lifespans and a small chance of simply keeling over at any time. They're often also afflicted with other ailments, such as Infertility and Insanity.","193","UnclassifiedLiteral","ReviewRequired","False","False","","False","No established safe patching rule yet."
"Content\Config\Misc\EmperorTraits.xml","EmperorTraits.original.xml","emperorTrait","EMPERORTRAIT_STRONG","name","","Strong","6","UnclassifiedLiteral","ReviewRequired","False","False","","False","No established safe patching rule yet."
"Content\Config\Misc\EmperorTraits.xml","EmperorTraits.original.xml","emperorTrait","EMPERORTRAIT_STRONG","description","","Strong Emperors have a firm hold on the state, dramatically reducing the chances of rebellion. They are often Popular and Aggressive.","133","UnclassifiedLiteral","ReviewRequired","False","False","","False","No established safe patching rule yet."
"Content\Config\Misc\EmperorTraits.xml","EmperorTraits.original.xml","emperorTrait","EMPERORTRAIT_UNPOPULAR","name","","Unpopular","9","UnclassifiedLiteral","ReviewRequired","False","False","","False","No established safe patching rule yet."
"Content\Config\Misc\EmperorTraits.xml","EmperorTraits.original.xml","emperorTrait","EMPERORTRAIT_UNPOPULAR","description","","An Emperor being Unpopular increases the chance of unrest.","58","UnclassifiedLiteral","ReviewRequired","False","False","","False","No established safe patching rule yet."
"Content\Config\Misc\EmperorTraits.xml","EmperorTraits.original.xml","emperorTrait","EMPERORTRAIT_USURPER","name","","Usurper","7","UnclassifiedLiteral","ReviewRequired","False","False","","False","No established safe patching rule yet."
"Content\Config\Misc\EmperorTraits.xml","EmperorTraits.original.xml","emperorTrait","EMPERORTRAIT_USURPER","description","","Emperors who have Usurped the throne are usually strong but also divisive, and a destabilizing force within the Empire.","119","UnclassifiedLiteral","ReviewRequired","False","False","","False","No established safe patching rule yet."
"Content\Config\Misc\EmperorTraits.xml","EmperorTraits.original.xml","emperorTrait","EMPERORTRAIT_WEAK","name","","Weak","4","UnclassifiedLiteral","ReviewRequired","False","False","","False","No established safe patching rule yet."
"Content\Config\Misc\EmperorTraits.xml","EmperorTraits.original.xml","emperorTrait","EMPERORTRAIT_WEAK","description","","Weak Emperors have a tenuous hold on the throne. The threat of rebellion or assassination is ever present during their reign.","125","UnclassifiedLiteral","ReviewRequired","False","False","","False","No established safe patching rule yet."
"Content\Config\Misc\GoodyResults.xml","GoodyResults.original.xml","goodyResult","GOODY_RESULT_FOOD","name","","Inside the recently-abandoned farm's storage building your [EXPLORER] finds a large stockpile of [FOOD]!","104","UnclassifiedLiteral","ReviewRequired","False","False","[EXPLORER] [FOOD]","True","No established safe patching rule yet."
"Content\Config\Misc\GoodyResults.xml","GoodyResults.original.xml","goodyResult","GOODY_RESULT_FOOD","description","","TODO","4","TodoPlaceholder","Skip","False","False","","False","Developer placeholder, not player-facing prose."
"Content\Config\Misc\GoodyResults.xml","GoodyResults.original.xml","goodyResult","GOODY_RESULT_TIMBER","name","","Hidden inside one of the farm's storehouses your [EXPLORER] finds several bundles of usable [TIMBER]!","101","UnclassifiedLiteral","ReviewRequired","False","False","[EXPLORER] [TIMBER]","True","No established safe patching rule yet."
"Content\Config\Misc\GoodyResults.xml","GoodyResults.original.xml","goodyResult","GOODY_RESULT_TIMBER","description","","TODO","4","TodoPlaceholder","Skip","False","False","","False","Developer placeholder, not player-facing prose."
"Content\Config\Misc\GoodyResults.xml","GoodyResults.original.xml","goodyResult","GOODY_RESULT_TREASURE","name","","Among the ruins of the village your [EXPLORER] finds abandoned valuables!","73","UnclassifiedLiteral","ReviewRequired","False","False","[EXPLORER]","True","No established safe patching rule yet."
"Content\Config\Misc\GoodyResults.xml","GoodyResults.original.xml","goodyResult","GOODY_RESULT_TREASURE","description","","TODO","4","TodoPlaceholder","Skip","False","False","","False","Developer placeholder, not player-facing prose."
"Content\Config\Misc\GoodyResults.xml","GoodyResults.original.xml","goodyResult","GOODY_RESULT_TOOLS","name","","Among the ruins of the village your [EXPLORER] finds a cache of [TOOLS]!","72","UnclassifiedLiteral","ReviewRequired","False","False","[EXPLORER] [TOOLS]","True","No established safe patching rule yet."
"Content\Config\Misc\GoodyResults.xml","GoodyResults.original.xml","goodyResult","GOODY_RESULT_TOOLS","description","","TODO","4","TodoPlaceholder","Skip","False","False","","False","Developer placeholder, not player-facing prose."
"Content\Config\Misc\GoodyResults.xml","GoodyResults.original.xml","goodyResult","GOODY_RESULT_WEAPONS","name","","Among the wreckage your [EXPLORER] finds several usable [WEAPONS]!","66","UnclassifiedLiteral","ReviewRequired","False","False","[EXPLORER] [WEAPONS]","True","No established safe patching rule yet."
"Content\Config\Misc\GoodyResults.xml","GoodyResults.original.xml","goodyResult","GOODY_RESULT_WEAPONS","description","","TODO","4","TodoPlaceholder","Skip","False","False","","False","Developer placeholder, not player-facing prose."
"Content\Config\Misc\GoodyResults.xml","GoodyResults.original.xml","goodyResult","GOODY_RESULT_LUXURIES","name","","Among the ruins of the city your [EXPLORER] finds a variety of luxury goods left behind by the former inhabitants!","114","UnclassifiedLiteral","ReviewRequired","False","False","[EXPLORER]","True","No established safe patching rule yet."
"Content\Config\Misc\GoodyResults.xml","GoodyResults.original.xml","goodyResult","GOODY_RESULT_LUXURIES","description","","TODO","4","TodoPlaceholder","Skip","False","False","","False","Developer placeholder, not player-facing prose."
"Content\Config\Misc\GoodyResults.xml","GoodyResults.original.xml","goodyResult","GOODY_RESULT_FARMER","name","","Among the ruins your [EXPLORER] finds a [Clan|CLAN] of [FARMER:S] who wish to join you!","87","UnclassifiedLiteral","ReviewRequired","False","False","[EXPLORER] [Clan|CLAN] [FARMER:S]","True","No established safe patching rule yet."
"Content\Config\Misc\GoodyResults.xml","GoodyResults.original.xml","goodyResult","GOODY_RESULT_FARMER","description","","TODO","4","TodoPlaceholder","Skip","False","False","","False","Developer placeholder, not player-facing prose."
"Content\Config\Misc\GoodyResults.xml","GoodyResults.original.xml","goodyResult","GOODY_RESULT_GATHERER","name","","Among the ruins your [EXPLORER] finds a [Clan|CLAN] of [GATHERER:S] who wish to join you!","89","UnclassifiedLiteral","ReviewRequired","False","False","[EXPLORER] [Clan|CLAN] [GATHERER:S]","True","No established safe patching rule yet."
"Content\Config\Misc\GoodyResults.xml","GoodyResults.original.xml","goodyResult","GOODY_RESULT_GATHERER","description","","TODO","4","TodoPlaceholder","Skip","False","False","","False","Developer placeholder, not player-facing prose."
"Content\Config\Misc\GoodyResults.xml","GoodyResults.original.xml","goodyResult","GOODY_RESULT_REAPER","name","","Among the ruins your [EXPLORER] finds a [Clan|CLAN] of [REAPER:S] who wish to join you!","87","UnclassifiedLiteral","ReviewRequired","False","False","[EXPLORER] [Clan|CLAN] [REAPER:S]","True","No established safe patching rule yet."
"Content\Config\Misc\GoodyResults.xml","GoodyResults.original.xml","goodyResult","GOODY_RESULT_REAPER","description","","TODO","4","TodoPlaceholder","Skip","False","False","","False","Developer placeholder, not player-facing prose."
"Content\Config\Misc\GoodyResults.xml","GoodyResults.original.xml","goodyResult","GOODY_RESULT_DIGGER","name","","Among the ruins of the Village your [EXPLORER] finds a [Clan|CLAN] of [DIGGER:S] who wish to join you!","102","UnclassifiedLiteral","ReviewRequired","False","False","[EXPLORER] [Clan|CLAN] [DIGGER:S]","True","No established safe patching rule yet."
"Content\Config\Misc\GoodyResults.xml","GoodyResults.original.xml","goodyResult","GOODY_RESULT_DIGGER","description","","TODO","4","TodoPlaceholder","Skip","False","False","","False","Developer placeholder, not player-facing prose."
"Content\Config\Misc\GoodyResults.xml","GoodyResults.original.xml","goodyResult","GOODY_RESULT_WOOD_COLLECTOR","name","","Among the ruins of the Village your [EXPLORER] finds a [Clan|CLAN] of [WOOD-COLLECTOR:S] who wish to join you!","110","UnclassifiedLiteral","ReviewRequired","False","False","[EXPLORER] [Clan|CLAN] [WOOD-COLLECTOR:S]","True","No established safe patching rule yet."
"Content\Config\Misc\GoodyResults.xml","GoodyResults.original.xml","goodyResult","GOODY_RESULT_WOOD_COLLECTOR","description","","TODO","4","TodoPlaceholder","Skip","False","False","","False","Developer placeholder, not player-facing prose."
"Content\Config\Misc\GoodyResults.xml","GoodyResults.original.xml","goodyResult","GOODY_RESULT_MINER","name","","Among the ruins of the Village your [EXPLORER] finds a [Clan|CLAN] of [MINER:S] who wish to join you!","101","UnclassifiedLiteral","ReviewRequired","False","False","[EXPLORER] [Clan|CLAN] [MINER:S]","True","No established safe patching rule yet."
"Content\Config\Misc\GoodyResults.xml","GoodyResults.original.xml","goodyResult","GOODY_RESULT_MINER","description","","TODO","4","TodoPlaceholder","Skip","False","False","","False","Developer placeholder, not player-facing prose."
"Content\Config\Misc\GoodyResults.xml","GoodyResults.original.xml","goodyResult","GOODY_RESULT_LOGGER","name","","Among the ruins of the Village your [EXPLORER] finds a [Clan|CLAN] of [LOGGER:S] who wish to join you!","102","UnclassifiedLiteral","ReviewRequired","False","False","[EXPLORER] [Clan|CLAN] [LOGGER:S]","True","No established safe patching rule yet."
"Content\Config\Misc\GoodyResults.xml","GoodyResults.original.xml","goodyResult","GOODY_RESULT_LOGGER","description","","TODO","4","TodoPlaceholder","Skip","False","False","","False","Developer placeholder, not player-facing prose."
"Content\Config\Misc\GoodyResults.xml","GoodyResults.original.xml","goodyResult","GOODY_RESULT_TRADER","name","","Among the ruins of the City your [EXPLORER] finds a group of [TRADER:S] who wish to join you!","93","UnclassifiedLiteral","ReviewRequired","False","False","[EXPLORER] [TRADER:S]","True","No established safe patching rule yet."
"Content\Config\Misc\GoodyResults.xml","GoodyResults.original.xml","goodyResult","GOODY_RESULT_TRADER","description","","TODO","4","TodoPlaceholder","Skip","False","False","","False","Developer placeholder, not player-facing prose."
"Content\Config\Misc\GoodyResults.xml","GoodyResults.original.xml","goodyResult","GOODY_RESULT_SURVEYOR","name","","Among the ruins of the City your [EXPLORER] finds a group of [SURVEYOR:S] who wish to join you!","95","UnclassifiedLiteral","ReviewRequired","False","False","[EXPLORER] [SURVEYOR:S]","True","No established safe patching rule yet."
"Content\Config\Misc\GoodyResults.xml","GoodyResults.original.xml","goodyResult","GOODY_RESULT_SURVEYOR","description","","TODO","4","TodoPlaceholder","Skip","False","False","","False","Developer placeholder, not player-facing prose."
"Content\Config\Misc\GoodyResults.xml","GoodyResults.original.xml","goodyResult","GOODY_RESULT_EXPLORER","name","","Among the ruins of the Fortress your [EXPLORER] finds another group of wanderering explorers who wish to join you!","114","UnclassifiedLiteral","ReviewRequired","False","False","[EXPLORER]","True","No established safe patching rule yet."
"Content\Config\Misc\GoodyResults.xml","GoodyResults.original.xml","goodyResult","GOODY_RESULT_EXPLORER","description","","TODO","4","TodoPlaceholder","Skip","False","False","","False","Developer placeholder, not player-facing prose."
"Content\Config\Misc\GoodyResults.xml","GoodyResults.original.xml","goodyResult","GOODY_RESULT_ARCHER","name","","Among the ruins of the Fortress your [EXPLORER] finds a group of vagabond [Warriors|WARRIOR] who wish to join you!","114","UnclassifiedLiteral","ReviewRequired","False","False","[EXPLORER] [Warriors|WARRIOR]","True","No established safe patching rule yet."
"Content\Config\Misc\GoodyResults.xml","GoodyResults.original.xml","goodyResult","GOODY_RESULT_ARCHER","description","","TODO","4","TodoPlaceholder","Skip","False","False","","False","Developer placeholder, not player-facing prose."
"Content\Config\Misc\GoodyResults.xml","GoodyResults.original.xml","goodyResult","GOODY_RESULT_LANCER","name","","Among the ruins of the Fortress your [EXPLORER] finds a group of vagabond [Horsemen|CAVALRY] who wish to join you!","114","UnclassifiedLiteral","ReviewRequired","False","False","[EXPLORER] [Horsemen|CAVALRY]","True","No established safe patching rule yet."
"Content\Config\Misc\GoodyResults.xml","GoodyResults.original.xml","goodyResult","GOODY_RESULT_LANCER","description","","TODO","4","TodoPlaceholder","Skip","False","False","","False","Developer placeholder, not player-facing prose."
"Content\Config\Misc\GoodyResults.xml","GoodyResults.original.xml","goodyResult","GOODY_RESULT_ROMAN_LEGION","name","","Among the ruins of the city your [EXPLORER] finds a group of disenchanted Roman soldiers who agree to join you!","111","UnclassifiedLiteral","ReviewRequired","False","False","[EXPLORER]","True","No established safe patching rule yet."
"Content\Config\Misc\GoodyResults.xml","GoodyResults.original.xml","goodyResult","GOODY_RESULT_ROMAN_LEGION","description","","TODO","4","TodoPlaceholder","Skip","False","False","","False","Developer placeholder, not player-facing prose."
"Content\Config\Misc\GoodyResults.xml","GoodyResults.original.xml","goodyResult","GOODY_RESULT_VISION_POINT","name","","Among the wreckage your [EXPLORER] finds equipment which increases his sight range! (+1 [Vision|VISION])","104","UnclassifiedLiteral","ReviewRequired","False","False","[EXPLORER] [Vision|VISION]","True","No established safe patching rule yet."
"Content\Config\Misc\GoodyResults.xml","GoodyResults.original.xml","goodyResult","GOODY_RESULT_VISION_POINT","description","","TODO","4","TodoPlaceholder","Skip","False","False","","False","Developer placeholder, not player-facing prose."
"Content\Config\Misc\GoodyResults.xml","GoodyResults.original.xml","goodyResult","GOODY_RESULT_MOVE_POINT","name","","Among the wreckage your [EXPLORER] finds lighter equipment which increases his mobility! (+1 [Move|MOVE-POINT])","111","UnclassifiedLiteral","ReviewRequired","False","False","[EXPLORER] [Move|MOVE-POINT]","True","No established safe patching rule yet."
"Content\Config\Misc\GoodyResults.xml","GoodyResults.original.xml","goodyResult","GOODY_RESULT_MOVE_POINT","description","","TODO","4","TodoPlaceholder","Skip","False","False","","False","Developer placeholder, not player-facing prose."
"Content\Config\Misc\GoodyResults.xml","GoodyResults.original.xml","goodyResult","GOODY_RESULT_SUPPLY_COST","name","","Hidden inside the Farm's storage your [EXPLORER] finds experts in survival willing to join him! (-1 [Supply|SUPPLY] Needed)","123","UnclassifiedLiteral","ReviewRequired","False","False","[EXPLORER] [Supply|SUPPLY]","True","No established safe patching rule yet."
"Content\Config\Misc\GoodyResults.xml","GoodyResults.original.xml","goodyResult","GOODY_RESULT_SUPPLY_COST","description","","TODO","4","TodoPlaceholder","Skip","False","False","","False","Developer placeholder, not player-facing prose."
"Content\Config\Misc\GoodyResults.xml","GoodyResults.original.xml","goodyResult","GOODY_RESULT_POWER_UPGRADE","name","","Among the wreckage your [EXPLORER] finds better equipment which increases his [Power|POWER]!","92","UnclassifiedLiteral","ReviewRequired","False","False","[EXPLORER] [Power|POWER]","True","No established safe patching rule yet."
"Content\Config\Misc\GoodyResults.xml","GoodyResults.original.xml","goodyResult","GOODY_RESULT_POWER_UPGRADE","description","","TODO","4","TodoPlaceholder","Skip","False","False","","False","Developer placeholder, not player-facing prose."
"Content\Config\Misc\GoodyResults.xml","GoodyResults.original.xml","goodyResult","GOODY_RESULT_VISION_MOVE_POWER","name","","Among the ruins your [EXPLORER] finds a treasure trove of equipment! His [Power|POWER], [Movement|MOVE-POINT] and [Vision|VISION] have all been enhanced!","153","UnclassifiedLiteral","ReviewRequired","False","False","[EXPLORER] [Power|POWER] [Movement|MOVE-POINT] [Vision|VISION]","True","No established safe patching rule yet."
"Content\Config\Misc\GoodyResults.xml","GoodyResults.original.xml","goodyResult","GOODY_RESULT_VISION_MOVE_POWER","description","","TODO","4","TodoPlaceholder","Skip","False","False","","False","Developer placeholder, not player-facing prose."
"Content\Config\Misc\GoodyResults.xml","GoodyResults.original.xml","goodyResult","GOODY_RESULT_REVEAL_NEARBY_GOODIES","name","","Among the shattered buildings your [EXPLORER] finds a barely-legible map revealing other [Deserted Locations|DESERTED-LOCATION] nearby!","135","UnclassifiedLiteral","ReviewRequired","False","False","[EXPLORER] [Deserted Locations|DESERTED-LOCATION]","True","No established safe patching rule yet."
"Content\Config\Misc\GoodyResults.xml","GoodyResults.original.xml","goodyResult","GOODY_RESULT_REVEAL_NEARBY_GOODIES","description","","TODO","4","TodoPlaceholder","Skip","False","False","","False","Developer placeholder, not player-facing prose."
"Content\Config\Misc\GoodyResults.xml","GoodyResults.original.xml","goodyResult","GOODY_RESULT_BANDITS","name","","Among the ruins of the Fortress your [EXPLORER] stumbles upon an army of [Bandits|BANDIT] lying in wait!","104","UnclassifiedLiteral","ReviewRequired","False","False","[EXPLORER] [Bandits|BANDIT]","True","No established safe patching rule yet."
"Content\Config\Misc\GoodyResults.xml","GoodyResults.original.xml","goodyResult","GOODY_RESULT_BANDITS","description","","TODO","4","TodoPlaceholder","Skip","False","False","","False","Developer placeholder, not player-facing prose."
"Content\Config\Misc\GoodyResults.xml","GoodyResults.original.xml","goodyResult","GOODY_RESULT_TECH","name","","Among the ruins your [EXPLORER] discovers the secrets of lost Roman practices!","78","UnclassifiedLiteral","ReviewRequired","False","False","[EXPLORER]","True","No established safe patching rule yet."
"Content\Config\Misc\GoodyResults.xml","GoodyResults.original.xml","goodyResult","GOODY_RESULT_TECH","description","","TODO","4","TodoPlaceholder","Skip","False","False","","False","Developer placeholder, not player-facing prose."
"Content\Config\Misc\HelpTips.xml","HelpTips.original.xml","helpTip","HELPTIP_WelcomeToAtG","name","","TEXT.Tip.WelcomeToAtG.Name","26","TextKeyReference","DoNotPatchHere","False","False","","False","This is a key/reference; translate the resolved text entry instead."
"Content\Config\Misc\HelpTips.xml","HelpTips.original.xml","helpTip","HELPTIP_BasicGameSummary","name","","TEXT.Tip.BasicGameSummary.Name","30","TextKeyReference","DoNotPatchHere","False","False","","False","This is a key/reference; translate the resolved text entry instead."
"Content\Config\Misc\HelpTips.xml","HelpTips.original.xml","helpTip","HELPTIP_WhatToDoOnTheFirstTurn","name","","TEXT.Tip.WhatToDoOnTheFirstTurn.Name","36","TextKeyReference","DoNotPatchHere","False","False","","False","This is a key/reference; translate the resolved text entry instead."
"Content\Config\Misc\HelpTips.xml","HelpTips.original.xml","helpTip","HELPTIP_WhatToDoOnTheFirstTurnContinued","name","","TEXT.Tip.WhatToDoOnTheFirstTurnContinued.Name","45","TextKeyReference","DoNotPatchHere","False","False","","False","This is a key/reference; translate the resolved text entry instead."
"Content\Config\Misc\HelpTips.xml","HelpTips.original.xml","helpTip","HELPTIP_BasicGameRules","name","","TEXT.Tip.BasicGameRules.Name","28","TextKeyReference","DoNotPatchHere","False","False","","False","This is a key/reference; translate the resolved text entry instead."
"Content\Config\Misc\HelpTips.xml","HelpTips.original.xml","helpTip","HELPTIP_InterfaceAndBasicGameControls","name","","TEXT.Tip.InterfaceAndBasicGameControls.Name","43","TextKeyReference","DoNotPatchHere","False","False","","False","This is a key/reference; translate the resolved text entry instead."
"Content\Config\Misc\HelpTips.xml","HelpTips.original.xml","helpTip","HELPTIP_InterfaceAndBasicGameControlsContinued","name","","TEXT.Tip.InterfaceAndBasicGameControlsContinued.Name","52","TextKeyReference","DoNotPatchHere","False","False","","False","This is a key/reference; translate the resolved text entry instead."
"Content\Config\Misc\HelpTips.xml","HelpTips.original.xml","helpTip","HELPTIP_BasicEconomics","name","","TEXT.Tip.BasicEconomics.Name","28","TextKeyReference","DoNotPatchHere","False","False","","False","This is a key/reference; translate the resolved text entry instead."
"Content\Config\Misc\HelpTips.xml","HelpTips.original.xml","helpTip","HELPTIP_BasicEconomicsContinued","name","","TEXT.Tip.BasicEconomicsContinued.Name","37","TextKeyReference","DoNotPatchHere","False","False","","False","This is a key/reference; translate the resolved text entry instead."
"Content\Config\Misc\HelpTips.xml","HelpTips.original.xml","helpTip","HELPTIP_HowToWin","name","","TEXT.Tip.HowToWin.Name","22","TextKeyReference","DoNotPatchHere","False","False","","False","This is a key/reference; translate the resolved text entry instead."
"Content\Config\Misc\HelpTips.xml","HelpTips.original.xml","helpTip","HELPTIP_HowToWinContinued","name","","TEXT.Tip.HowToWinContinued.Name","31","TextKeyReference","DoNotPatchHere","False","False","","False","This is a key/reference; translate the resolved text entry instead."
"Content\Config\Misc\HelpTips.xml","HelpTips.original.xml","helpTip","HELPTIP_FoundingAKingdom","name","","TEXT.Tip.FoundingAKingdom.Name","30","TextKeyReference","DoNotPatchHere","False","False","","False","This is a key/reference; translate the resolved text entry instead."
"Content\Config\Misc\HelpTips.xml","HelpTips.original.xml","helpTip","HELPTIP_TheSettlement","name","","TEXT.Tip.TheSettlement.Name","27","TextKeyReference","DoNotPatchHere","False","False","","False","This is a key/reference; translate the resolved text entry instead."
"Content\Config\Misc\HelpTips.xml","HelpTips.original.xml","helpTip","HELPTIP_TheMap","name","","TEXT.Tip.TheMap.Name","20","TextKeyReference","DoNotPatchHere","False","False","","False","This is a key/reference; translate the resolved text entry instead."
"Content\Config\Misc\HelpTips.xml","HelpTips.original.xml","helpTip","HELPTIP_Clans","name","","TEXT.Tip.Clans.Name","19","TextKeyReference","DoNotPatchHere","False","False","","False","This is a key/reference; translate the resolved text entry instead."
"Content\Config\Misc\HelpTips.xml","HelpTips.original.xml","helpTip","HELPTIP_Professions","name","","TEXT.Tip.Professions.Name","25","TextKeyReference","DoNotPatchHere","False","False","","False","This is a key/reference; translate the resolved text entry instead."
"Content\Config\Misc\HelpTips.xml","HelpTips.original.xml","helpTip","HELPTIP_Units","name","","TEXT.Tip.Units.Name","19","TextKeyReference","DoNotPatchHere","False","False","","False","This is a key/reference; translate the resolved text entry instead."
"Content\Config\Misc\HelpTips.xml","HelpTips.original.xml","helpTip","HELPTIP_Research","name","","TEXT.Tip.Research.Name","22","TextKeyReference","DoNotPatchHere","False","False","","False","This is a key/reference; translate the resolved text entry instead."
"Content\Config\Misc\HelpTips.xml","HelpTips.original.xml","helpTip","HELPTIP_TheOtherFactions","name","","TEXT.Tip.TheOtherFactions.Name","30","TextKeyReference","DoNotPatchHere","False","False","","False","This is a key/reference; translate the resolved text entry instead."
"Content\Config\Misc\HelpTips.xml","HelpTips.original.xml","helpTip","HELPTIP_Diplomacy","name","","TEXT.Tip.Diplomacy.Name","23","TextKeyReference","DoNotPatchHere","False","False","","False","This is a key/reference; translate the resolved text entry instead."
"Content\Config\Misc\HelpTips.xml","HelpTips.original.xml","helpTip","HELPTIP_Resources","name","","TEXT.Tip.Resources.Name","23","TextKeyReference","DoNotPatchHere","False","False","","False","This is a key/reference; translate the resolved text entry instead."
"Content\Config\Misc\HelpTips.xml","HelpTips.original.xml","helpTip","HELPTIP_Food","name","","TEXT.Tip.Food.Name","18","TextKeyReference","DoNotPatchHere","False","False","","False","This is a key/reference; translate the resolved text entry instead."
"Content\Config\Misc\HelpTips.xml","HelpTips.original.xml","helpTip","HELPTIP_HarvestingResources","name","","TEXT.Tip.HarvestingResources.Name","33","TextKeyReference","DoNotPatchHere","False","False","","False","This is a key/reference; translate the resolved text entry instead."
"Content\Config\Misc\HelpTips.xml","HelpTips.original.xml","helpTip","HELPTIP_BasicWarfare","name","","TEXT.Tip.BasicWarfare.Name","26","TextKeyReference","DoNotPatchHere","False","False","","False","This is a key/reference; translate the resolved text entry instead."
"Content\Config\Misc\HelpTips.xml","HelpTips.original.xml","helpTip","HELPTIP_TheWorldScreen","name","","TEXT.Tip.TheWorldScreen.Name","28","TextKeyReference","DoNotPatchHere","False","False","","False","This is a key/reference; translate the resolved text entry instead."
"Content\Config\Misc\HelpTips.xml","HelpTips.original.xml","helpTip","HELPTIP_OtherScreens","name","","TEXT.Tip.OtherScreens.Name","26","TextKeyReference","DoNotPatchHere","False","False","","False","This is a key/reference; translate the resolved text entry instead."
"Content\Config\Misc\HelpTips.xml","HelpTips.original.xml","helpTip","HELPTIP_AtGsTooltips","name","","TEXT.Tip.AtGsTooltips.Name","26","TextKeyReference","DoNotPatchHere","False","False","","False","This is a key/reference; translate the resolved text entry instead."
"Content\Config\Misc\HelpTips.xml","HelpTips.original.xml","helpTip","HELPTIP_AdvancedInterfaceConcepts","name","","TEXT.Tip.AdvancedInterfaceConcepts.Name","39","TextKeyReference","DoNotPatchHere","False","False","","False","This is a key/reference; translate the resolved text entry instead."
"Content\Config\Misc\HelpTips.xml","HelpTips.original.xml","helpTip","HELPTIP_ControlAndBorders","name","","TEXT.Tip.ControlAndBorders.Name","31","TextKeyReference","DoNotPatchHere","False","False","","False","This is a key/reference; translate the resolved text entry instead."
"Content\Config\Misc\HelpTips.xml","HelpTips.original.xml","helpTip","HELPTIP_Structures","name","","TEXT.Tip.Structures.Name","24","TextKeyReference","DoNotPatchHere","False","False","","False","This is a key/reference; translate the resolved text entry instead."
"Content\Config\Misc\HelpTips.xml","HelpTips.original.xml","helpTip","HELPTIP_Terrain","name","","TEXT.Tip.Terrain.Name","21","TextKeyReference","DoNotPatchHere","False","False","","False","This is a key/reference; translate the resolved text entry instead."
"Content\Config\Misc\HelpTips.xml","HelpTips.original.xml","helpTip","HELPTIP_SeasonsAndWeather","name","","TEXT.Tip.SeasonsAndWeather.Name","31","TextKeyReference","DoNotPatchHere","False","False","","False","This is a key/reference; translate the resolved text entry instead."
"Content\Config\Misc\HelpTips.xml","HelpTips.original.xml","helpTip","HELPTIP_TheCaravan","name","","TEXT.Tip.TheCaravan.Name","24","TextKeyReference","DoNotPatchHere","False","False","","False","This is a key/reference; translate the resolved text entry instead."
"Content\Config\Misc\HelpTips.xml","HelpTips.original.xml","helpTip","HELPTIP_Supply","name","","TEXT.Tip.Supply.Name","20","TextKeyReference","DoNotPatchHere","False","False","","False","This is a key/reference; translate the resolved text entry instead."
"Content\Config\Misc\HelpTips.xml","HelpTips.original.xml","helpTip","HELPTIP_Sendoff","name","","TEXT.Tip.Sendoff.Name","21","TextKeyReference","DoNotPatchHere","False","False","","False","This is a key/reference; translate the resolved text entry instead."
"Content\Config\Misc\Intensities.xml","Intensities.original.xml","intensity","INTENSITY_CURIOUS","name","","Interested","10","UnclassifiedLiteral","ReviewRequired","False","False","","False","No established safe patching rule yet."
"Content\Config\Misc\Intensities.xml","Intensities.original.xml","intensity","INTENSITY_CURIOUS","description","","expressed interest in","21","UnclassifiedLiteral","ReviewRequired","False","False","","False","No established safe patching rule yet."
"Content\Config\Misc\Intensities.xml","Intensities.original.xml","intensity","INTENSITY_INTERESTED","name","","Interested","10","UnclassifiedLiteral","ReviewRequired","False","False","","False","No established safe patching rule yet."
"Content\Config\Misc\Intensities.xml","Intensities.original.xml","intensity","INTENSITY_INTERESTED","description","","expressed interest in","21","UnclassifiedLiteral","ReviewRequired","False","False","","False","No established safe patching rule yet."
"Content\Config\Misc\Intensities.xml","Intensities.original.xml","intensity","INTENSITY_DISTRACTED","name","","Interested","10","UnclassifiedLiteral","ReviewRequired","False","False","","False","No established safe patching rule yet."
"Content\Config\Misc\Intensities.xml","Intensities.original.xml","intensity","INTENSITY_DISTRACTED","description","","expressed interest in","21","UnclassifiedLiteral","ReviewRequired","False","False","","False","No established safe patching rule yet."
"Content\Config\Misc\Intensities.xml","Intensities.original.xml","intensity","INTENSITY_OBSESSED","name","","Obsessed","8","UnclassifiedLiteral","ReviewRequired","False","False","","True","No established safe patching rule yet."
"Content\Config\Misc\Intensities.xml","Intensities.original.xml","intensity","INTENSITY_OBSESSED","description","","[COLOR:BAD-RED]become obsessed[/COLOR] with the idea of","55","UnclassifiedLiteral","ReviewRequired","False","False","[COLOR:BAD-RED] [/COLOR]","True","No established safe patching rule yet."
"Content\Config\Misc\MapSizes.xml","MapSizes.original.xml","mapSize","MAP_SIZE_CUSTOM","name","","Custom","6","UnclassifiedLiteral","ReviewRequired","False","False","","False","No established safe patching rule yet."
"Content\Config\Misc\MapSizes.xml","MapSizes.original.xml","mapSize","MAP_SIZE_CUSTOM","description","","TODO","4","TodoPlaceholder","Skip","False","False","","False","Developer placeholder, not player-facing prose."
"Content\Config\Misc\MapSizes.xml","MapSizes.original.xml","mapSize","MAP_SIZE_TEST","name","","Test","4","UnclassifiedLiteral","ReviewRequired","False","False","","False","No established safe patching rule yet."
"Content\Config\Misc\MapSizes.xml","MapSizes.original.xml","mapSize","MAP_SIZE_TEST","description","","TODO","4","TodoPlaceholder","Skip","False","False","","False","Developer placeholder, not player-facing prose."
"Content\Config\Misc\MapSizes.xml","MapSizes.original.xml","mapSize","MAP_SIZE_TINY","name","","Tiny","4","UnclassifiedLiteral","ReviewRequired","False","False","","False","No established safe patching rule yet."
"Content\Config\Misc\MapSizes.xml","MapSizes.original.xml","mapSize","MAP_SIZE_TINY","description","","TODO","4","TodoPlaceholder","Skip","False","False","","False","Developer placeholder, not player-facing prose."
"Content\Config\Misc\MapSizes.xml","MapSizes.original.xml","mapSize","MAP_SIZE_SMALL","name","","Small","5","UnclassifiedLiteral","ReviewRequired","False","False","","False","No established safe patching rule yet."
"Content\Config\Misc\MapSizes.xml","MapSizes.original.xml","mapSize","MAP_SIZE_SMALL","description","","110 x 84 tiles (9,240 total)","28","UnclassifiedLiteral","ReviewRequired","False","False","","False","No established safe patching rule yet."
"Content\Config\Misc\MapSizes.xml","MapSizes.original.xml","mapSize","MAP_SIZE_STANDARD","name","","Standard","8","UnclassifiedLiteral","ReviewRequired","False","False","","False","No established safe patching rule yet."
"Content\Config\Misc\MapSizes.xml","MapSizes.original.xml","mapSize","MAP_SIZE_STANDARD","description","","126 x 96 tiles (12,096 total)","29","UnclassifiedLiteral","ReviewRequired","False","False","","False","No established safe patching rule yet."
"Content\Config\Misc\MapSizes.xml","MapSizes.original.xml","mapSize","MAP_SIZE_LARGE","name","","Large","5","UnclassifiedLiteral","ReviewRequired","False","False","","False","No established safe patching rule yet."
"Content\Config\Misc\MapSizes.xml","MapSizes.original.xml","mapSize","MAP_SIZE_LARGE","description","","140 x 100 tiles (14,000 total)","30","UnclassifiedLiteral","ReviewRequired","False","False","","False","No established safe patching rule yet."
"Content\Config\Misc\MapSizes.xml","MapSizes.original.xml","mapSize","MAP_SIZE_HUGE","name","","Huge","4","UnclassifiedLiteral","ReviewRequired","False","False","","False","No established safe patching rule yet."
"Content\Config\Misc\MapSizes.xml","MapSizes.original.xml","mapSize","MAP_SIZE_HUGE","description","","200 x 150 tiles (30,000 total)","30","UnclassifiedLiteral","ReviewRequired","False","False","","False","No established safe patching rule yet."
"Content\Config\Misc\Moods.xml","Moods.original.xml","mood","MOOD_RESENTFUL","name","","Resentful","9","UnclassifiedLiteral","ReviewRequired","False","False","","False","No established safe patching rule yet."
"Content\Config\Misc\Moods.xml","Moods.original.xml","mood","MOOD_RESENTFUL","description","","TEXT.Description.Mood.Resentful","31","TextKeyReference","DoNotPatchHere","False","False","","False","This is a key/reference; translate the resolved text entry instead."
"Content\Config\Misc\Moods.xml","Moods.original.xml","mood","MOOD_ANGRY","name","","Angry","5","UnclassifiedLiteral","ReviewRequired","False","False","","False","No established safe patching rule yet."
"Content\Config\Misc\Moods.xml","Moods.original.xml","mood","MOOD_ANGRY","description","","TEXT.Description.Mood.Angry","27","TextKeyReference","DoNotPatchHere","False","False","","False","This is a key/reference; translate the resolved text entry instead."
"Content\Config\Misc\Moods.xml","Moods.original.xml","mood","MOOD_UPSET","name","","Upset","5","UnclassifiedLiteral","ReviewRequired","False","False","","True","No established safe patching rule yet."
"Content\Config\Misc\Moods.xml","Moods.original.xml","mood","MOOD_UPSET","description","","TEXT.Description.Mood.Upset","27","TextKeyReference","DoNotPatchHere","False","False","","False","This is a key/reference; translate the resolved text entry instead."
"Content\Config\Misc\Moods.xml","Moods.original.xml","mood","MOOD_CONTENT","name","","Content","7","UnclassifiedLiteral","ReviewRequired","False","False","","True","No established safe patching rule yet."
"Content\Config\Misc\Moods.xml","Moods.original.xml","mood","MOOD_CONTENT","description","","TEXT.Description.Mood.Content","29","TextKeyReference","DoNotPatchHere","False","False","","False","This is a key/reference; translate the resolved text entry instead."
"Content\Config\Misc\Moods.xml","Moods.original.xml","mood","MOOD_HAPPY","name","","Happy","5","UnclassifiedLiteral","ReviewRequired","False","False","","True","No established safe patching rule yet."
"Content\Config\Misc\Moods.xml","Moods.original.xml","mood","MOOD_HAPPY","description","","TEXT.Description.Mood.Happy","27","TextKeyReference","DoNotPatchHere","False","False","","False","This is a key/reference; translate the resolved text entry instead."
"Content\Config\Misc\Moods.xml","Moods.original.xml","mood","MOOD_JUBILANT","name","","Jubilant","8","UnclassifiedLiteral","ReviewRequired","False","False","","False","No established safe patching rule yet."
"Content\Config\Misc\Moods.xml","Moods.original.xml","mood","MOOD_JUBILANT","description","","TEXT.Description.Mood.Jubilant","30","TextKeyReference","DoNotPatchHere","False","False","","False","This is a key/reference; translate the resolved text entry instead."
"Content\Config\Misc\PoliticalEvents.xml","PoliticalEvents.original.xml","politicalEvent","POLITICALEVENT_ASSASSINATION","name","","Assassination","13","UnclassifiedLiteral","ReviewRequired","False","False","","False","No established safe patching rule yet."
"Content\Config\Misc\PoliticalEvents.xml","PoliticalEvents.original.xml","politicalEvent","POLITICALEVENT_ASSASSINATION","description","","The previous Leader is murdered and replaced.","45","UnclassifiedLiteral","ReviewRequired","False","False","","False","No established safe patching rule yet."
"Content\Config\Misc\PoliticalEvents.xml","PoliticalEvents.original.xml","politicalEvent","POLITICALEVENT_LEADER_KILLED_IN_BATTLE","name","","Leader Killed in Battle","23","UnclassifiedLiteral","ReviewRequired","False","False","","False","No established safe patching rule yet."
"Content\Config\Misc\PoliticalEvents.xml","PoliticalEvents.original.xml","politicalEvent","POLITICALEVENT_LEADER_KILLED_IN_BATTLE","description","","Perhaps bravely, perhaps foolishly, either way the Leader was found slain in a recent battle.","93","UnclassifiedLiteral","ReviewRequired","False","False","","False","No established safe patching rule yet."
"Content\Config\Misc\PoliticalEvents.xml","PoliticalEvents.original.xml","politicalEvent","POLITICALEVENT_RIVAL","name","","Rival for the Throne","20","UnclassifiedLiteral","ReviewRequired","False","False","","False","No established safe patching rule yet."
"Content\Config\Misc\PoliticalEvents.xml","PoliticalEvents.original.xml","politicalEvent","POLITICALEVENT_RIVAL","description","","An ambitious or revenge-minded rival makes a bid to usurp power from the current Leader.","88","UnclassifiedLiteral","ReviewRequired","False","False","","False","No established safe patching rule yet."
"Content\Config\Misc\PoliticalEvents.xml","PoliticalEvents.original.xml","politicalEvent","POLITICALEVENT_ARMY_REVOLT","name","","Revolt Among the Army","21","UnclassifiedLiteral","ReviewRequired","False","False","","False","No established safe patching rule yet."
"Content\Config\Misc\PoliticalEvents.xml","PoliticalEvents.original.xml","politicalEvent","POLITICALEVENT_ARMY_REVOLT","description","","Unhappy soldiers organize to overthrow the current Leader and place a man of their choosing on the throne.","106","UnclassifiedLiteral","ReviewRequired","False","False","","False","No established safe patching rule yet."
"Content\Config\Misc\PoliticalEvents.xml","PoliticalEvents.original.xml","politicalEvent","POLITICALEVENT_PROVINCE_BREAKS_FREE","name","","Province Breaks Free","20","UnclassifiedLiteral","ReviewRequired","False","False","","False","No established safe patching rule yet."
"Content\Config\Misc\PoliticalEvents.xml","PoliticalEvents.original.xml","politicalEvent","POLITICALEVENT_PROVINCE_BREAKS_FREE","description","","The disgruntled leadership of a province cut ties with the Kingdom in hopes of establishing an independent kingdom.","115","UnclassifiedLiteral","ReviewRequired","False","False","","False","No established safe patching rule yet."
"Content\Config\Misc\PoliticalEvents.xml","PoliticalEvents.original.xml","politicalEvent","POLITICALEVENT_UNCOOPERATIVE_PUPPET","name","","Uncooperative Puppet","20","UnclassifiedLiteral","ReviewRequired","False","False","","False","No established safe patching rule yet."
"Content\Config\Misc\PoliticalEvents.xml","PoliticalEvents.original.xml","politicalEvent","POLITICALEVENT_UNCOOPERATIVE_PUPPET","description","","A plan to place a meek, compliant Leader on the throne backfires when he turns out to be much more independently-minded than hoped.","131","UnclassifiedLiteral","ReviewRequired","False","False","","False","No established safe patching rule yet."
"Content\Config\Misc\Religions.xml","Religions.original.xml","religion","RELIGION_NICENE","name","","Nicene Christianity","19","ReligionDisplay","SafeDisplay","False","True","","True","Player-facing religion label or adjective under a stable religion ID."
"Content\Config\Misc\Religions.xml","Religions.original.xml","religion","RELIGION_NICENE","description","","TODO","4","TodoPlaceholder","Skip","False","False","","False","Developer placeholder, not player-facing prose."
"Content\Config\Misc\Religions.xml","Religions.original.xml","religion","RELIGION_NICENE","adjective","","Nicene Christian","16","ReligionDisplay","SafeDisplay","False","False","","True","Player-facing religion label or adjective under a stable religion ID."
"Content\Config\Misc\Religions.xml","Religions.original.xml","religion","RELIGION_ARIAN","name","","Arian Christianity","18","ReligionDisplay","SafeDisplay","False","False","","True","Player-facing religion label or adjective under a stable religion ID."
"Content\Config\Misc\Religions.xml","Religions.original.xml","religion","RELIGION_ARIAN","description","","TODO","4","TodoPlaceholder","Skip","False","False","","False","Developer placeholder, not player-facing prose."
"Content\Config\Misc\Religions.xml","Religions.original.xml","religion","RELIGION_ARIAN","adjective","","Arian Christian","15","ReligionDisplay","SafeDisplay","False","False","","True","Player-facing religion label or adjective under a stable religion ID."
"Content\Config\Misc\Religions.xml","Religions.original.xml","religion","RELIGION_PAGAN","name","","Pagan","5","ReligionDisplay","SafeDisplay","False","False","","True","Player-facing religion label or adjective under a stable religion ID."
"Content\Config\Misc\Religions.xml","Religions.original.xml","religion","RELIGION_PAGAN","description","","TODO","4","TodoPlaceholder","Skip","False","False","","False","Developer placeholder, not player-facing prose."
"Content\Config\Misc\Religions.xml","Religions.original.xml","religion","RELIGION_PAGAN","adjective","","Pagan","5","ReligionDisplay","SafeDisplay","False","False","","True","Player-facing religion label or adjective under a stable religion ID."
"Content\Config\Misc\ZoneTraitConstraints.xml","ZoneTraitConstraints.original.xml","zoneTraitConstraint","CONSTRAINT_ESSENTIAL_FOOD","name","","Essential Food","14","UnclassifiedLiteral","ReviewRequired","False","False","","False","No established safe patching rule yet."
"Content\Config\Misc\ZoneTraitConstraints.xml","ZoneTraitConstraints.original.xml","zoneTraitConstraint","CONSTRAINT_ESSENTIAL_FOOD","description","","TODO","4","TodoPlaceholder","Skip","False","False","","False","Developer placeholder, not player-facing prose."
"Content\Config\Misc\ZoneTraitConstraints.xml","ZoneTraitConstraints.original.xml","zoneTraitConstraint","CONSTRAINT_FOOD","name","","Food","4","UnclassifiedLiteral","ReviewRequired","False","False","","False","No established safe patching rule yet."
"Content\Config\Misc\ZoneTraitConstraints.xml","ZoneTraitConstraints.original.xml","zoneTraitConstraint","CONSTRAINT_FOOD","description","","TODO","4","TodoPlaceholder","Skip","False","False","","False","Developer placeholder, not player-facing prose."
"Content\Config\Misc\ZoneTraitConstraints.xml","ZoneTraitConstraints.original.xml","zoneTraitConstraint","CONSTRAINT_BANDITS","name","","Bandits","7","UnclassifiedLiteral","ReviewRequired","False","False","","False","No established safe patching rule yet."
"Content\Config\Misc\ZoneTraitConstraints.xml","ZoneTraitConstraints.original.xml","zoneTraitConstraint","CONSTRAINT_BANDITS","description","","TODO","4","TodoPlaceholder","Skip","False","False","","False","Developer placeholder, not player-facing prose."
"Content\Config\Misc\ZoneTraitConstraints.xml","ZoneTraitConstraints.original.xml","zoneTraitConstraint","CONSTRAINT_NEUTRAL_STRUCTURES","name","","Neutral Structures","18","UnclassifiedLiteral","ReviewRequired","False","False","","False","No established safe patching rule yet."
"Content\Config\Misc\ZoneTraitConstraints.xml","ZoneTraitConstraints.original.xml","zoneTraitConstraint","CONSTRAINT_NEUTRAL_STRUCTURES","description","","TODO","4","TodoPlaceholder","Skip","False","False","","False","Developer placeholder, not player-facing prose."
"Content\Config\OnMap\BanditCamps.xml","BanditCamps.original.xml","banditCamp","BANDIT_CAMP_STRONG","name","","Strong Camp","11","UnclassifiedLiteral","ReviewRequired","False","False","","False","No established safe patching rule yet."
"Content\Config\OnMap\BanditCamps.xml","BanditCamps.original.xml","banditCamp","BANDIT_CAMP_STRONG","description","","TODO","4","TodoPlaceholder","Skip","False","False","","False","Developer placeholder, not player-facing prose."
"Content\Config\OnMap\BanditCamps.xml","BanditCamps.original.xml","banditCamp","BANDIT_CAMP_WEAK","name","","Weak Camp","9","UnclassifiedLiteral","ReviewRequired","False","False","","False","No established safe patching rule yet."
"Content\Config\OnMap\BanditCamps.xml","BanditCamps.original.xml","banditCamp","BANDIT_CAMP_WEAK","description","","TODO","4","TodoPlaceholder","Skip","False","False","","False","Developer placeholder, not player-facing prose."
"Content\Config\OnMap\BanditCamps.xml","BanditCamps.original.xml","banditCamp","BANDIT_CAMP_STRONGHOLD","name","","Hostile Stronghold","18","UnclassifiedLiteral","ReviewRequired","False","False","","False","No established safe patching rule yet."
"Content\Config\OnMap\BanditCamps.xml","BanditCamps.original.xml","banditCamp","BANDIT_CAMP_STRONGHOLD","description","","TODO","4","TodoPlaceholder","Skip","False","False","","False","Developer placeholder, not player-facing prose."
"Content\Config\OnMap\BanditCamps.xml","BanditCamps.original.xml","banditCamp","BANDIT_CAMP_SLAVE_LARGE","name","","Large Slave Camp","16","UnclassifiedLiteral","ReviewRequired","False","False","","False","No established safe patching rule yet."
"Content\Config\OnMap\BanditCamps.xml","BanditCamps.original.xml","banditCamp","BANDIT_CAMP_SLAVE_LARGE","description","","TODO","4","TodoPlaceholder","Skip","False","False","","False","Developer placeholder, not player-facing prose."
"Content\Config\OnMap\BanditCamps.xml","BanditCamps.original.xml","banditCamp","BANDIT_CAMP_SLAVE_SMALL","name","","Small Slave Camp","16","UnclassifiedLiteral","ReviewRequired","False","False","","False","No established safe patching rule yet."
"Content\Config\OnMap\BanditCamps.xml","BanditCamps.original.xml","banditCamp","BANDIT_CAMP_SLAVE_SMALL","description","","TODO","4","TodoPlaceholder","Skip","False","False","","False","Developer placeholder, not player-facing prose."
"Content\Config\OnMap\Deposits.xml","Deposits.original.xml","deposit","DEPOSIT_IRON","name","","TEXT.Name.Deposit.IronDeposit","29","TextKeyReference","DoNotPatchHere","False","False","","False","This is a key/reference; translate the resolved text entry instead."
"Content\Config\OnMap\Deposits.xml","Deposits.original.xml","deposit","DEPOSIT_IRON","description","","Iron [Deposits|DEPOSIT] can be [Harvested|HARVEST] by a [DIGGER] or [IRON-MINE-1] to [Produce|PRODUCE] [IRON].","110","UnclassifiedLiteral","ReviewRequired","False","False","[Deposits|DEPOSIT] [Harvested|HARVEST] [DIGGER] [IRON-MINE-1] [Produce|PRODUCE] [IRON]","False","No established safe patching rule yet."
"Content\Config\OnMap\Deposits.xml","Deposits.original.xml","deposit","DEPOSIT_IRON_LARGE","name","","TEXT.Name.Deposit.LargeIronDeposit","34","TextKeyReference","DoNotPatchHere","False","False","","False","This is a key/reference; translate the resolved text entry instead."
"Content\Config\OnMap\Deposits.xml","Deposits.original.xml","deposit","DEPOSIT_IRON_LARGE","description","","Iron [Deposits|DEPOSIT] can be [Harvested|HARVEST] by a [DIGGER] or [IRON-MINE-1] to [Produce|PRODUCE] [IRON].[BLANK-LINE]This is a particularly large deposit!","159","UnclassifiedLiteral","ReviewRequired","False","False","[Deposits|DEPOSIT] [Harvested|HARVEST] [DIGGER] [IRON-MINE-1] [Produce|PRODUCE] [IRON] [BLANK-LINE]","False","No established safe patching rule yet."
"Content\Config\OnMap\Deposits.xml","Deposits.original.xml","deposit","DEPOSIT_IRON_VAST","name","","TEXT.Name.Deposit.VastIronDeposit","33","TextKeyReference","DoNotPatchHere","False","False","","False","This is a key/reference; translate the resolved text entry instead."
"Content\Config\OnMap\Deposits.xml","Deposits.original.xml","deposit","DEPOSIT_IRON_VAST","description","","Iron [Deposits|DEPOSIT] can be [Harvested|HARVEST] by a [DIGGER] or [IRON-MINE-1] to [Produce|PRODUCE] [IRON].[BLANK-LINE]This is among the largest deposits ever found!","168","UnclassifiedLiteral","ReviewRequired","False","False","[Deposits|DEPOSIT] [Harvested|HARVEST] [DIGGER] [IRON-MINE-1] [Produce|PRODUCE] [IRON] [BLANK-LINE]","False","No established safe patching rule yet."
"Content\Config\OnMap\Deposits.xml","Deposits.original.xml","deposit","DEPOSIT_METEORITE","name","","TEXT.Name.Deposit.Meteorite","27","TextKeyReference","DoNotPatchHere","False","False","","False","This is a key/reference; translate the resolved text entry instead."
"Content\Config\OnMap\Deposits.xml","Deposits.original.xml","deposit","DEPOSIT_METEORITE","description","","Meteorite [Deposits|DEPOSIT] are incredibly rare![BLANK-LINE]They can be [Harvested|HARVEST] by a [DIGGER] or [IRON-MINE-1] to [Produce|PRODUCE] [IRON].","152","UnclassifiedLiteral","ReviewRequired","False","False","[Deposits|DEPOSIT] [BLANK-LINE] [Harvested|HARVEST] [DIGGER] [IRON-MINE-1] [Produce|PRODUCE] [IRON]","False","No established safe patching rule yet."
"Content\Config\OnMap\Deposits.xml","Deposits.original.xml","deposit","DEPOSIT_METEORITE_LARGE","name","","TEXT.Name.Deposit.LargeMeteorite","32","TextKeyReference","DoNotPatchHere","False","False","","False","This is a key/reference; translate the resolved text entry instead."
"Content\Config\OnMap\Deposits.xml","Deposits.original.xml","deposit","DEPOSIT_METEORITE_LARGE","description","","Meteorite [Deposits|DEPOSIT] are incredibly rare![BLANK-LINE]They can be [Harvested|HARVEST] by a [DIGGER] or [IRON-MINE-1] to [Produce|PRODUCE] [IRON].[BLANK-LINE]This is one of the largest meteorites ever found!","213","UnclassifiedLiteral","ReviewRequired","False","False","[Deposits|DEPOSIT] [BLANK-LINE] [Harvested|HARVEST] [DIGGER] [IRON-MINE-1] [Produce|PRODUCE] [IRON]","False","No established safe patching rule yet."
"Content\Config\OnMap\Deposits.xml","Deposits.original.xml","deposit","DEPOSIT_METEORITE_VAST","name","","TEXT.Name.Deposit.VastMeteorite","31","TextKeyReference","DoNotPatchHere","False","False","","False","This is a key/reference; translate the resolved text entry instead."
"Content\Config\OnMap\Deposits.xml","Deposits.original.xml","deposit","DEPOSIT_METEORITE_VAST","description","","Meteorite [Deposits|DEPOSIT] are incredibly rare![BLANK-LINE]They can be [Harvested|HARVEST] by a [DIGGER] or [IRON-MINE-1] to [Produce|PRODUCE] [IRON].[BLANK-LINE]This is a truly massive meteorite, possibly the largest in history!","231","UnclassifiedLiteral","ReviewRequired","False","False","[Deposits|DEPOSIT] [BLANK-LINE] [Harvested|HARVEST] [DIGGER] [IRON-MINE-1] [Produce|PRODUCE] [IRON]","False","No established safe patching rule yet."
"Content\Config\OnMap\Deposits.xml","Deposits.original.xml","deposit","DEPOSIT_GOLD","name","","TEXT.Name.Deposit.GoldDeposit","29","TextKeyReference","DoNotPatchHere","False","False","","False","This is a key/reference; translate the resolved text entry instead."
"Content\Config\OnMap\Deposits.xml","Deposits.original.xml","deposit","DEPOSIT_GOLD","description","","Gold [Deposits|DEPOSIT] can be [Harvested|HARVEST] by a [DIGGER] or [GOLD-MINE-1] to [Produce|PRODUCE] a large amount of [TREASURE].","132","UnclassifiedLiteral","ReviewRequired","False","False","[Deposits|DEPOSIT] [Harvested|HARVEST] [DIGGER] [GOLD-MINE-1] [Produce|PRODUCE] [TREASURE]","False","No established safe patching rule yet."
"Content\Config\OnMap\Deposits.xml","Deposits.original.xml","deposit","DEPOSIT_GOLD_LARGE","name","","TEXT.Name.Deposit.LargeGoldDeposit","34","TextKeyReference","DoNotPatchHere","False","False","","False","This is a key/reference; translate the resolved text entry instead."
"Content\Config\OnMap\Deposits.xml","Deposits.original.xml","deposit","DEPOSIT_GOLD_LARGE","description","","Gold [Deposits|DEPOSIT] can be [Harvested|HARVEST] by a [DIGGER] or [GOLD-MINE-1] to [Produce|PRODUCE] a large amount of [TREASURE].[BLANK-LINE]This is a particularly large deposit!","181","UnclassifiedLiteral","ReviewRequired","False","False","[Deposits|DEPOSIT] [Harvested|HARVEST] [DIGGER] [GOLD-MINE-1] [Produce|PRODUCE] [TREASURE] [BLANK-LINE]","False","No established safe patching rule yet."
"Content\Config\OnMap\Deposits.xml","Deposits.original.xml","deposit","DEPOSIT_GOLD_VAST","name","","TEXT.Name.Deposit.VastGoldDeposit","33","TextKeyReference","DoNotPatchHere","False","False","","False","This is a key/reference; translate the resolved text entry instead."
"Content\Config\OnMap\Deposits.xml","Deposits.original.xml","deposit","DEPOSIT_GOLD_VAST","description","","Gold [Deposits|DEPOSIT] can be [Harvested|HARVEST] by a [DIGGER] or [GOLD-MINE-1] to [Produce|PRODUCE] a large amount of [TREASURE].[BLANK-LINE]This is among the largest deposits ever found!","190","UnclassifiedLiteral","ReviewRequired","False","False","[Deposits|DEPOSIT] [Harvested|HARVEST] [DIGGER] [GOLD-MINE-1] [Produce|PRODUCE] [TREASURE] [BLANK-LINE]","False","No established safe patching rule yet."
"Content\Config\OnMap\Deposits.xml","Deposits.original.xml","deposit","DEPOSIT_GEMS","name","","TEXT.Name.Deposit.GemsDeposit","29","TextKeyReference","DoNotPatchHere","False","False","","False","This is a key/reference; translate the resolved text entry instead."
"Content\Config\OnMap\Deposits.xml","Deposits.original.xml","deposit","DEPOSIT_GEMS","description","","Gem [Deposits|DEPOSIT] can be [Harvested|HARVEST] by a [DIGGER] or [GEM-MINE-1] to [Produce|PRODUCE] a huge amount of [TREASURE].","129","UnclassifiedLiteral","ReviewRequired","False","False","[Deposits|DEPOSIT] [Harvested|HARVEST] [DIGGER] [GEM-MINE-1] [Produce|PRODUCE] [TREASURE]","False","No established safe patching rule yet."
"Content\Config\OnMap\Deposits.xml","Deposits.original.xml","deposit","DEPOSIT_GEMS_LARGE","name","","TEXT.Name.Deposit.LargeGemsDeposit","34","TextKeyReference","DoNotPatchHere","False","False","","False","This is a key/reference; translate the resolved text entry instead."
"Content\Config\OnMap\Deposits.xml","Deposits.original.xml","deposit","DEPOSIT_GEMS_LARGE","description","","Gem [Deposits|DEPOSIT] can be [Harvested|HARVEST] by a [DIGGER] or [GEM-MINE-1] to [Produce|PRODUCE] a huge amount of [TREASURE].[BLANK-LINE]This is a particularly large deposit!","178","UnclassifiedLiteral","ReviewRequired","False","False","[Deposits|DEPOSIT] [Harvested|HARVEST] [DIGGER] [GEM-MINE-1] [Produce|PRODUCE] [TREASURE] [BLANK-LINE]","False","No established safe patching rule yet."
"Content\Config\OnMap\Deposits.xml","Deposits.original.xml","deposit","DEPOSIT_GEMS_VAST","name","","TEXT.Name.Deposit.VastGemsDeposit","33","TextKeyReference","DoNotPatchHere","False","False","","False","This is a key/reference; translate the resolved text entry instead."
"Content\Config\OnMap\Deposits.xml","Deposits.original.xml","deposit","DEPOSIT_GEMS_VAST","description","","Gem [Deposits|DEPOSIT] can be [Harvested|HARVEST] by a [DIGGER] or [GEM-MINE-1] to [Produce|PRODUCE] a huge amount of [TREASURE].[BLANK-LINE]This is among the largest deposits ever found!","187","UnclassifiedLiteral","ReviewRequired","False","False","[Deposits|DEPOSIT] [Harvested|HARVEST] [DIGGER] [GEM-MINE-1] [Produce|PRODUCE] [TREASURE] [BLANK-LINE]","False","No established safe patching rule yet."
"Content\Config\OnMap\Deposits.xml","Deposits.original.xml","deposit","DEPOSIT_STONE","name","","TEXT.Name.Deposit.StoneDeposit","30","TextKeyReference","DoNotPatchHere","False","False","","False","This is a key/reference; translate the resolved text entry instead."
"Content\Config\OnMap\Deposits.xml","Deposits.original.xml","deposit","DEPOSIT_STONE","description","","Stone [Deposits|DEPOSIT] can be [Harvested|HARVEST] by a [DIGGER] or [STONE-QUARRY-1] to [Produce|PRODUCE] [STONE].","115","UnclassifiedLiteral","ReviewRequired","False","False","[Deposits|DEPOSIT] [Harvested|HARVEST] [DIGGER] [STONE-QUARRY-1] [Produce|PRODUCE] [STONE]","False","No established safe patching rule yet."
"Content\Config\OnMap\Deposits.xml","Deposits.original.xml","deposit","DEPOSIT_STONE_LARGE","name","","TEXT.Name.Deposit.LargeStoneDeposit","35","TextKeyReference","DoNotPatchHere","False","False","","False","This is a key/reference; translate the resolved text entry instead."
"Content\Config\OnMap\Deposits.xml","Deposits.original.xml","deposit","DEPOSIT_STONE_LARGE","description","","Stone [Deposits|DEPOSIT] can be [Harvested|HARVEST] by a [DIGGER] or [STONE-QUARRY-1] to [Produce|PRODUCE] [STONE].[BLANK-LINE]This is a particularly large deposit!","164","UnclassifiedLiteral","ReviewRequired","False","False","[Deposits|DEPOSIT] [Harvested|HARVEST] [DIGGER] [STONE-QUARRY-1] [Produce|PRODUCE] [STONE] [BLANK-LINE]","False","No established safe patching rule yet."
"Content\Config\OnMap\Deposits.xml","Deposits.original.xml","deposit","DEPOSIT_STONE_VAST","name","","TEXT.Name.Deposit.VastStoneDeposit","34","TextKeyReference","DoNotPatchHere","False","False","","False","This is a key/reference; translate the resolved text entry instead."
"Content\Config\OnMap\Deposits.xml","Deposits.original.xml","deposit","DEPOSIT_STONE_VAST","description","","Stone [Deposits|DEPOSIT] can be [Harvested|HARVEST] by a [DIGGER] or [STONE-QUARRY-1] to [Produce|PRODUCE] [STONE].[BLANK-LINE]This is among the largest deposits ever found!","173","UnclassifiedLiteral","ReviewRequired","False","False","[Deposits|DEPOSIT] [Harvested|HARVEST] [DIGGER] [STONE-QUARRY-1] [Produce|PRODUCE] [STONE] [BLANK-LINE]","False","No established safe patching rule yet."
"Content\Config\OnMap\Deposits.xml","Deposits.original.xml","deposit","DEPOSIT_COAL","name","","TEXT.Name.Deposit.CoalDeposit","29","TextKeyReference","DoNotPatchHere","False","False","","False","This is a key/reference; translate the resolved text entry instead."
"Content\Config\OnMap\Deposits.xml","Deposits.original.xml","deposit","DEPOSIT_COAL","description","","Coal [Deposits|DEPOSIT] can be [Harvested|HARVEST] by a [DIGGER] or [COAL-MINE-1] to [Produce|PRODUCE] [COAL].","110","UnclassifiedLiteral","ReviewRequired","False","False","[Deposits|DEPOSIT] [Harvested|HARVEST] [DIGGER] [COAL-MINE-1] [Produce|PRODUCE] [COAL]","True","No established safe patching rule yet."
"Content\Config\OnMap\Deposits.xml","Deposits.original.xml","deposit","DEPOSIT_COAL_LARGE","name","","TEXT.Name.Deposit.LargeCoalDeposit","34","TextKeyReference","DoNotPatchHere","False","False","","False","This is a key/reference; translate the resolved text entry instead."
"Content\Config\OnMap\Deposits.xml","Deposits.original.xml","deposit","DEPOSIT_COAL_LARGE","description","","Coal [Deposits|DEPOSIT] can be [Harvested|HARVEST] by a [DIGGER] or [COAL-MINE-1] to [Produce|PRODUCE] [COAL].[BLANK-LINE]This is a particularly large deposit!","159","UnclassifiedLiteral","ReviewRequired","False","False","[Deposits|DEPOSIT] [Harvested|HARVEST] [DIGGER] [COAL-MINE-1] [Produce|PRODUCE] [COAL] [BLANK-LINE]","True","No established safe patching rule yet."
"Content\Config\OnMap\Deposits.xml","Deposits.original.xml","deposit","DEPOSIT_COAL_VAST","name","","TEXT.Name.Deposit.VastCoalDeposit","33","TextKeyReference","DoNotPatchHere","False","False","","False","This is a key/reference; translate the resolved text entry instead."
"Content\Config\OnMap\Deposits.xml","Deposits.original.xml","deposit","DEPOSIT_COAL_VAST","description","","Coal [Deposits|DEPOSIT] can be [Harvested|HARVEST] by a [DIGGER] or [COAL-MINE-1] to [Produce|PRODUCE] [COAL].[BLANK-LINE]This is among the largest deposits ever found!","168","UnclassifiedLiteral","ReviewRequired","False","False","[Deposits|DEPOSIT] [Harvested|HARVEST] [DIGGER] [COAL-MINE-1] [Produce|PRODUCE] [COAL] [BLANK-LINE]","True","No established safe patching rule yet."
"Content\Config\OnMap\Deposits.xml","Deposits.original.xml","deposit","DEPOSIT_PEAT","name","","TEXT.Name.Deposit.PeatDeposit","29","TextKeyReference","DoNotPatchHere","False","False","","False","This is a key/reference; translate the resolved text entry instead."
"Content\Config\OnMap\Deposits.xml","Deposits.original.xml","deposit","DEPOSIT_PEAT","description","","Peat [Deposits|DEPOSIT] can be [Harvested|HARVEST] by a [DIGGER] or [PEAT-MINE-1] to [Produce|PRODUCE] [COAL].[BLANK-LINE]Peat can only be found in [MARSH:S].","158","UnclassifiedLiteral","ReviewRequired","False","False","[Deposits|DEPOSIT] [Harvested|HARVEST] [DIGGER] [PEAT-MINE-1] [Produce|PRODUCE] [COAL] [BLANK-LINE] [MARSH:S]","True","No established safe patching rule yet."
"Content\Config\OnMap\Deposits.xml","Deposits.original.xml","deposit","DEPOSIT_PEAT_LARGE","name","","TEXT.Name.Deposit.LargePeatDeposit","34","TextKeyReference","DoNotPatchHere","False","False","","False","This is a key/reference; translate the resolved text entry instead."
"Content\Config\OnMap\Deposits.xml","Deposits.original.xml","deposit","DEPOSIT_PEAT_LARGE","description","","Peat [Deposits|DEPOSIT] can be [Harvested|HARVEST] by a [DIGGER] or [PEAT-MINE-1] to [Produce|PRODUCE] [COAL].[BLANK-LINE]Peat can only be found in [MARSH:S].[BLANK-LINE]This is a particularly large deposit!","207","UnclassifiedLiteral","ReviewRequired","False","False","[Deposits|DEPOSIT] [Harvested|HARVEST] [DIGGER] [PEAT-MINE-1] [Produce|PRODUCE] [COAL] [BLANK-LINE] [MARSH:S]","True","No established safe patching rule yet."
"Content\Config\OnMap\Deposits.xml","Deposits.original.xml","deposit","DEPOSIT_PEAT_VAST","name","","TEXT.Name.Deposit.VastPeatDeposit","33","TextKeyReference","DoNotPatchHere","False","False","","False","This is a key/reference; translate the resolved text entry instead."
"Content\Config\OnMap\Deposits.xml","Deposits.original.xml","deposit","DEPOSIT_PEAT_VAST","description","","Peat [Deposits|DEPOSIT] can be [Harvested|HARVEST] by a [DIGGER] or [PEAT-MINE-1] to [Produce|PRODUCE] [COAL].[BLANK-LINE]Peat can only be found in [MARSH:S].[BLANK-LINE]This is among the largest deposits ever found!","216","UnclassifiedLiteral","ReviewRequired","False","False","[Deposits|DEPOSIT] [Harvested|HARVEST] [DIGGER] [PEAT-MINE-1] [Produce|PRODUCE] [COAL] [BLANK-LINE] [MARSH:S]","True","No established safe patching rule yet."
"Content\Config\OnMap\Deposits.xml","Deposits.original.xml","deposit","DEPOSIT_SALT","name","","TEXT.Name.Deposit.SaltDeposit","29","TextKeyReference","DoNotPatchHere","False","False","","False","This is a key/reference; translate the resolved text entry instead."
"Content\Config\OnMap\Deposits.xml","Deposits.original.xml","deposit","DEPOSIT_SALT","description","","Salt [Deposits|DEPOSIT] can be [Harvested|HARVEST] by a [DIGGER] or [SALT-MINE-1] to [Produce|PRODUCE] [SALT].","110","UnclassifiedLiteral","ReviewRequired","False","False","[Deposits|DEPOSIT] [Harvested|HARVEST] [DIGGER] [SALT-MINE-1] [Produce|PRODUCE] [SALT]","False","No established safe patching rule yet."
"Content\Config\OnMap\Deposits.xml","Deposits.original.xml","deposit","DEPOSIT_SALT_LARGE","name","","TEXT.Name.Deposit.LargeSaltDeposit","34","TextKeyReference","DoNotPatchHere","False","False","","False","This is a key/reference; translate the resolved text entry instead."
"Content\Config\OnMap\Deposits.xml","Deposits.original.xml","deposit","DEPOSIT_SALT_LARGE","description","","Salt [Deposits|DEPOSIT] can be [Harvested|HARVEST] by a [DIGGER] or [SALT-MINE-1] to [Produce|PRODUCE] [SALT].[BLANK-LINE]This is a particularly large deposit!","159","UnclassifiedLiteral","ReviewRequired","False","False","[Deposits|DEPOSIT] [Harvested|HARVEST] [DIGGER] [SALT-MINE-1] [Produce|PRODUCE] [SALT] [BLANK-LINE]","False","No established safe patching rule yet."
"Content\Config\OnMap\Deposits.xml","Deposits.original.xml","deposit","DEPOSIT_SALT_VAST","name","","TEXT.Name.Deposit.VastSaltDeposit","33","TextKeyReference","DoNotPatchHere","False","False","","False","This is a key/reference; translate the resolved text entry instead."
"Content\Config\OnMap\Deposits.xml","Deposits.original.xml","deposit","DEPOSIT_SALT_VAST","description","","Salt [Deposits|DEPOSIT] can be [Harvested|HARVEST] by a [DIGGER] or [SALT-MINE-1] to [Produce|PRODUCE] [SALT].[BLANK-LINE]This is among the largest deposits ever found!","168","UnclassifiedLiteral","ReviewRequired","False","False","[Deposits|DEPOSIT] [Harvested|HARVEST] [DIGGER] [SALT-MINE-1] [Produce|PRODUCE] [SALT] [BLANK-LINE]","False","No established safe patching rule yet."
"Content\Config\OnMap\Deposits.xml","Deposits.original.xml","deposit","DEPOSIT_HORSES","name","","TEXT.Name.Deposit.HerdOfHorses","30","TextKeyReference","DoNotPatchHere","False","False","","False","This is a key/reference; translate the resolved text entry instead."
"Content\Config\OnMap\Deposits.xml","Deposits.original.xml","deposit","DEPOSIT_HORSES","description","","Herds of [HORSES] can be [Harvested|HARVEST] for [MEAT] by a [HUNTER], for [PARCHMENT] or [CLOTH] by a [TRAPPER], or added to your [Stockpile|STOCKPILE] and then used for other purposes by [Constructing|CONSTRUCT] a [HORSE-PASTURE-1] on them.","242","UnclassifiedLiteral","ReviewRequired","False","False","[HORSES] [Harvested|HARVEST] [MEAT] [HUNTER] [PARCHMENT] [CLOTH] [TRAPPER] [Stockpile|STOCKPILE] [Constructing|CONSTRUCT] [HORSE-PASTURE-1]","True","No established safe patching rule yet."
"Content\Config\OnMap\Deposits.xml","Deposits.original.xml","deposit","DEPOSIT_HORSES_LARGE","name","","TEXT.Name.Deposit.LargeHerdOfHorses","35","TextKeyReference","DoNotPatchHere","False","False","","False","This is a key/reference; translate the resolved text entry instead."
"Content\Config\OnMap\Deposits.xml","Deposits.original.xml","deposit","DEPOSIT_HORSES_LARGE","description","","Herds of [HORSES] can be [Harvested|HARVEST] for [MEAT] by a [HUNTER], for [PARCHMENT] or [CLOTH] by a [TRAPPER], or added to your [Stockpile|STOCKPILE] and then used for other purposes by [Constructing|CONSTRUCT] a [HORSE-PASTURE-1] on them.[BLANK-LINE]This is a particularly large herd!","288","UnclassifiedLiteral","ReviewRequired","False","False","[HORSES] [Harvested|HARVEST] [MEAT] [HUNTER] [PARCHMENT] [CLOTH] [TRAPPER] [Stockpile|STOCKPILE] [Constructing|CONSTRUCT] [HORSE-PASTURE-1] [BLANK-LINE]","True","No established safe patching rule yet."
"Content\Config\OnMap\Deposits.xml","Deposits.original.xml","deposit","DEPOSIT_HORSES_VAST","name","","TEXT.Name.Deposit.VastHerdOfHorses","34","TextKeyReference","DoNotPatchHere","False","False","","False","This is a key/reference; translate the resolved text entry instead."
"Content\Config\OnMap\Deposits.xml","Deposits.original.xml","deposit","DEPOSIT_HORSES_VAST","description","","Herds of [HORSES] can be [Harvested|HARVEST] for [MEAT] by a [HUNTER], for [PARCHMENT] or [CLOTH] by a [TRAPPER], or added to your [Stockpile|STOCKPILE] and then used for other purposes by [Constructing|CONSTRUCT] a [HORSE-PASTURE-1] on them.[BLANK-LINE]This is among the largest herds ever found!","297","UnclassifiedLiteral","ReviewRequired","False","False","[HORSES] [Harvested|HARVEST] [MEAT] [HUNTER] [PARCHMENT] [CLOTH] [TRAPPER] [Stockpile|STOCKPILE] [Constructing|CONSTRUCT] [HORSE-PASTURE-1] [BLANK-LINE]","True","No established safe patching rule yet."
"Content\Config\OnMap\Deposits.xml","Deposits.original.xml","deposit","DEPOSIT_PUREBREDS","name","","TEXT.Name.Deposit.HerdOfPurebreds","33","TextKeyReference","DoNotPatchHere","False","False","","False","This is a key/reference; translate the resolved text entry instead."
"Content\Config\OnMap\Deposits.xml","Deposits.original.xml","deposit","DEPOSIT_PUREBREDS","description","","Herds of [HORSES] can be [Harvested|HARVEST] for [MEAT] by a [HUNTER], for [PARCHMENT] or [CLOTH] by a [TRAPPER], or added to your [Stockpile|STOCKPILE] and then used for other purposes by [Constructing|CONSTRUCT] a [HORSE-PASTURE-1] on them.[BLANK-LINE]Purebred herds contain more useful animals than normal herds!","315","UnclassifiedLiteral","ReviewRequired","False","False","[HORSES] [Harvested|HARVEST] [MEAT] [HUNTER] [PARCHMENT] [CLOTH] [TRAPPER] [Stockpile|STOCKPILE] [Constructing|CONSTRUCT] [HORSE-PASTURE-1] [BLANK-LINE]","True","No established safe patching rule yet."
"Content\Config\OnMap\Deposits.xml","Deposits.original.xml","deposit","DEPOSIT_PUREBREDS_LARGE","name","","TEXT.Name.Deposit.LargeHerdOfPurebreds","38","TextKeyReference","DoNotPatchHere","False","False","","False","This is a key/reference; translate the resolved text entry instead."
"Content\Config\OnMap\Deposits.xml","Deposits.original.xml","deposit","DEPOSIT_PUREBREDS_LARGE","description","","Herds of [HORSES] can be [Harvested|HARVEST] for [MEAT] by a [HUNTER], for [PARCHMENT] or [CLOTH] by a [TRAPPER], or added to your [Stockpile|STOCKPILE] and then used for other purposes by [Constructing|CONSTRUCT] a [HORSE-PASTURE-1] on them.[BLANK-LINE]Purebred herds contain more useful animals than normal herds![BLANK-LINE]This is a particularly large herd!","361","UnclassifiedLiteral","ReviewRequired","False","False","[HORSES] [Harvested|HARVEST] [MEAT] [HUNTER] [PARCHMENT] [CLOTH] [TRAPPER] [Stockpile|STOCKPILE] [Constructing|CONSTRUCT] [HORSE-PASTURE-1] [BLANK-LINE]","True","No established safe patching rule yet."
"Content\Config\OnMap\Deposits.xml","Deposits.original.xml","deposit","DEPOSIT_PUREBREDS_VAST","name","","TEXT.Name.Deposit.VastHerdOfPurebreds","37","TextKeyReference","DoNotPatchHere","False","False","","False","This is a key/reference; translate the resolved text entry instead."
"Content\Config\OnMap\Deposits.xml","Deposits.original.xml","deposit","DEPOSIT_PUREBREDS_VAST","description","","Herds of [HORSES] can be [Harvested|HARVEST] for [MEAT] by a [HUNTER], for [PARCHMENT] or [CLOTH] by a [TRAPPER], or added to your [Stockpile|STOCKPILE] and then used for other purposes by [Constructing|CONSTRUCT] a [HORSE-PASTURE-1] on them.[BLANK-LINE]Purebred herds contain more useful animals than normal herds![BLANK-LINE]This is among the largest herds ever found!","370","UnclassifiedLiteral","ReviewRequired","False","False","[HORSES] [Harvested|HARVEST] [MEAT] [HUNTER] [PARCHMENT] [CLOTH] [TRAPPER] [Stockpile|STOCKPILE] [Constructing|CONSTRUCT] [HORSE-PASTURE-1] [BLANK-LINE]","True","No established safe patching rule yet."
"Content\Config\OnMap\Deposits.xml","Deposits.original.xml","deposit","DEPOSIT_CATTLE","name","","TEXT.Name.Deposit.HerdOfCattle","30","TextKeyReference","DoNotPatchHere","False","False","","False","This is a key/reference; translate the resolved text entry instead."
"Content\Config\OnMap\Deposits.xml","Deposits.original.xml","deposit","DEPOSIT_CATTLE","description","","Herds of [CATTLE] can be [Harvested|HARVEST] for [MEAT] by a [HUNTER], for [PARCHMENT] or [CLOTH] by a [TRAPPER], or added to your [Stockpile|STOCKPILE] and then used for other purposes by [Constructing|CONSTRUCT] a [CATTLE-PASTURE-1] on them.","243","UnclassifiedLiteral","ReviewRequired","False","False","[CATTLE] [Harvested|HARVEST] [MEAT] [HUNTER] [PARCHMENT] [CLOTH] [TRAPPER] [Stockpile|STOCKPILE] [Constructing|CONSTRUCT] [CATTLE-PASTURE-1]","False","No established safe patching rule yet."
"Content\Config\OnMap\Deposits.xml","Deposits.original.xml","deposit","DEPOSIT_CATTLE_LARGE","name","","TEXT.Name.Deposit.LargeHerdOfCattle","35","TextKeyReference","DoNotPatchHere","False","False","","False","This is a key/reference; translate the resolved text entry instead."
"Content\Config\OnMap\Deposits.xml","Deposits.original.xml","deposit","DEPOSIT_CATTLE_LARGE","description","","Herds of [CATTLE] can be [Harvested|HARVEST] for [MEAT] by a [HUNTER], for [PARCHMENT] or [CLOTH] by a [TRAPPER], or added to your [Stockpile|STOCKPILE] and then used for other purposes by [Constructing|CONSTRUCT] a [CATTLE-PASTURE-1] on them.[BLANK-LINE]This is a particularly large herd!","289","UnclassifiedLiteral","ReviewRequired","False","False","[CATTLE] [Harvested|HARVEST] [MEAT] [HUNTER] [PARCHMENT] [CLOTH] [TRAPPER] [Stockpile|STOCKPILE] [Constructing|CONSTRUCT] [CATTLE-PASTURE-1] [BLANK-LINE]","False","No established safe patching rule yet."
"Content\Config\OnMap\Deposits.xml","Deposits.original.xml","deposit","DEPOSIT_CATTLE_VAST","name","","TEXT.Name.Deposit.VastHerdOfCattle","34","TextKeyReference","DoNotPatchHere","False","False","","False","This is a key/reference; translate the resolved text entry instead."
"Content\Config\OnMap\Deposits.xml","Deposits.original.xml","deposit","DEPOSIT_CATTLE_VAST","description","","Herds of [CATTLE] can be [Harvested|HARVEST] for [MEAT] by a [HUNTER], for [PARCHMENT] or [CLOTH] by a [TRAPPER], or added to your [Stockpile|STOCKPILE] and then used for other purposes by [Constructing|CONSTRUCT] a [CATTLE-PASTURE-1] on them.[BLANK-LINE]This is among the largest herds ever found!","298","UnclassifiedLiteral","ReviewRequired","False","False","[CATTLE] [Harvested|HARVEST] [MEAT] [HUNTER] [PARCHMENT] [CLOTH] [TRAPPER] [Stockpile|STOCKPILE] [Constructing|CONSTRUCT] [CATTLE-PASTURE-1] [BLANK-LINE]","False","No established safe patching rule yet."
"Content\Config\OnMap\Deposits.xml","Deposits.original.xml","deposit","DEPOSIT_AUROCHS","name","","TEXT.Name.Deposit.HerdOfAurochs","31","TextKeyReference","DoNotPatchHere","False","False","","False","This is a key/reference; translate the resolved text entry instead."
"Content\Config\OnMap\Deposits.xml","Deposits.original.xml","deposit","DEPOSIT_AUROCHS","description","","Herds of [CATTLE] can be [Harvested|HARVEST] for [MEAT] by a [HUNTER], for [PARCHMENT] or [CLOTH] by a [TRAPPER], or added to your [Stockpile|STOCKPILE] and then used for other purposes by [Constructing|CONSTRUCT] a [CATTLE-PASTURE-1] on them.[BLANK-LINE]Auroch herds contain more useful animals than normal herds!","314","UnclassifiedLiteral","ReviewRequired","False","False","[CATTLE] [Harvested|HARVEST] [MEAT] [HUNTER] [PARCHMENT] [CLOTH] [TRAPPER] [Stockpile|STOCKPILE] [Constructing|CONSTRUCT] [CATTLE-PASTURE-1] [BLANK-LINE]","False","No established safe patching rule yet."
"Content\Config\OnMap\Deposits.xml","Deposits.original.xml","deposit","DEPOSIT_AUROCHS_LARGE","name","","TEXT.Name.Deposit.LargeHerdOfAurochs","36","TextKeyReference","DoNotPatchHere","False","False","","False","This is a key/reference; translate the resolved text entry instead."
"Content\Config\OnMap\Deposits.xml","Deposits.original.xml","deposit","DEPOSIT_AUROCHS_LARGE","description","","Herds of [CATTLE] can be [Harvested|HARVEST] for [MEAT] by a [HUNTER], for [PARCHMENT] or [CLOTH] by a [TRAPPER], or added to your [Stockpile|STOCKPILE] and then used for other purposes by [Constructing|CONSTRUCT] a [CATTLE-PASTURE-1] on them.[BLANK-LINE]Auroch herds contain more useful animals than normal herds![BLANK-LINE]This is a particularly large herd!","360","UnclassifiedLiteral","ReviewRequired","False","False","[CATTLE] [Harvested|HARVEST] [MEAT] [HUNTER] [PARCHMENT] [CLOTH] [TRAPPER] [Stockpile|STOCKPILE] [Constructing|CONSTRUCT] [CATTLE-PASTURE-1] [BLANK-LINE]","False","No established safe patching rule yet."
"Content\Config\OnMap\Deposits.xml","Deposits.original.xml","deposit","DEPOSIT_AUROCHS_VAST","name","","TEXT.Name.Deposit.VastHerdOfAurochs","35","TextKeyReference","DoNotPatchHere","False","False","","False","This is a key/reference; translate the resolved text entry instead."
"Content\Config\OnMap\Deposits.xml","Deposits.original.xml","deposit","DEPOSIT_AUROCHS_VAST","description","","Herds of [CATTLE] can be [Harvested|HARVEST] for [MEAT] by a [HUNTER], for [PARCHMENT] or [CLOTH] by a [TRAPPER], or added to your [Stockpile|STOCKPILE] and then used for other purposes by [Constructing|CONSTRUCT] a [CATTLE-PASTURE-1] on them.[BLANK-LINE]Auroch herds contain more useful animals than normal herds![BLANK-LINE]This is among the largest herds ever found!","369","UnclassifiedLiteral","ReviewRequired","False","False","[CATTLE] [Harvested|HARVEST] [MEAT] [HUNTER] [PARCHMENT] [CLOTH] [TRAPPER] [Stockpile|STOCKPILE] [Constructing|CONSTRUCT] [CATTLE-PASTURE-1] [BLANK-LINE]","False","No established safe patching rule yet."
"Content\Config\OnMap\Deposits.xml","Deposits.original.xml","deposit","DEPOSIT_SHEEP","name","","TEXT.Name.Deposit.HerdOfSheep","29","TextKeyReference","DoNotPatchHere","False","False","","False","This is a key/reference; translate the resolved text entry instead."
"Content\Config\OnMap\Deposits.xml","Deposits.original.xml","deposit","DEPOSIT_SHEEP","description","","Herds of [SHEEP] can be [Harvested|HARVEST] for [MEAT] by a [HUNTER], for [PARCHMENT] or [CLOTH] by a [TRAPPER], or added to your [Stockpile|STOCKPILE] and then used for other purposes (such as collecting their [WOOL] and making [CLOTH] from it) by [Constructing|CONSTRUCT] a [SHEEP-PASTURE-1] on them.","302","UnclassifiedLiteral","ReviewRequired","False","False","[SHEEP] [Harvested|HARVEST] [MEAT] [HUNTER] [PARCHMENT] [CLOTH] [TRAPPER] [Stockpile|STOCKPILE] [WOOL] [Constructing|CONSTRUCT] [SHEEP-PASTURE-1]","True","No established safe patching rule yet."
"Content\Config\OnMap\Deposits.xml","Deposits.original.xml","deposit","DEPOSIT_SHEEP_LARGE","name","","TEXT.Name.Deposit.LargeHerdOfSheep","34","TextKeyReference","DoNotPatchHere","False","False","","False","This is a key/reference; translate the resolved text entry instead."
"Content\Config\OnMap\Deposits.xml","Deposits.original.xml","deposit","DEPOSIT_SHEEP_LARGE","description","","Herds of [SHEEP] can be [Harvested|HARVEST] for [MEAT] by a [HUNTER], for [PARCHMENT] or [CLOTH] by a [TRAPPER], or added to your [Stockpile|STOCKPILE] and then used for other purposes (such as collecting their [WOOL] and making [CLOTH] from it) by [Constructing|CONSTRUCT] a [SHEEP-PASTURE-1] on them.[BLANK-LINE]This is a particularly large herd!","348","UnclassifiedLiteral","ReviewRequired","False","False","[SHEEP] [Harvested|HARVEST] [MEAT] [HUNTER] [PARCHMENT] [CLOTH] [TRAPPER] [Stockpile|STOCKPILE] [WOOL] [Constructing|CONSTRUCT] [SHEEP-PASTURE-1] [BLANK-LINE]","True","No established safe patching rule yet."
"Content\Config\OnMap\Deposits.xml","Deposits.original.xml","deposit","DEPOSIT_SHEEP_VAST","name","","TEXT.Name.Deposit.VastHerdOfSheep","33","TextKeyReference","DoNotPatchHere","False","False","","False","This is a key/reference; translate the resolved text entry instead."
"Content\Config\OnMap\Deposits.xml","Deposits.original.xml","deposit","DEPOSIT_SHEEP_VAST","description","","Herds of [SHEEP] can be [Harvested|HARVEST] for [MEAT] by a [HUNTER], for [PARCHMENT] or [CLOTH] by a [TRAPPER], or added to your [Stockpile|STOCKPILE] and then used for other purposes (such as collecting their [WOOL] and making [CLOTH] from it) by [Constructing|CONSTRUCT] a [SHEEP-PASTURE-1] on them.[BLANK-LINE]This is among the largest herds ever found!","357","UnclassifiedLiteral","ReviewRequired","False","False","[SHEEP] [Harvested|HARVEST] [MEAT] [HUNTER] [PARCHMENT] [CLOTH] [TRAPPER] [Stockpile|STOCKPILE] [WOOL] [Constructing|CONSTRUCT] [SHEEP-PASTURE-1] [BLANK-LINE]","True","No established safe patching rule yet."
"Content\Config\OnMap\Deposits.xml","Deposits.original.xml","deposit","DEPOSIT_PIGS","name","","TEXT.Name.Deposit.HerdOfPigs","28","TextKeyReference","DoNotPatchHere","False","False","","False","This is a key/reference; translate the resolved text entry instead."
"Content\Config\OnMap\Deposits.xml","Deposits.original.xml","deposit","DEPOSIT_PIGS","description","","Herds of [PIGS] can be [Harvested|HARVEST] for [MEAT] by a [HUNTER], for [PARCHMENT] or [CLOTH] by a [TRAPPER], or added to your [Stockpile|STOCKPILE] and then used for other purposes by [Constructing|CONSTRUCT] a [PIG-PASTURE-1] on them.","238","UnclassifiedLiteral","ReviewRequired","False","False","[PIGS] [Harvested|HARVEST] [MEAT] [HUNTER] [PARCHMENT] [CLOTH] [TRAPPER] [Stockpile|STOCKPILE] [Constructing|CONSTRUCT] [PIG-PASTURE-1]","False","No established safe patching rule yet."
"Content\Config\OnMap\Deposits.xml","Deposits.original.xml","deposit","DEPOSIT_PIGS_LARGE","name","","TEXT.Name.Deposit.LargeHerdOfPigs","33","TextKeyReference","DoNotPatchHere","False","False","","False","This is a key/reference; translate the resolved text entry instead."
"Content\Config\OnMap\Deposits.xml","Deposits.original.xml","deposit","DEPOSIT_PIGS_LARGE","description","","Herds of [PIGS] can be [Harvested|HARVEST] for [MEAT] by a [HUNTER], for [PARCHMENT] or [CLOTH] by a [TRAPPER], or added to your [Stockpile|STOCKPILE] and then used for other purposes by [Constructing|CONSTRUCT] a [PIG-PASTURE-1] on them.[BLANK-LINE]This is a particularly large herd!","284","UnclassifiedLiteral","ReviewRequired","False","False","[PIGS] [Harvested|HARVEST] [MEAT] [HUNTER] [PARCHMENT] [CLOTH] [TRAPPER] [Stockpile|STOCKPILE] [Constructing|CONSTRUCT] [PIG-PASTURE-1] [BLANK-LINE]","False","No established safe patching rule yet."
"Content\Config\OnMap\Deposits.xml","Deposits.original.xml","deposit","DEPOSIT_PIGS_VAST","name","","TEXT.Name.Deposit.VastHerdOfPigs","32","TextKeyReference","DoNotPatchHere","False","False","","False","This is a key/reference; translate the resolved text entry instead."
"Content\Config\OnMap\Deposits.xml","Deposits.original.xml","deposit","DEPOSIT_PIGS_VAST","description","","Herds of [PIGS] can be [Harvested|HARVEST] for [MEAT] by a [HUNTER], for [PARCHMENT] or [CLOTH] by a [TRAPPER], or added to your [Stockpile|STOCKPILE] and then used for other purposes by [Constructing|CONSTRUCT] a [PIG-PASTURE-1] on them.[BLANK-LINE]This is among the largest herds ever found!","293","UnclassifiedLiteral","ReviewRequired","False","False","[PIGS] [Harvested|HARVEST] [MEAT] [HUNTER] [PARCHMENT] [CLOTH] [TRAPPER] [Stockpile|STOCKPILE] [Constructing|CONSTRUCT] [PIG-PASTURE-1] [BLANK-LINE]","False","No established safe patching rule yet."
"Content\Config\OnMap\Deposits.xml","Deposits.original.xml","deposit","DEPOSIT_DEER_VISIBLE","name","","TEXT.Name.Deposit.HerdOfDeer","28","TextKeyReference","DoNotPatchHere","False","False","","False","This is a key/reference; translate the resolved text entry instead."
"Content\Config\OnMap\Deposits.xml","Deposits.original.xml","deposit","DEPOSIT_DEER_VISIBLE","description","","Herds of [DEER] can be [Harvested|HARVEST] for [MEAT] by a [HUNTER], or for [PARCHMENT] or [CLOTH] by a [TRAPPER].[BLANK-LINE]Note that unlike other kinds of [Animals|ANIMAL] Deer cannot be added to your [Stockpile|STOCKPILE] by [Constructing|CONSTRUCT] a [Pasture|PASTURE] on them.","282","UnclassifiedLiteral","ReviewRequired","False","False","[DEER] [Harvested|HARVEST] [MEAT] [HUNTER] [PARCHMENT] [CLOTH] [TRAPPER] [BLANK-LINE] [Animals|ANIMAL] [Stockpile|STOCKPILE] [Constructing|CONSTRUCT] [Pasture|PASTURE]","False","No established safe patching rule yet."
"Content\Config\OnMap\Deposits.xml","Deposits.original.xml","deposit","DEPOSIT_DEER","name","","TEXT.Name.Deposit.HerdOfDeer","28","TextKeyReference","DoNotPatchHere","False","False","","False","This is a key/reference; translate the resolved text entry instead."
"Content\Config\OnMap\Deposits.xml","Deposits.original.xml","deposit","DEPOSIT_DEER","description","","Herds of [DEER] can be [Harvested|HARVEST] for [MEAT] by a [HUNTER], or for [PARCHMENT] or [CLOTH] by a [TRAPPER].[BLANK-LINE]Note that unlike other kinds of [Animals|ANIMAL] Deer cannot be added to your [Stockpile|STOCKPILE] by [Constructing|CONSTRUCT] a [Pasture|PASTURE] on them.","282","UnclassifiedLiteral","ReviewRequired","False","False","[DEER] [Harvested|HARVEST] [MEAT] [HUNTER] [PARCHMENT] [CLOTH] [TRAPPER] [BLANK-LINE] [Animals|ANIMAL] [Stockpile|STOCKPILE] [Constructing|CONSTRUCT] [Pasture|PASTURE]","False","No established safe patching rule yet."
"Content\Config\OnMap\Deposits.xml","Deposits.original.xml","deposit","DEPOSIT_DEER_LARGE","name","","TEXT.Name.Deposit.LargeHerdOfDeer","33","TextKeyReference","DoNotPatchHere","False","False","","False","This is a key/reference; translate the resolved text entry instead."
"Content\Config\OnMap\Deposits.xml","Deposits.original.xml","deposit","DEPOSIT_DEER_LARGE","description","","Herds of [DEER] can be [Harvested|HARVEST] for [MEAT] by a [HUNTER], or for [PARCHMENT] or [CLOTH] by a [TRAPPER].[BLANK-LINE]Note that unlike other kinds of [Animals|ANIMAL] Deer cannot be added to your [Stockpile|STOCKPILE] by [Constructing|CONSTRUCT] a [Pasture|PASTURE] on them.[BLANK-LINE]This is a particularly large herd!","328","UnclassifiedLiteral","ReviewRequired","False","False","[DEER] [Harvested|HARVEST] [MEAT] [HUNTER] [PARCHMENT] [CLOTH] [TRAPPER] [BLANK-LINE] [Animals|ANIMAL] [Stockpile|STOCKPILE] [Constructing|CONSTRUCT] [Pasture|PASTURE]","False","No established safe patching rule yet."
"Content\Config\OnMap\Deposits.xml","Deposits.original.xml","deposit","DEPOSIT_DEER_VAST","name","","TEXT.Name.Deposit.VastHerdOfDeer","32","TextKeyReference","DoNotPatchHere","False","False","","False","This is a key/reference; translate the resolved text entry instead."
"Content\Config\OnMap\Deposits.xml","Deposits.original.xml","deposit","DEPOSIT_DEER_VAST","description","","Herds of [DEER] can be [Harvested|HARVEST] for [MEAT] by a [HUNTER], or for [PARCHMENT] or [CLOTH] by a [TRAPPER].[BLANK-LINE]Note that unlike other kinds of [Animals|ANIMAL] Deer cannot be added to your [Stockpile|STOCKPILE] by [Constructing|CONSTRUCT] a [Pasture|PASTURE] on them.[BLANK-LINE]This is among the largest herds ever found!","337","UnclassifiedLiteral","ReviewRequired","False","False","[DEER] [Harvested|HARVEST] [MEAT] [HUNTER] [PARCHMENT] [CLOTH] [TRAPPER] [BLANK-LINE] [Animals|ANIMAL] [Stockpile|STOCKPILE] [Constructing|CONSTRUCT] [Pasture|PASTURE]","False","No established safe patching rule yet."
"Content\Config\OnMap\Deposits.xml","Deposits.original.xml","deposit","DEPOSIT_BEEHIVE","name","","TEXT.Name.Deposit.Beehive","25","TextKeyReference","DoNotPatchHere","False","False","","False","This is a key/reference; translate the resolved text entry instead."
"Content\Config\OnMap\Deposits.xml","Deposits.original.xml","deposit","DEPOSIT_BEEHIVE","description","","Beehives can be [Harvested|HARVEST] by a [GATHERER] or [APIARY-1] to [Produce|PRODUCE] [HONEY].","95","UnclassifiedLiteral","ReviewRequired","False","False","[Harvested|HARVEST] [GATHERER] [APIARY-1] [Produce|PRODUCE] [HONEY]","True","No established safe patching rule yet."
"Content\Config\OnMap\Deposits.xml","Deposits.original.xml","deposit","DEPOSIT_BEEHIVE_LARGE","name","","TEXT.Name.Deposit.LargeBeehive","30","TextKeyReference","DoNotPatchHere","False","False","","False","This is a key/reference; translate the resolved text entry instead."
"Content\Config\OnMap\Deposits.xml","Deposits.original.xml","deposit","DEPOSIT_BEEHIVE_LARGE","description","","Beehives can be [Harvested|HARVEST] by a [GATHERER] or [APIARY-1] to [Produce|PRODUCE] [HONEY].[BLANK-LINE]This is a particularly large hive!","141","UnclassifiedLiteral","ReviewRequired","False","False","[Harvested|HARVEST] [GATHERER] [APIARY-1] [Produce|PRODUCE] [HONEY] [BLANK-LINE]","True","No established safe patching rule yet."
"Content\Config\OnMap\Deposits.xml","Deposits.original.xml","deposit","DEPOSIT_BEEHIVE_VAST","name","","TEXT.Name.Deposit.VastBeehive","29","TextKeyReference","DoNotPatchHere","False","False","","False","This is a key/reference; translate the resolved text entry instead."
"Content\Config\OnMap\Deposits.xml","Deposits.original.xml","deposit","DEPOSIT_BEEHIVE_VAST","description","","Beehives can be [Harvested|HARVEST] by a [GATHERER] or [APIARY-1] to [Produce|PRODUCE] [HONEY].[BLANK-LINE]This is among the largest hives ever found!","150","UnclassifiedLiteral","ReviewRequired","False","False","[Harvested|HARVEST] [GATHERER] [APIARY-1] [Produce|PRODUCE] [HONEY] [BLANK-LINE]","True","No established safe patching rule yet."
"Content\Config\OnMap\Deposits.xml","Deposits.original.xml","deposit","DEPOSIT_FISH","name","","TEXT.Name.Deposit.SchoolOfFish","30","TextKeyReference","DoNotPatchHere","False","False","","False","This is a key/reference; translate the resolved text entry instead."
"Content\Config\OnMap\Deposits.xml","Deposits.original.xml","deposit","DEPOSIT_FISH","description","","Schools of Fish can be [Harvested|HARVEST] by a [FISHERMAN] to [Produce|PRODUCE] [FISH].","88","UnclassifiedLiteral","ReviewRequired","False","False","[Harvested|HARVEST] [FISHERMAN] [Produce|PRODUCE] [FISH]","True","No established safe patching rule yet."
"Content\Config\OnMap\Deposits.xml","Deposits.original.xml","deposit","DEPOSIT_FISH_LARGE","name","","TEXT.Name.Deposit.LargeSchoolOfFish","35","TextKeyReference","DoNotPatchHere","False","False","","False","This is a key/reference; translate the resolved text entry instead."
"Content\Config\OnMap\Deposits.xml","Deposits.original.xml","deposit","DEPOSIT_FISH_LARGE","description","","Schools of Fish can be [Harvested|HARVEST] by a [FISHERMAN] to [Produce|PRODUCE] [FISH].[BLANK-LINE]This is a particularly large school!","136","UnclassifiedLiteral","ReviewRequired","False","False","[Harvested|HARVEST] [FISHERMAN] [Produce|PRODUCE] [FISH] [BLANK-LINE]","True","No established safe patching rule yet."
"Content\Config\OnMap\Deposits.xml","Deposits.original.xml","deposit","DEPOSIT_FISH_VAST","name","","TEXT.Name.Deposit.VastSchoolOfFish","34","TextKeyReference","DoNotPatchHere","False","False","","False","This is a key/reference; translate the resolved text entry instead."
"Content\Config\OnMap\Deposits.xml","Deposits.original.xml","deposit","DEPOSIT_FISH_VAST","description","","Schools of Fish can be [Harvested|HARVEST] by a [FISHERMAN] to [Produce|PRODUCE] [FISH].[BLANK-LINE]This is among the largest schools ever found!","145","UnclassifiedLiteral","ReviewRequired","False","False","[Harvested|HARVEST] [FISHERMAN] [Produce|PRODUCE] [FISH] [BLANK-LINE]","True","No established safe patching rule yet."
"Content\Config\OnMap\Deposits.xml","Deposits.original.xml","deposit","DEPOSIT_BERRIES","name","","TEXT.Name.Deposit.PatchOfBerries","32","TextKeyReference","DoNotPatchHere","False","False","","False","This is a key/reference; translate the resolved text entry instead."
"Content\Config\OnMap\Deposits.xml","Deposits.original.xml","deposit","DEPOSIT_BERRIES","description","","Berry Patches can be [Harvested|HARVEST] by a [GATHERER] to [Produce|PRODUCE] [FRUIT].","86","UnclassifiedLiteral","ReviewRequired","False","False","[Harvested|HARVEST] [GATHERER] [Produce|PRODUCE] [FRUIT]","True","No established safe patching rule yet."
"Content\Config\OnMap\Deposits.xml","Deposits.original.xml","deposit","DEPOSIT_BERRIES_LARGE","name","","TEXT.Name.Deposit.LargePatchOfBerries","37","TextKeyReference","DoNotPatchHere","False","False","","False","This is a key/reference; translate the resolved text entry instead."
"Content\Config\OnMap\Deposits.xml","Deposits.original.xml","deposit","DEPOSIT_BERRIES_LARGE","description","","Berry Patches can be [Harvested|HARVEST] by a [GATHERER] to [Produce|PRODUCE] [FRUIT].[BLANK-LINE]This is a particularly large patch!","133","UnclassifiedLiteral","ReviewRequired","False","False","[Harvested|HARVEST] [GATHERER] [Produce|PRODUCE] [FRUIT] [BLANK-LINE]","True","No established safe patching rule yet."
"Content\Config\OnMap\Deposits.xml","Deposits.original.xml","deposit","DEPOSIT_BERRIES_VAST","name","","TEXT.Name.Deposit.VastPatchOfBerries","36","TextKeyReference","DoNotPatchHere","False","False","","False","This is a key/reference; translate the resolved text entry instead."
"Content\Config\OnMap\Deposits.xml","Deposits.original.xml","deposit","DEPOSIT_BERRIES_VAST","description","","Berry Patches can be [Harvested|HARVEST] by a [GATHERER] to [Produce|PRODUCE] [FRUIT].[BLANK-LINE]This is among the largest patches ever found!","143","UnclassifiedLiteral","ReviewRequired","False","False","[Harvested|HARVEST] [GATHERER] [Produce|PRODUCE] [FRUIT] [BLANK-LINE]","True","No established safe patching rule yet."
"Content\Config\OnMap\Deposits.xml","Deposits.original.xml","deposit","DEPOSIT_FRUIT_TREES","name","","TEXT.Name.Deposit.GroveOfFruitTrees","35","TextKeyReference","DoNotPatchHere","False","False","","False","This is a key/reference; translate the resolved text entry instead."
"Content\Config\OnMap\Deposits.xml","Deposits.original.xml","deposit","DEPOSIT_FRUIT_TREES","description","","Groves of Fruit Truits can be [Harvested|HARVEST] by a [GATHERER] or [FRUIT-FARM-1] to [Produce|PRODUCE] [FRUIT].","113","UnclassifiedLiteral","ReviewRequired","False","False","[Harvested|HARVEST] [GATHERER] [FRUIT-FARM-1] [Produce|PRODUCE] [FRUIT]","False","No established safe patching rule yet."
"Content\Config\OnMap\Deposits.xml","Deposits.original.xml","deposit","DEPOSIT_FRUIT_TREES_LARGE","name","","TEXT.Name.Deposit.LargeGroveOfFruitTrees","40","TextKeyReference","DoNotPatchHere","False","False","","False","This is a key/reference; translate the resolved text entry instead."
"Content\Config\OnMap\Deposits.xml","Deposits.original.xml","deposit","DEPOSIT_FRUIT_TREES_LARGE","description","","Groves of Fruit Truits can be [Harvested|HARVEST] by a [GATHERER] or [FRUIT-FARM-1] to [Produce|PRODUCE] [FRUIT].[BLANK-LINE]This is a particularly large grove!","160","UnclassifiedLiteral","ReviewRequired","False","False","[Harvested|HARVEST] [GATHERER] [FRUIT-FARM-1] [Produce|PRODUCE] [FRUIT] [BLANK-LINE]","False","No established safe patching rule yet."
"Content\Config\OnMap\Deposits.xml","Deposits.original.xml","deposit","DEPOSIT_FRUIT_TREES_VAST","name","","TEXT.Name.Deposit.VastGroveOfFruitTrees","39","TextKeyReference","DoNotPatchHere","False","False","","False","This is a key/reference; translate the resolved text entry instead."
"Content\Config\OnMap\Deposits.xml","Deposits.original.xml","deposit","DEPOSIT_FRUIT_TREES_VAST","description","","Groves of Fruit Truits can be [Harvested|HARVEST] by a [GATHERER] or [FRUIT-FARM-1] to [Produce|PRODUCE] [FRUIT].[BLANK-LINE]This is among the largest groves ever found!","169","UnclassifiedLiteral","ReviewRequired","False","False","[Harvested|HARVEST] [GATHERER] [FRUIT-FARM-1] [Produce|PRODUCE] [FRUIT] [BLANK-LINE]","False","No established safe patching rule yet."
"Content\Config\OnMap\Deposits.xml","Deposits.original.xml","deposit","DEPOSIT_WHEAT","name","","TEXT.Name.Deposit.FieldOfWheat","30","TextKeyReference","DoNotPatchHere","False","False","","False","This is a key/reference; translate the resolved text entry instead."
"Content\Config\OnMap\Deposits.xml","Deposits.original.xml","deposit","DEPOSIT_WHEAT","description","","Fields of Wheat can be [Harvested|HARVEST] by a [REAPER] or [WHEAT-FARM-1] to [Produce|PRODUCE] [WHEAT].[BLANK-LINE]Wheat can no longer be Harvested when a [Tile|TILE] becomes [Cold|COLD].","188","UnclassifiedLiteral","ReviewRequired","False","False","[Harvested|HARVEST] [REAPER] [WHEAT-FARM-1] [Produce|PRODUCE] [WHEAT] [BLANK-LINE] [Tile|TILE] [Cold|COLD]","True","No established safe patching rule yet."
"Content\Config\OnMap\Deposits.xml","Deposits.original.xml","deposit","DEPOSIT_WHEAT_LARGE","name","","TEXT.Name.Deposit.LargeFieldOfWheat","35","TextKeyReference","DoNotPatchHere","False","False","","False","This is a key/reference; translate the resolved text entry instead."
"Content\Config\OnMap\Deposits.xml","Deposits.original.xml","deposit","DEPOSIT_WHEAT_LARGE","description","","Fields of Wheat can be [Harvested|HARVEST] by a [REAPER] or [WHEAT-FARM-1] to [Produce|PRODUCE] [WHEAT].[BLANK-LINE]Wheat can no longer be Harvested when a [Tile|TILE] becomes [Cold|COLD].[BLANK-LINE]This is a particularly large field!","235","UnclassifiedLiteral","ReviewRequired","False","False","[Harvested|HARVEST] [REAPER] [WHEAT-FARM-1] [Produce|PRODUCE] [WHEAT] [BLANK-LINE] [Tile|TILE] [Cold|COLD]","True","No established safe patching rule yet."
"Content\Config\OnMap\Deposits.xml","Deposits.original.xml","deposit","DEPOSIT_WHEAT_VAST","name","","TEXT.Name.Deposit.VastFieldOfWheat","34","TextKeyReference","DoNotPatchHere","False","False","","False","This is a key/reference; translate the resolved text entry instead."
"Content\Config\OnMap\Deposits.xml","Deposits.original.xml","deposit","DEPOSIT_WHEAT_VAST","description","","Fields of Wheat can be [Harvested|HARVEST] by a [REAPER] or [WHEAT-FARM-1] to [Produce|PRODUCE] [WHEAT].[BLANK-LINE]Wheat can no longer be Harvested when a [Tile|TILE] becomes [Cold|COLD].[BLANK-LINE]This is among the largest fields ever found!","244","UnclassifiedLiteral","ReviewRequired","False","False","[Harvested|HARVEST] [REAPER] [WHEAT-FARM-1] [Produce|PRODUCE] [WHEAT] [BLANK-LINE] [Tile|TILE] [Cold|COLD]","True","No established safe patching rule yet."
"Content\Config\OnMap\Deposits.xml","Deposits.original.xml","deposit","DEPOSIT_BARLEY","name","","TEXT.Name.Deposit.FieldOfBarley","31","TextKeyReference","DoNotPatchHere","False","False","","False","This is a key/reference; translate the resolved text entry instead."
"Content\Config\OnMap\Deposits.xml","Deposits.original.xml","deposit","DEPOSIT_BARLEY","description","","Fields of Barley can be [Harvested|HARVEST] by a [REAPER] or [BARLEY-FARM-1] to [Produce|PRODUCE] [BARLEY].[BLANK-LINE]Barley can no longer be Harvested when a [Tile|TILE] becomes [Cold|COLD].","192","UnclassifiedLiteral","ReviewRequired","False","False","[Harvested|HARVEST] [REAPER] [BARLEY-FARM-1] [Produce|PRODUCE] [BARLEY] [BLANK-LINE] [Tile|TILE] [Cold|COLD]","False","No established safe patching rule yet."
"Content\Config\OnMap\Deposits.xml","Deposits.original.xml","deposit","DEPOSIT_BARLEY_LARGE","name","","TEXT.Name.Deposit.LargeFieldOfBarley","36","TextKeyReference","DoNotPatchHere","False","False","","False","This is a key/reference; translate the resolved text entry instead."
"Content\Config\OnMap\Deposits.xml","Deposits.original.xml","deposit","DEPOSIT_BARLEY_LARGE","description","","Fields of Barley can be [Harvested|HARVEST] by a [REAPER] or [BARLEY-FARM-1] to [Produce|PRODUCE] [BARLEY].[BLANK-LINE]Barley can no longer be Harvested when a [Tile|TILE] becomes [Cold|COLD].[BLANK-LINE]This is a particularly large field!","239","UnclassifiedLiteral","ReviewRequired","False","False","[Harvested|HARVEST] [REAPER] [BARLEY-FARM-1] [Produce|PRODUCE] [BARLEY] [BLANK-LINE] [Tile|TILE] [Cold|COLD]","False","No established safe patching rule yet."
"Content\Config\OnMap\Deposits.xml","Deposits.original.xml","deposit","DEPOSIT_BARLEY_VAST","name","","TEXT.Name.Deposit.VastFieldOfBarley","35","TextKeyReference","DoNotPatchHere","False","False","","False","This is a key/reference; translate the resolved text entry instead."
"Content\Config\OnMap\Deposits.xml","Deposits.original.xml","deposit","DEPOSIT_BARLEY_VAST","description","","Fields of Barley can be [Harvested|HARVEST] by a [REAPER] or [BARLEY-FARM-1] to [Produce|PRODUCE] [BARLEY].[BLANK-LINE]Barley can no longer be Harvested when a [Tile|TILE] becomes [Cold|COLD].[BLANK-LINE]This is among the largest fields ever found!","248","UnclassifiedLiteral","ReviewRequired","False","False","[Harvested|HARVEST] [REAPER] [BARLEY-FARM-1] [Produce|PRODUCE] [BARLEY] [BLANK-LINE] [Tile|TILE] [Cold|COLD]","False","No established safe patching rule yet."
"Content\Config\OnMap\Deposits.xml","Deposits.original.xml","deposit","DEPOSIT_OLIVES","name","","TEXT.Name.Deposit.OliveGrove","28","TextKeyReference","DoNotPatchHere","False","False","","False","This is a key/reference; translate the resolved text entry instead."
"Content\Config\OnMap\Deposits.xml","Deposits.original.xml","deposit","DEPOSIT_OLIVES","description","","Olive Groves can be [Harvested|HARVEST] by a [GATHERER] or [OLIVE-FARM-1] to [Produce|PRODUCE] [OLIVES].[BLANK-LINE]Olives can no longer be Harvested when a [Tile|TILE] becomes [Cold|COLD].","189","UnclassifiedLiteral","ReviewRequired","False","False","[Harvested|HARVEST] [GATHERER] [OLIVE-FARM-1] [Produce|PRODUCE] [OLIVES] [BLANK-LINE] [Tile|TILE] [Cold|COLD]","False","No established safe patching rule yet."
"Content\Config\OnMap\Deposits.xml","Deposits.original.xml","deposit","DEPOSIT_OLIVES_LARGE","name","","TEXT.Name.Deposit.LargeOliveGrove","33","TextKeyReference","DoNotPatchHere","False","False","","False","This is a key/reference; translate the resolved text entry instead."
"Content\Config\OnMap\Deposits.xml","Deposits.original.xml","deposit","DEPOSIT_OLIVES_LARGE","description","","Olive Groves can be [Harvested|HARVEST] by a [GATHERER] or [OLIVE-FARM-1] to [Produce|PRODUCE] [OLIVES].[BLANK-LINE]Olives can no longer be Harvested when a [Tile|TILE] becomes [Cold|COLD].[BLANK-LINE]This is a particularly large grove!","236","UnclassifiedLiteral","ReviewRequired","False","False","[Harvested|HARVEST] [GATHERER] [OLIVE-FARM-1] [Produce|PRODUCE] [OLIVES] [BLANK-LINE] [Tile|TILE] [Cold|COLD]","False","No established safe patching rule yet."
"Content\Config\OnMap\Deposits.xml","Deposits.original.xml","deposit","DEPOSIT_OLIVES_VAST","name","","TEXT.Name.Deposit.VastOliveGrove","32","TextKeyReference","DoNotPatchHere","False","False","","False","This is a key/reference; translate the resolved text entry instead."
"Content\Config\OnMap\Deposits.xml","Deposits.original.xml","deposit","DEPOSIT_OLIVES_VAST","description","","Olive Groves can be [Harvested|HARVEST] by a [GATHERER] or [OLIVE-FARM-1] to [Produce|PRODUCE] [OLIVES].[BLANK-LINE]Olives can no longer be Harvested when a [Tile|TILE] becomes [Cold|COLD].[BLANK-LINE]This is among the largest groves ever found!","245","UnclassifiedLiteral","ReviewRequired","False","False","[Harvested|HARVEST] [GATHERER] [OLIVE-FARM-1] [Produce|PRODUCE] [OLIVES] [BLANK-LINE] [Tile|TILE] [Cold|COLD]","False","No established safe patching rule yet."
"Content\Config\OnMap\Deposits.xml","Deposits.original.xml","deposit","DEPOSIT_GRAPES","name","","TEXT.Name.Deposit.FieldOfGrapes","31","TextKeyReference","DoNotPatchHere","False","False","","False","This is a key/reference; translate the resolved text entry instead."
"Content\Config\OnMap\Deposits.xml","Deposits.original.xml","deposit","DEPOSIT_GRAPES","description","","Fields of Grapes can be [Harvested|HARVEST] by a [GATHERER] or [VINEYARD-1] to [Produce|PRODUCE] [GRAPES].[BLANK-LINE]Grapes can no longer be Harvested when a [Tile|TILE] becomes [Cold|COLD].","191","UnclassifiedLiteral","ReviewRequired","False","False","[Harvested|HARVEST] [GATHERER] [VINEYARD-1] [Produce|PRODUCE] [GRAPES] [BLANK-LINE] [Tile|TILE] [Cold|COLD]","False","No established safe patching rule yet."
"Content\Config\OnMap\Deposits.xml","Deposits.original.xml","deposit","DEPOSIT_GRAPES_LARGE","name","","TEXT.Name.Deposit.LargeFieldOfGrapes","36","TextKeyReference","DoNotPatchHere","False","False","","False","This is a key/reference; translate the resolved text entry instead."
"Content\Config\OnMap\Deposits.xml","Deposits.original.xml","deposit","DEPOSIT_GRAPES_LARGE","description","","Fields of Grapes can be [Harvested|HARVEST] by a [GATHERER] or [VINEYARD-1] to [Produce|PRODUCE] [GRAPES].[BLANK-LINE]Grapes can no longer be Harvested when a [Tile|TILE] becomes [Cold|COLD].[BLANK-LINE]This is a particularly large field!","238","UnclassifiedLiteral","ReviewRequired","False","False","[Harvested|HARVEST] [GATHERER] [VINEYARD-1] [Produce|PRODUCE] [GRAPES] [BLANK-LINE] [Tile|TILE] [Cold|COLD]","False","No established safe patching rule yet."
"Content\Config\OnMap\Deposits.xml","Deposits.original.xml","deposit","DEPOSIT_GRAPES_VAST","name","","TEXT.Name.Deposit.VastFieldOfGrapes","35","TextKeyReference","DoNotPatchHere","False","False","","False","This is a key/reference; translate the resolved text entry instead."
"Content\Config\OnMap\Deposits.xml","Deposits.original.xml","deposit","DEPOSIT_GRAPES_VAST","description","","Fields of Grapes can be [Harvested|HARVEST] by a [GATHERER] or [VINEYARD-1] to [Produce|PRODUCE] [GRAPES].[BLANK-LINE]Grapes can no longer be Harvested when a [Tile|TILE] becomes [Cold|COLD].[BLANK-LINE]This is among the largest fields ever found!","247","UnclassifiedLiteral","ReviewRequired","False","False","[Harvested|HARVEST] [GATHERER] [VINEYARD-1] [Produce|PRODUCE] [GRAPES] [BLANK-LINE] [Tile|TILE] [Cold|COLD]","False","No established safe patching rule yet."
"Content\Config\OnMap\Deposits.xml","Deposits.original.xml","deposit","DEPOSIT_FLAX","name","","TEXT.Name.Deposit.FieldOfFlax","29","TextKeyReference","DoNotPatchHere","False","False","","False","This is a key/reference; translate the resolved text entry instead."
"Content\Config\OnMap\Deposits.xml","Deposits.original.xml","deposit","DEPOSIT_FLAX","description","","Fields of Flax can be [Harvested|HARVEST] by a [REAPER] or [FLAX-FARM-1] to [Produce|PRODUCE] [FLAX].[BLANK-LINE]Flax can no longer be Harvested when a [Tile|TILE] becomes [Cold|COLD].","184","UnclassifiedLiteral","ReviewRequired","False","False","[Harvested|HARVEST] [REAPER] [FLAX-FARM-1] [Produce|PRODUCE] [FLAX] [BLANK-LINE] [Tile|TILE] [Cold|COLD]","True","No established safe patching rule yet."
"Content\Config\OnMap\Deposits.xml","Deposits.original.xml","deposit","DEPOSIT_FLAX_LARGE","name","","TEXT.Name.Deposit.LargeFieldOfFlax","34","TextKeyReference","DoNotPatchHere","False","False","","False","This is a key/reference; translate the resolved text entry instead."
"Content\Config\OnMap\Deposits.xml","Deposits.original.xml","deposit","DEPOSIT_FLAX_LARGE","description","","Fields of Flax can be [Harvested|HARVEST] by a [REAPER] or [FLAX-FARM-1] to [Produce|PRODUCE] [FLAX].[BLANK-LINE]Flax can no longer be Harvested when a [Tile|TILE] becomes [Cold|COLD].[BLANK-LINE]This is a particularly large field!","231","UnclassifiedLiteral","ReviewRequired","False","False","[Harvested|HARVEST] [REAPER] [FLAX-FARM-1] [Produce|PRODUCE] [FLAX] [BLANK-LINE] [Tile|TILE] [Cold|COLD]","True","No established safe patching rule yet."
"Content\Config\OnMap\Deposits.xml","Deposits.original.xml","deposit","DEPOSIT_FLAX_VAST","name","","TEXT.Name.Deposit.VastFieldOfFlax","33","TextKeyReference","DoNotPatchHere","False","False","","False","This is a key/reference; translate the resolved text entry instead."
"Content\Config\OnMap\Deposits.xml","Deposits.original.xml","deposit","DEPOSIT_FLAX_VAST","description","","Fields of Flax can be [Harvested|HARVEST] by a [REAPER] or [FLAX-FARM-1] to [Produce|PRODUCE] [FLAX].[BLANK-LINE]Flax can no longer be Harvested when a [Tile|TILE] becomes [Cold|COLD].[BLANK-LINE]This is among the largest fields ever found!","240","UnclassifiedLiteral","ReviewRequired","False","False","[Harvested|HARVEST] [REAPER] [FLAX-FARM-1] [Produce|PRODUCE] [FLAX] [BLANK-LINE] [Tile|TILE] [Cold|COLD]","True","No established safe patching rule yet."
"Content\Config\OnMap\Deposits.xml","Deposits.original.xml","deposit","DEPOSIT_MINERAL_SPRING","name","","TEXT.Name.Deposit.MineralSpring","31","TextKeyReference","DoNotPatchHere","False","False","","False","This is a key/reference; translate the resolved text entry instead."
"Content\Config\OnMap\Deposits.xml","Deposits.original.xml","deposit","DEPOSIT_MINERAL_SPRING","description","","The water from Mineral Springs is known to improve health. Armies can heal [Damage|DAMAGE] while next to them.","110","UnclassifiedLiteral","ReviewRequired","False","False","[Damage|DAMAGE]","False","No established safe patching rule yet."
"Content\Config\OnMap\Deposits.xml","Deposits.original.xml","deposit","DEPOSIT_RARE_FOREST","name","","TEXT.Name.Deposit.ForestOfRareTimber","36","TextKeyReference","DoNotPatchHere","False","False","","False","This is a key/reference; translate the resolved text entry instead."
"Content\Config\OnMap\Deposits.xml","Deposits.original.xml","deposit","DEPOSIT_RARE_FOREST","description","","Rare Forests can be [Harvested|HARVEST] for a great deal more [TIMBER] than the run-of-the-mill trees you can find just anywhere.","129","UnclassifiedLiteral","ReviewRequired","False","False","[Harvested|HARVEST] [TIMBER]","False","No established safe patching rule yet."
"Content\Config\OnMap\Deposits.xml","Deposits.original.xml","deposit","DEPOSIT_UNKNOWN_MINERAL","name","","TEXT.Name.Deposit.UnidentifiedMineral","37","TextKeyReference","DoNotPatchHere","False","False","","False","This is a key/reference; translate the resolved text entry instead."
"Content\Config\OnMap\Deposits.xml","Deposits.original.xml","deposit","DEPOSIT_UNKNOWN_MINERAL","description","","Seeing this on a [Tile|TILE] means there's a [Mineral|MINERAL] there, but you don't know what kind yet.[BLANK-LINE]Once [Identified|UNIDENTIFIED] by a [DIGGER] or [SURVEYOR] you will be able to [Harvest|HARVEST] [Resources|RESOURCE] from it.","241","UnclassifiedLiteral","ReviewRequired","False","False","[Tile|TILE] [Mineral|MINERAL] [BLANK-LINE] [Identified|UNIDENTIFIED] [DIGGER] [SURVEYOR] [Harvest|HARVEST] [Resources|RESOURCE]","False","No established safe patching rule yet."
"Content\Config\OnMap\Deposits.xml","Deposits.original.xml","deposit","DEPOSIT_UNKNOWN_ANIMAL","name","","TEXT.Name.Deposit.UnidentifiedAnimal","36","TextKeyReference","DoNotPatchHere","False","False","","False","This is a key/reference; translate the resolved text entry instead."
"Content\Config\OnMap\Deposits.xml","Deposits.original.xml","deposit","DEPOSIT_UNKNOWN_ANIMAL","description","","Seeing this on a [Tile|TILE] means there's a [Herd of Animals|ANIMAL] there, but you don't know what kind yet.[BLANK-LINE]Once [Identified|UNIDENTIFIED] by a [HUNTER], [TRAPPER], or [SURVEYOR] you will be able to [Harvest|HARVEST] [Resources|RESOURCE] from it.","260","UnclassifiedLiteral","ReviewRequired","False","False","[Tile|TILE] [Herd of Animals|ANIMAL] [BLANK-LINE] [Identified|UNIDENTIFIED] [HUNTER] [TRAPPER] [SURVEYOR] [Harvest|HARVEST] [Resources|RESOURCE]","False","No established safe patching rule yet."
"Content\Config\OnMap\Deposits.xml","Deposits.original.xml","deposit","DEPOSIT_UNKNOWN_PLANT","name","","TEXT.Name.Deposit.UnidentifiedPlant","35","TextKeyReference","DoNotPatchHere","False","False","","False","This is a key/reference; translate the resolved text entry instead."
"Content\Config\OnMap\Deposits.xml","Deposits.original.xml","deposit","DEPOSIT_UNKNOWN_PLANT","description","","Seeing this on a [Tile|TILE] means there's a useful [Plant|PLANT] there, but you don't know what kind yet.[BLANK-LINE]Once [Identified|UNIDENTIFIED] by a [GATHERER], [REAPER], or [SURVEYOR] you will be able to [Harvest|HARVEST] [Resources|RESOURCE] from it.","257","UnclassifiedLiteral","ReviewRequired","False","False","[Tile|TILE] [Plant|PLANT] [BLANK-LINE] [Identified|UNIDENTIFIED] [GATHERER] [REAPER] [SURVEYOR] [Harvest|HARVEST] [Resources|RESOURCE]","False","No established safe patching rule yet."
"Content\Config\OnMap\GoodyHuts.xml","GoodyHuts.original.xml","goodyHut","GOODY_HUT_VILLAGE","name","","Deserted Village","16","UnclassifiedLiteral","ReviewRequired","False","False","","True","No established safe patching rule yet."
"Content\Config\OnMap\GoodyHuts.xml","GoodyHuts.original.xml","goodyHut","GOODY_HUT_VILLAGE","description","","All that remains of a once-thriving community.[NEWLINE]It may still contain useful supplies, and can be investigated by an [EXPLORER].","134","UnclassifiedLiteral","ReviewRequired","False","False","[NEWLINE] [EXPLORER]","True","No established safe patching rule yet."
"Content\Config\OnMap\GoodyHuts.xml","GoodyHuts.original.xml","goodyHut","GOODY_HUT_FARM","name","","Deserted Farm","13","UnclassifiedLiteral","ReviewRequired","False","False","","True","No established safe patching rule yet."
"Content\Config\OnMap\GoodyHuts.xml","GoodyHuts.original.xml","goodyHut","GOODY_HUT_FARM","description","","This is a farm that has been recently abandoned.[NEWLINE]It may still contain useful supplies, and can be investigated by an [EXPLORER].","136","UnclassifiedLiteral","ReviewRequired","False","False","[NEWLINE] [EXPLORER]","True","No established safe patching rule yet."
"Content\Config\OnMap\GoodyHuts.xml","GoodyHuts.original.xml","goodyHut","GOODY_HUT_FORT","name","","Deserted Fortress","17","UnclassifiedLiteral","ReviewRequired","False","False","","True","No established safe patching rule yet."
"Content\Config\OnMap\GoodyHuts.xml","GoodyHuts.original.xml","goodyHut","GOODY_HUT_FORT","description","","Even a fortress dilapidated and worn by time such as this might be hiding danger within.[NEWLINE]It may still contain useful supplies, and can be investigated by an [EXPLORER].","176","UnclassifiedLiteral","ReviewRequired","False","False","[NEWLINE] [EXPLORER]","True","No established safe patching rule yet."
"Content\Config\OnMap\GoodyHuts.xml","GoodyHuts.original.xml","goodyHut","GOODY_HUT_BATTLEFIELD","name","","Deserted Battlefield","20","UnclassifiedLiteral","ReviewRequired","False","False","","True","No established safe patching rule yet."
"Content\Config\OnMap\GoodyHuts.xml","GoodyHuts.original.xml","goodyHut","GOODY_HUT_BATTLEFIELD","description","","The location of a major battle. Old equipment lies scattered about.[NEWLINE]It may still contain useful supplies, and can be investigated by an [EXPLORER].","155","UnclassifiedLiteral","ReviewRequired","False","False","[NEWLINE] [EXPLORER]","True","No established safe patching rule yet."
"Content\Config\OnMap\GoodyHuts.xml","GoodyHuts.original.xml","goodyHut","GOODY_HUT_CITY","name","","Deserted City","13","UnclassifiedLiteral","ReviewRequired","False","False","","True","No established safe patching rule yet."
"Content\Config\OnMap\GoodyHuts.xml","GoodyHuts.original.xml","goodyHut","GOODY_HUT_CITY","description","","All that remains of a once-magnificent Roman City, abandoned only recently.[NEWLINE]It may still contain useful supplies, and can be investigated by an [EXPLORER].","163","UnclassifiedLiteral","ReviewRequired","False","False","[NEWLINE] [EXPLORER]","True","No established safe patching rule yet."
"Content\Config\OnMap\Placeables.xml","Placeables.original.xml","placeable","PLACEABLE_SETTLEMENT","name","","Settlement","10","UnclassifiedLiteral","ReviewRequired","False","False","","False","No established safe patching rule yet."
"Content\Config\OnMap\Placeables.xml","Placeables.original.xml","placeable","PLACEABLE_SETTLEMENT","description","","TODO","4","TodoPlaceholder","Skip","False","False","","False","Developer placeholder, not player-facing prose."
"Content\Config\OnMap\Placeables.xml","Placeables.original.xml","placeable","PLACEABLE_CITY_CORE","name","","Roman City - Core","17","UnclassifiedLiteral","ReviewRequired","False","False","","False","No established safe patching rule yet."
"Content\Config\OnMap\Placeables.xml","Placeables.original.xml","placeable","PLACEABLE_CITY_CORE","description","","TODO","4","TodoPlaceholder","Skip","False","False","","False","Developer placeholder, not player-facing prose."
"Content\Config\OnMap\Placeables.xml","Placeables.original.xml","placeable","PLACEABLE_CITY_COLONY","name","","Roman City - Colony","19","UnclassifiedLiteral","ReviewRequired","False","False","","False","No established safe patching rule yet."
"Content\Config\OnMap\Placeables.xml","Placeables.original.xml","placeable","PLACEABLE_CITY_COLONY","description","","TODO","4","TodoPlaceholder","Skip","False","False","","False","Developer placeholder, not player-facing prose."
"Content\Config\OnMap\Placeables.xml","Placeables.original.xml","placeable","PLACEABLE_FARM_ADDS_FERTILE","name","","Farm + Fertile","14","UnclassifiedLiteral","ReviewRequired","False","False","","False","No established safe patching rule yet."
"Content\Config\OnMap\Placeables.xml","Placeables.original.xml","placeable","PLACEABLE_FARM_ADDS_FERTILE","description","","TODO","4","TodoPlaceholder","Skip","False","False","","False","Developer placeholder, not player-facing prose."
"Content\Config\OnMap\Placeables.xml","Placeables.original.xml","placeable","PLACEABLE_LOGGING_CAMP","name","","Logging Camp","12","UnclassifiedLiteral","ReviewRequired","False","False","","False","No established safe patching rule yet."
"Content\Config\OnMap\Placeables.xml","Placeables.original.xml","placeable","PLACEABLE_LOGGING_CAMP","description","","TODO","4","TodoPlaceholder","Skip","False","False","","False","Developer placeholder, not player-facing prose."
"Content\Config\OnMap\Placeables.xml","Placeables.original.xml","placeable","PLACEABLE_LOGGING_CAMP_ADDS_FOREST","name","","Logging Camp + Forest","21","UnclassifiedLiteral","ReviewRequired","False","False","","False","No established safe patching rule yet."
"Content\Config\OnMap\Placeables.xml","Placeables.original.xml","placeable","PLACEABLE_LOGGING_CAMP_ADDS_FOREST","description","","TODO","4","TodoPlaceholder","Skip","False","False","","False","Developer placeholder, not player-facing prose."
"Content\Config\OnMap\Placeables.xml","Placeables.original.xml","placeable","PLACEABLE_IRON_MINE","name","","Iron Mine","9","UnclassifiedLiteral","ReviewRequired","False","False","","False","No established safe patching rule yet."
"Content\Config\OnMap\Placeables.xml","Placeables.original.xml","placeable","PLACEABLE_IRON_MINE","description","","TODO","4","TodoPlaceholder","Skip","False","False","","False","Developer placeholder, not player-facing prose."
"Content\Config\OnMap\Placeables.xml","Placeables.original.xml","placeable","PLACEABLE_IRON_MINE_ADDS_HILL","name","","Iron Mine + Hill","16","UnclassifiedLiteral","ReviewRequired","False","False","","False","No established safe patching rule yet."
"Content\Config\OnMap\Placeables.xml","Placeables.original.xml","placeable","PLACEABLE_IRON_MINE_ADDS_HILL","description","","TODO","4","TodoPlaceholder","Skip","False","False","","False","Developer placeholder, not player-facing prose."
"Content\Config\OnMap\Placeables.xml","Placeables.original.xml","placeable","PLACEABLE_MONASTERY","name","","Monastery","9","UnclassifiedLiteral","ReviewRequired","False","False","","False","No established safe patching rule yet."
"Content\Config\OnMap\Placeables.xml","Placeables.original.xml","placeable","PLACEABLE_MONASTERY","description","","TODO","4","TodoPlaceholder","Skip","False","False","","False","Developer placeholder, not player-facing prose."
"Content\Config\OnMap\Placeables.xml","Placeables.original.xml","placeable","PLACEABLE_ANCIENT_SHRINE","name","","Ancient Shrine","14","UnclassifiedLiteral","ReviewRequired","False","False","","False","No established safe patching rule yet."
"Content\Config\OnMap\Placeables.xml","Placeables.original.xml","placeable","PLACEABLE_ANCIENT_SHRINE","description","","TODO","4","TodoPlaceholder","Skip","False","False","","False","Developer placeholder, not player-facing prose."
"Content\Config\OnMap\Placeables.xml","Placeables.original.xml","placeable","PLACEABLE_DESTROYED_BRIDGE","name","","Destroyed Bridge","16","UnclassifiedLiteral","ReviewRequired","False","False","","False","No established safe patching rule yet."
"Content\Config\OnMap\Placeables.xml","Placeables.original.xml","placeable","PLACEABLE_DESTROYED_BRIDGE","description","","TODO","4","TodoPlaceholder","Skip","False","False","","False","Developer placeholder, not player-facing prose."
"Content\Config\OnMap\Placeables.xml","Placeables.original.xml","placeable","PLACEABLE_ROMAN_DAM","name","","Roman Dam","9","UnclassifiedLiteral","ReviewRequired","False","False","","False","No established safe patching rule yet."
"Content\Config\OnMap\Placeables.xml","Placeables.original.xml","placeable","PLACEABLE_ROMAN_DAM","description","","TODO","4","TodoPlaceholder","Skip","False","False","","False","Developer placeholder, not player-facing prose."
"Content\Config\OnMap\Placeables.xml","Placeables.original.xml","placeable","PLACEABLE_ROMAN_FORT","name","","Roman Fort","10","UnclassifiedLiteral","ReviewRequired","False","False","","False","No established safe patching rule yet."
"Content\Config\OnMap\Placeables.xml","Placeables.original.xml","placeable","PLACEABLE_ROMAN_FORT","description","","TODO","4","TodoPlaceholder","Skip","False","False","","False","Developer placeholder, not player-facing prose."
"Content\Config\OnMap\Structures.xml","Structures.original.xml","structure","STRUCTURE_LOGGING_CAMP_1","name","","TEXT.Name.Structure.LoggingCamp","31","TextKeyReference","DoNotPatchHere","False","False","","False","This is a key/reference; translate the resolved text entry instead."
"Content\Config\OnMap\Structures.xml","Structures.original.xml","structure","STRUCTURE_LOGGING_CAMP_1","description","","Logging Camps are [Constructed|CONSTRUCT] by [LOGGER:S] on [Forests|FOREST] and [Harvest|HARVEST] [TIMBER] from that Tile and all adjacent ones. A Logging Camp eventually depletes its [Tile's|TILE] available [TIMBER], and when this happens it shuts down and the [Forest|FOREST] is replaced with [BRUSH-LEAFY].[BLANK-LINE]Note that Logging Camps are less efficient than [WOOD-COLLECTOR:S] over the long-term, and are generally not ideal when you only have a few tiles of [Forest|FOREST] nearby.","493","StructureDescription","SafeDisplay","False","True","[Constructed|CONSTRUCT] [LOGGER:S] [Forests|FOREST] [Harvest|HARVEST] [TIMBER] [Tile's|TILE] [Forest|FOREST] [BRUSH-LEAFY] [BLANK-LINE] [WOOD-COLLECTOR:S]","True","Player-facing structure description under a stable structure ID; config-node patch and new-game smoke verified."
"Content\Config\OnMap\Structures.xml","Structures.original.xml","structure","STRUCTURE_LOGGING_CAMP_2","name","","TEXT.Name.Structure.Woodworks","29","TextKeyReference","DoNotPatchHere","False","False","","False","This is a key/reference; translate the resolved text entry instead."
"Content\Config\OnMap\Structures.xml","Structures.original.xml","structure","STRUCTURE_LOGGING_CAMP_2","description","","Woodworks are [Constructed|CONSTRUCT] by [LOGGER:S] on [Forests|FOREST] and [Harvest|HARVEST] [TIMBER] from that Tile and all adjacent ones.[BLANK-LINE]Unlike the [LOGGING-CAMP-1] a Woodworks does not [Degrade|DEGRADE] the [Resources|RESOURCE] it Harvests. Structures built from [STONE-BLOCKS] can also be given [Apprentices|APPRENTICE] to greatly increase their [Production|PRODUCE].","384","StructureDescription","SafeDisplay","False","True","[Constructed|CONSTRUCT] [LOGGER:S] [Forests|FOREST] [Harvest|HARVEST] [TIMBER] [BLANK-LINE] [LOGGING-CAMP-1] [Degrade|DEGRADE] [Resources|RESOURCE] [STONE-BLOCKS] [Apprentices|APPRENTICE] [Production|PRODUCE]","True","Player-facing structure description under a stable structure ID; config-node patch and new-game smoke verified."
"Content\Config\OnMap\Structures.xml","Structures.original.xml","structure","STRUCTURE_WHEAT_FARM_1","name","","TEXT.Name.Structure.WheatFarm","29","TextKeyReference","DoNotPatchHere","False","False","","False","This is a key/reference; translate the resolved text entry instead."
"Content\Config\OnMap\Structures.xml","Structures.original.xml","structure","STRUCTURE_WHEAT_FARM_1","description","","Wheat Farms are a [Structure|STRUCTURE] [Constructed|CONSTRUCT] by [FARMER:S] which [Harvest|HARVEST] [WHEAT], except during [Cold|COLD] months or when affected by [Weather|WEATHER].","182","StructureDescription","SafeDisplay","False","True","[Structure|STRUCTURE] [Constructed|CONSTRUCT] [FARMER:S] [Harvest|HARVEST] [WHEAT] [Cold|COLD] [Weather|WEATHER]","True","Player-facing structure description under a stable structure ID; config-node patch and new-game smoke verified."
"Content\Config\OnMap\Structures.xml","Structures.original.xml","structure","STRUCTURE_WHEAT_FARM_2","name","","TEXT.Name.Structure.WheatFarm2","30","TextKeyReference","DoNotPatchHere","False","False","","False","This is a key/reference; translate the resolved text entry instead."
"Content\Config\OnMap\Structures.xml","Structures.original.xml","structure","STRUCTURE_WHEAT_FARM_2","description","","Wheat Plantations are a [Structure|STRUCTURE] [Constructed|CONSTRUCT] by [FARMER:S] which [Harvest|HARVEST] [WHEAT], except during [Cold|COLD] months or when affected by [Weather|WEATHER].[BLANK-LINE]Unlike the [WHEAT-FARM-1] this Structure does not [Degrade|DEGRADE] the [Resource Deposit|DEPOSIT] on its Tile. Structures built from [STONE-BLOCKS] can also be given [Apprentices|APPRENTICE] to greatly increase their [Production|PRODUCE].","439","StructureDescription","SafeDisplay","False","True","[Structure|STRUCTURE] [Constructed|CONSTRUCT] [FARMER:S] [Harvest|HARVEST] [WHEAT] [Cold|COLD] [Weather|WEATHER] [BLANK-LINE] [WHEAT-FARM-1] [Degrade|DEGRADE] [Resource Deposit|DEPOSIT] [STONE-BLOCKS] [Apprentices|APPRENTICE] [Production|PRODUCE]","True","Player-facing structure description under a stable structure ID; config-node patch and new-game smoke verified."
"Content\Config\OnMap\Structures.xml","Structures.original.xml","structure","STRUCTURE_BARLEY_FARM_1","name","","TEXT.Name.Structure.BarleyFarm","30","TextKeyReference","DoNotPatchHere","False","False","","False","This is a key/reference; translate the resolved text entry instead."
"Content\Config\OnMap\Structures.xml","Structures.original.xml","structure","STRUCTURE_BARLEY_FARM_1","description","","Barley Farms are a [Structure|STRUCTURE] [Constructed|CONSTRUCT] by [FARMER:S] which [Harvest|HARVEST] [BARLEY], except when their [Tile|TILE] is [Cold|COLD] or affected by [Weather|WEATHER].","191","StructureDescription","SafeDisplay","False","True","[Structure|STRUCTURE] [Constructed|CONSTRUCT] [FARMER:S] [Harvest|HARVEST] [BARLEY] [Tile|TILE] [Cold|COLD] [Weather|WEATHER]","True","Player-facing structure description under a stable structure ID; config-node patch and new-game smoke verified."
"Content\Config\OnMap\Structures.xml","Structures.original.xml","structure","STRUCTURE_BARLEY_FARM_2","name","","TEXT.Name.Structure.BarleyFarm2","31","TextKeyReference","DoNotPatchHere","False","False","","False","This is a key/reference; translate the resolved text entry instead."
"Content\Config\OnMap\Structures.xml","Structures.original.xml","structure","STRUCTURE_BARLEY_FARM_2","description","","Barley Plantations are a [Structure|STRUCTURE] [Constructed|CONSTRUCT] by [FARMER:S] which [Harvest|HARVEST] [BARLEY], except when their [Tile|TILE] is [Cold|COLD] or affected by [Weather|WEATHER].[BLANK-LINE]Unlike the [BARLEY-FARM-1] this Structure does not [Degrade|DEGRADE] the [Resource Deposit|DEPOSIT] on its Tile. Structures built from [STONE-BLOCKS] can also be given [Apprentices|APPRENTICE] to greatly increase their [Production|PRODUCE].","449","StructureDescription","SafeDisplay","False","True","[Structure|STRUCTURE] [Constructed|CONSTRUCT] [FARMER:S] [Harvest|HARVEST] [BARLEY] [Tile|TILE] [Cold|COLD] [Weather|WEATHER] [BLANK-LINE] [BARLEY-FARM-1] [Degrade|DEGRADE] [Resource Deposit|DEPOSIT] [STONE-BLOCKS] [Apprentices|APPRENTICE] [Production|PRODUCE]","True","Player-facing structure description under a stable structure ID; config-node patch and new-game smoke verified."
"Content\Config\OnMap\Structures.xml","Structures.original.xml","structure","STRUCTURE_FRUIT_FARM_1","name","","TEXT.Name.Structure.Orchard","27","TextKeyReference","DoNotPatchHere","False","False","","False","This is a key/reference; translate the resolved text entry instead."
"Content\Config\OnMap\Structures.xml","Structures.original.xml","structure","STRUCTURE_FRUIT_FARM_1","description","","Orchards are a [Structure|STRUCTURE] [Constructed|CONSTRUCT] by [FARMER:S] which [Harvest|HARVEST] [FRUIT], except during [Cold|COLD] months or when affected by [Weather|WEATHER].[BLANK-LINE]Note that Orchards cannot be constructed on [DEPOSIT-BERRIES:S] (only [GATHERER:S] can [Harvest|HARVEST] them).","302","StructureDescription","SafeDisplay","False","True","[Structure|STRUCTURE] [Constructed|CONSTRUCT] [FARMER:S] [Harvest|HARVEST] [FRUIT] [Cold|COLD] [Weather|WEATHER] [BLANK-LINE] [DEPOSIT-BERRIES:S] [GATHERER:S]","True","Player-facing structure description under a stable structure ID; config-node patch and new-game smoke verified."
"Content\Config\OnMap\Structures.xml","Structures.original.xml","structure","STRUCTURE_FRUIT_FARM_2","name","","TEXT.Name.Structure.Orchard2","28","TextKeyReference","DoNotPatchHere","False","False","","False","This is a key/reference; translate the resolved text entry instead."
"Content\Config\OnMap\Structures.xml","Structures.original.xml","structure","STRUCTURE_FRUIT_FARM_2","description","","Fruit Plantations are a [Structure|STRUCTURE] [Constructed|CONSTRUCT] by [FARMER:S] which [Harvest|HARVEST] [FRUIT], except during [Cold|COLD] months or when affected by [Weather|WEATHER].[BLANK-LINE]Unlike the [FRUIT-FARM-1] this Structure does not [Degrade|DEGRADE] the [Resource Deposit|DEPOSIT] on its Tile. Structures built from [STONE-BLOCKS] can also be given [Apprentices|APPRENTICE] to greatly increase their [Production|PRODUCE].[BLANK-LINE]Note that Orchards cannot be constructed on [DEPOSIT-BERRIES:S] (only [GATHERER:S] can [Harvest|HARVEST] them).","562","StructureDescription","SafeDisplay","False","True","[Structure|STRUCTURE] [Constructed|CONSTRUCT] [FARMER:S] [Harvest|HARVEST] [FRUIT] [Cold|COLD] [Weather|WEATHER] [BLANK-LINE] [FRUIT-FARM-1] [Degrade|DEGRADE] [Resource Deposit|DEPOSIT] [STONE-BLOCKS] [Apprentices|APPRENTICE] [Production|PRODUCE] [DEPOSIT-BERRIES:S] [GATHERER:S]","True","Player-facing structure description under a stable structure ID; config-node patch and new-game smoke verified."
"Content\Config\OnMap\Structures.xml","Structures.original.xml","structure","STRUCTURE_VINEYARD_1","name","","TEXT.Name.Structure.Vineyard","28","TextKeyReference","DoNotPatchHere","False","False","","False","This is a key/reference; translate the resolved text entry instead."
"Content\Config\OnMap\Structures.xml","Structures.original.xml","structure","STRUCTURE_VINEYARD_1","description","","Vineyards are a [Structure|STRUCTURE] [Constructed|CONSTRUCT] by [FARMER:S] which [Harvest|HARVEST] [GRAPES], except when their [Tile|TILE] is [Cold|COLD] or affected by [Weather|WEATHER].","188","StructureDescription","SafeDisplay","False","True","[Structure|STRUCTURE] [Constructed|CONSTRUCT] [FARMER:S] [Harvest|HARVEST] [GRAPES] [Tile|TILE] [Cold|COLD] [Weather|WEATHER]","True","Player-facing structure description under a stable structure ID; config-node patch and new-game smoke verified."
"Content\Config\OnMap\Structures.xml","Structures.original.xml","structure","STRUCTURE_VINEYARD_2","name","","TEXT.Name.Structure.Vineyard2","29","TextKeyReference","DoNotPatchHere","False","False","","False","This is a key/reference; translate the resolved text entry instead."
"Content\Config\OnMap\Structures.xml","Structures.original.xml","structure","STRUCTURE_VINEYARD_2","description","","Grape Plantations are a [Structure|STRUCTURE] [Constructed|CONSTRUCT] by [FARMER:S] which [Harvest|HARVEST] [GRAPES], except when their [Tile|TILE] is [Cold|COLD] or affected by [Weather|WEATHER].[BLANK-LINE]Unlike the [VINEYARD-1] this Structure does not [Degrade|DEGRADE] the [Resource Deposit|DEPOSIT] on its Tile. Structures built from [STONE-BLOCKS] can also be given [Apprentices|APPRENTICE] to greatly increase their [Production|PRODUCE].","445","StructureDescription","SafeDisplay","False","True","[Structure|STRUCTURE] [Constructed|CONSTRUCT] [FARMER:S] [Harvest|HARVEST] [GRAPES] [Tile|TILE] [Cold|COLD] [Weather|WEATHER] [BLANK-LINE] [VINEYARD-1] [Degrade|DEGRADE] [Resource Deposit|DEPOSIT] [STONE-BLOCKS] [Apprentices|APPRENTICE] [Production|PRODUCE]","True","Player-facing structure description under a stable structure ID; config-node patch and new-game smoke verified."
"Content\Config\OnMap\Structures.xml","Structures.original.xml","structure","STRUCTURE_OLIVE_FARM_1","name","","TEXT.Name.Structure.OliveFarm","29","TextKeyReference","DoNotPatchHere","False","False","","False","This is a key/reference; translate the resolved text entry instead."
"Content\Config\OnMap\Structures.xml","Structures.original.xml","structure","STRUCTURE_OLIVE_FARM_1","description","","Olive Farms are a [Structure|STRUCTURE] [Constructed|CONSTRUCT] by [FARMER:S] which [Harvest|HARVEST] [OLIVES], except when their [Tile|TILE] is [Cold|COLD] or affected by [Weather|WEATHER].","190","StructureDescription","SafeDisplay","False","True","[Structure|STRUCTURE] [Constructed|CONSTRUCT] [FARMER:S] [Harvest|HARVEST] [OLIVES] [Tile|TILE] [Cold|COLD] [Weather|WEATHER]","True","Player-facing structure description under a stable structure ID; config-node patch and new-game smoke verified."
"Content\Config\OnMap\Structures.xml","Structures.original.xml","structure","STRUCTURE_OLIVE_FARM_2","name","","TEXT.Name.Structure.OliveFarm2","30","TextKeyReference","DoNotPatchHere","False","False","","False","This is a key/reference; translate the resolved text entry instead."
"Content\Config\OnMap\Structures.xml","Structures.original.xml","structure","STRUCTURE_OLIVE_FARM_2","description","","Olive Granges are a [Structure|STRUCTURE] [Constructed|CONSTRUCT] by [FARMER:S] which [Harvest|HARVEST] [OLIVES], except when their [Tile|TILE] is [Cold|COLD] or affected by [Weather|WEATHER].[BLANK-LINE]Unlike the [OLIVE-FARM-1] this Structure does not [Degrade|DEGRADE] the [Resource Deposit|DEPOSIT] on its Tile. Structures built from [STONE-BLOCKS] can also be given [Apprentices|APPRENTICE] to greatly increase their [Production|PRODUCE].","443","StructureDescription","SafeDisplay","False","True","[Structure|STRUCTURE] [Constructed|CONSTRUCT] [FARMER:S] [Harvest|HARVEST] [OLIVES] [Tile|TILE] [Cold|COLD] [Weather|WEATHER] [BLANK-LINE] [OLIVE-FARM-1] [Degrade|DEGRADE] [Resource Deposit|DEPOSIT] [STONE-BLOCKS] [Apprentices|APPRENTICE] [Production|PRODUCE]","True","Player-facing structure description under a stable structure ID; config-node patch and new-game smoke verified."
"Content\Config\OnMap\Structures.xml","Structures.original.xml","structure","STRUCTURE_FLAX_FARM_1","name","","TEXT.Name.Structure.FlaxFarm","28","TextKeyReference","DoNotPatchHere","False","False","","False","This is a key/reference; translate the resolved text entry instead."
"Content\Config\OnMap\Structures.xml","Structures.original.xml","structure","STRUCTURE_FLAX_FARM_1","description","","Flax Farms are a [Structure|STRUCTURE] [Constructed|CONSTRUCT] by [FARMER:S] which [Harvest|HARVEST] [FLAX], except when their [Tile|TILE] is [Cold|COLD] or affected by [Weather|WEATHER].","187","StructureDescription","SafeDisplay","False","True","[Structure|STRUCTURE] [Constructed|CONSTRUCT] [FARMER:S] [Harvest|HARVEST] [FLAX] [Tile|TILE] [Cold|COLD] [Weather|WEATHER]","True","Player-facing structure description under a stable structure ID; config-node patch and new-game smoke verified."
"Content\Config\OnMap\Structures.xml","Structures.original.xml","structure","STRUCTURE_FLAX_FARM_2","name","","TEXT.Name.Structure.FlaxFarm2","29","TextKeyReference","DoNotPatchHere","False","False","","False","This is a key/reference; translate the resolved text entry instead."
"Content\Config\OnMap\Structures.xml","Structures.original.xml","structure","STRUCTURE_FLAX_FARM_2","description","","Flax Plantations are a [Structure|STRUCTURE] [Constructed|CONSTRUCT] by [FARMER:S] which [Harvest|HARVEST] [FLAX], except when their [Tile|TILE] is [Cold|COLD] or affected by [Weather|WEATHER].[BLANK-LINE]Unlike the [FLAX-FARM-1] this Structure does not [Degrade|DEGRADE] the [Resource Deposit|DEPOSIT] on its Tile. Structures built from [STONE-BLOCKS] can also be given [Apprentices|APPRENTICE] to greatly increase their [Production|PRODUCE].","443","StructureDescription","SafeDisplay","False","True","[Structure|STRUCTURE] [Constructed|CONSTRUCT] [FARMER:S] [Harvest|HARVEST] [FLAX] [Tile|TILE] [Cold|COLD] [Weather|WEATHER] [BLANK-LINE] [FLAX-FARM-1] [Degrade|DEGRADE] [Resource Deposit|DEPOSIT] [STONE-BLOCKS] [Apprentices|APPRENTICE] [Production|PRODUCE]","True","Player-facing structure description under a stable structure ID; config-node patch and new-game smoke verified."
"Content\Config\OnMap\Structures.xml","Structures.original.xml","structure","STRUCTURE_APIARY_1","name","","TEXT.Name.Structure.Apiary","26","TextKeyReference","DoNotPatchHere","False","False","","False","This is a key/reference; translate the resolved text entry instead."
"Content\Config\OnMap\Structures.xml","Structures.original.xml","structure","STRUCTURE_APIARY_1","description","","Apiaries are a [Structure|STRUCTURE] [Constructed|CONSTRUCT] by [FARMER:S] which [Harvest|HARVEST] [HONEY], except when their [Tile|TILE] is [Cold|COLD] or affected by [Weather|WEATHER].","186","StructureDescription","SafeDisplay","False","True","[Structure|STRUCTURE] [Constructed|CONSTRUCT] [FARMER:S] [Harvest|HARVEST] [HONEY] [Tile|TILE] [Cold|COLD] [Weather|WEATHER]","True","Player-facing structure description under a stable structure ID; config-node patch and new-game smoke verified."
"Content\Config\OnMap\Structures.xml","Structures.original.xml","structure","STRUCTURE_APIARY_2","name","","TEXT.Name.Structure.Apiary2","27","TextKeyReference","DoNotPatchHere","False","False","","False","This is a key/reference; translate the resolved text entry instead."
"Content\Config\OnMap\Structures.xml","Structures.original.xml","structure","STRUCTURE_APIARY_2","description","","Honey Plantations are a [Structure|STRUCTURE] [Constructed|CONSTRUCT] by [FARMER:S] which [Harvest|HARVEST] [HONEY], except when their [Tile|TILE] is [Cold|COLD] or affected by [Weather|WEATHER].[BLANK-LINE]Unlike the [APIARY-1] this Structure does not [Degrade|DEGRADE] the [Resource Deposit|DEPOSIT] on its Tile. Structures built from [STONE-BLOCKS] can also be given [Apprentices|APPRENTICE] to greatly increase their [Production|PRODUCE].","442","StructureDescription","SafeDisplay","False","True","[Structure|STRUCTURE] [Constructed|CONSTRUCT] [FARMER:S] [Harvest|HARVEST] [HONEY] [Tile|TILE] [Cold|COLD] [Weather|WEATHER] [BLANK-LINE] [APIARY-1] [Degrade|DEGRADE] [Resource Deposit|DEPOSIT] [STONE-BLOCKS] [Apprentices|APPRENTICE] [Production|PRODUCE]","True","Player-facing structure description under a stable structure ID; config-node patch and new-game smoke verified."
"Content\Config\OnMap\Structures.xml","Structures.original.xml","structure","STRUCTURE_CATTLE_PASTURE_1","name","","TEXT.Name.Structure.CattlePasture","33","TextKeyReference","DoNotPatchHere","False","False","","False","This is a key/reference; translate the resolved text entry instead."
"Content\Config\OnMap\Structures.xml","Structures.original.xml","structure","STRUCTURE_CATTLE_PASTURE_1","description","","Cattle Pastures are a [Structure|STRUCTURE] [Constructed|CONSTRUCT] by [RANCHER:S] which add a [Tile's|TILE] Herd of [CATTLE] to your [Stockpile|STOCKPILE].","156","StructureDescription","SafeDisplay","False","True","[Structure|STRUCTURE] [Constructed|CONSTRUCT] [RANCHER:S] [Tile's|TILE] [CATTLE] [Stockpile|STOCKPILE]","True","Player-facing structure description under a stable structure ID; config-node patch and new-game smoke verified."
"Content\Config\OnMap\Structures.xml","Structures.original.xml","structure","STRUCTURE_CATTLE_PASTURE_2","name","","TEXT.Name.Structure.CattlePasture2","34","TextKeyReference","DoNotPatchHere","False","False","","False","This is a key/reference; translate the resolved text entry instead."
"Content\Config\OnMap\Structures.xml","Structures.original.xml","structure","STRUCTURE_CATTLE_PASTURE_2","description","","Cattle Ranches are a [Structure|STRUCTURE] [Constructed|CONSTRUCT] by [RANCHER:S] which add a [Tile's|TILE] Herd of [CATTLE] to your [Stockpile|STOCKPILE].[BLANK-LINE]Unlike Pastures, Ranches actually also increase the size of the herd over time. Structures built from [STONE-BLOCKS] can also be given [Apprentices|APPRENTICE] to greatly increase their [Production|PRODUCE].","374","StructureDescription","SafeDisplay","False","True","[Structure|STRUCTURE] [Constructed|CONSTRUCT] [RANCHER:S] [Tile's|TILE] [CATTLE] [Stockpile|STOCKPILE] [BLANK-LINE] [STONE-BLOCKS] [Apprentices|APPRENTICE] [Production|PRODUCE]","True","Player-facing structure description under a stable structure ID; config-node patch and new-game smoke verified."
"Content\Config\OnMap\Structures.xml","Structures.original.xml","structure","STRUCTURE_SHEEP_PASTURE_1","name","","TEXT.Name.Structure.SheepPasture","32","TextKeyReference","DoNotPatchHere","False","False","","False","This is a key/reference; translate the resolved text entry instead."
"Content\Config\OnMap\Structures.xml","Structures.original.xml","structure","STRUCTURE_SHEEP_PASTURE_1","description","","Sheep Pastures are a [Structure|STRUCTURE] [Constructed|CONSTRUCT] by [RANCHER:S] which add a [Tile's|TILE] Herd of [SHEEP] to your [Stockpile|STOCKPILE].","154","StructureDescription","SafeDisplay","False","True","[Structure|STRUCTURE] [Constructed|CONSTRUCT] [RANCHER:S] [Tile's|TILE] [SHEEP] [Stockpile|STOCKPILE]","True","Player-facing structure description under a stable structure ID; config-node patch and new-game smoke verified."
"Content\Config\OnMap\Structures.xml","Structures.original.xml","structure","STRUCTURE_SHEEP_PASTURE_2","name","","TEXT.Name.Structure.SheepPasture2","33","TextKeyReference","DoNotPatchHere","False","False","","False","This is a key/reference; translate the resolved text entry instead."
"Content\Config\OnMap\Structures.xml","Structures.original.xml","structure","STRUCTURE_SHEEP_PASTURE_2","description","","Sheep Ranches are a [Structure|STRUCTURE] [Constructed|CONSTRUCT] by [RANCHER:S] which add a [Tile's|TILE] Herd of [SHEEP] to your [Stockpile|STOCKPILE].[BLANK-LINE]Unlike Pastures, Ranches actually also increase the size of the herd over time. Structures built from [STONE-BLOCKS] can also be given [Apprentices|APPRENTICE] to greatly increase their [Production|PRODUCE].","372","StructureDescription","SafeDisplay","False","True","[Structure|STRUCTURE] [Constructed|CONSTRUCT] [RANCHER:S] [Tile's|TILE] [SHEEP] [Stockpile|STOCKPILE] [BLANK-LINE] [STONE-BLOCKS] [Apprentices|APPRENTICE] [Production|PRODUCE]","True","Player-facing structure description under a stable structure ID; config-node patch and new-game smoke verified."
"Content\Config\OnMap\Structures.xml","Structures.original.xml","structure","STRUCTURE_PIG_PASTURE_1","name","","TEXT.Name.Structure.PigPasture","30","TextKeyReference","DoNotPatchHere","False","False","","False","This is a key/reference; translate the resolved text entry instead."
"Content\Config\OnMap\Structures.xml","Structures.original.xml","structure","STRUCTURE_PIG_PASTURE_1","description","","Pig Pastures are a [Structure|STRUCTURE] [Constructed|CONSTRUCT] by [RANCHER:S] which add a [Tile's|TILE] Herd of [PIGS] to your [Stockpile|STOCKPILE].","151","StructureDescription","SafeDisplay","False","True","[Structure|STRUCTURE] [Constructed|CONSTRUCT] [RANCHER:S] [Tile's|TILE] [PIGS] [Stockpile|STOCKPILE]","True","Player-facing structure description under a stable structure ID; config-node patch and new-game smoke verified."
"Content\Config\OnMap\Structures.xml","Structures.original.xml","structure","STRUCTURE_PIG_PASTURE_2","name","","TEXT.Name.Structure.PigPasture2","31","TextKeyReference","DoNotPatchHere","False","False","","False","This is a key/reference; translate the resolved text entry instead."
"Content\Config\OnMap\Structures.xml","Structures.original.xml","structure","STRUCTURE_PIG_PASTURE_2","description","","Pig Ranches are a [Structure|STRUCTURE] [Constructed|CONSTRUCT] by [RANCHER:S] which add a [Tile's|TILE] Herd of [PIGS] to your [Stockpile|STOCKPILE].[BLANK-LINE]Unlike Pastures, Ranches actually also increase the size of the herd over time. Structures built from [STONE-BLOCKS] can also be given [Apprentices|APPRENTICE] to greatly increase their [Production|PRODUCE].","369","StructureDescription","SafeDisplay","False","True","[Structure|STRUCTURE] [Constructed|CONSTRUCT] [RANCHER:S] [Tile's|TILE] [PIGS] [Stockpile|STOCKPILE] [BLANK-LINE] [STONE-BLOCKS] [Apprentices|APPRENTICE] [Production|PRODUCE]","True","Player-facing structure description under a stable structure ID; config-node patch and new-game smoke verified."
"Content\Config\OnMap\Structures.xml","Structures.original.xml","structure","STRUCTURE_HORSE_PASTURE_1","name","","TEXT.Name.Structure.HorsePasture","32","TextKeyReference","DoNotPatchHere","False","False","","False","This is a key/reference; translate the resolved text entry instead."
"Content\Config\OnMap\Structures.xml","Structures.original.xml","structure","STRUCTURE_HORSE_PASTURE_1","description","","Horse Pastures are a [Structure|STRUCTURE] [Constructed|CONSTRUCT] by [RANCHER:S] which add a [Tile's|TILE] Herd of [HORSES] to your [Stockpile|STOCKPILE].","155","StructureDescription","SafeDisplay","False","True","[Structure|STRUCTURE] [Constructed|CONSTRUCT] [RANCHER:S] [Tile's|TILE] [HORSES] [Stockpile|STOCKPILE]","True","Player-facing structure description under a stable structure ID; config-node patch and new-game smoke verified."
"Content\Config\OnMap\Structures.xml","Structures.original.xml","structure","STRUCTURE_HORSE_PASTURE_2","name","","TEXT.Name.Structure.HorsePasture2","33","TextKeyReference","DoNotPatchHere","False","False","","False","This is a key/reference; translate the resolved text entry instead."
"Content\Config\OnMap\Structures.xml","Structures.original.xml","structure","STRUCTURE_HORSE_PASTURE_2","description","","Horse Ranches are a [Structure|STRUCTURE] [Constructed|CONSTRUCT] by [RANCHER:S] which add a [Tile's|TILE] Herd of [HORSES] to your [Stockpile|STOCKPILE].[BLANK-LINE]Unlike Pastures, Ranches actually also increase the size of the herd over time. Structures built from [STONE-BLOCKS] can also be given [Apprentices|APPRENTICE] to greatly increase their [Production|PRODUCE].","373","StructureDescription","SafeDisplay","False","True","[Structure|STRUCTURE] [Constructed|CONSTRUCT] [RANCHER:S] [Tile's|TILE] [HORSES] [Stockpile|STOCKPILE] [BLANK-LINE] [STONE-BLOCKS] [Apprentices|APPRENTICE] [Production|PRODUCE]","True","Player-facing structure description under a stable structure ID; config-node patch and new-game smoke verified."
"Content\Config\OnMap\Structures.xml","Structures.original.xml","structure","STRUCTURE_GOLD_MINE_1","name","","TEXT.Name.Structure.GoldMine","28","TextKeyReference","DoNotPatchHere","False","False","","False","This is a key/reference; translate the resolved text entry instead."
"Content\Config\OnMap\Structures.xml","Structures.original.xml","structure","STRUCTURE_GOLD_MINE_1","description","","Gold Mines are a [Structure|STRUCTURE] [Constructed|CONSTRUCT] by [MINER:S] which [Harvest|HARVEST] huge amounts of [TREASURE], making them very valuable.","154","StructureDescription","SafeDisplay","False","True","[Structure|STRUCTURE] [Constructed|CONSTRUCT] [MINER:S] [Harvest|HARVEST] [TREASURE]","True","Player-facing structure description under a stable structure ID; config-node patch and new-game smoke verified."
"Content\Config\OnMap\Structures.xml","Structures.original.xml","structure","STRUCTURE_GOLD_MINE_2","name","","TEXT.Name.Structure.GoldMine2","29","TextKeyReference","DoNotPatchHere","False","False","","False","This is a key/reference; translate the resolved text entry instead."
"Content\Config\OnMap\Structures.xml","Structures.original.xml","structure","STRUCTURE_GOLD_MINE_2","description","","Gold Shaft Mines are a [Structure|STRUCTURE] [Constructed|CONSTRUCT] by [MINER:S] which [Harvest|HARVEST] large amounts of [TREASURE], making them very valuable.[BLANK-LINE]Unlike the [GOLD-MINE-1] this Structure does not [Degrade|DEGRADE] the [Resource Deposit|DEPOSIT] on its Tile. Structures built from [STONE-BLOCKS] can also be given [Apprentices|APPRENTICE] to greatly increase their [Production|PRODUCE].","411","StructureDescription","SafeDisplay","False","True","[Structure|STRUCTURE] [Constructed|CONSTRUCT] [MINER:S] [Harvest|HARVEST] [TREASURE] [BLANK-LINE] [GOLD-MINE-1] [Degrade|DEGRADE] [Resource Deposit|DEPOSIT] [STONE-BLOCKS] [Apprentices|APPRENTICE] [Production|PRODUCE]","True","Player-facing structure description under a stable structure ID; config-node patch and new-game smoke verified."
"Content\Config\OnMap\Structures.xml","Structures.original.xml","structure","STRUCTURE_GEM_MINE_1","name","","TEXT.Name.Structure.GemMine","27","TextKeyReference","DoNotPatchHere","False","False","","False","This is a key/reference; translate the resolved text entry instead."
"Content\Config\OnMap\Structures.xml","Structures.original.xml","structure","STRUCTURE_GEM_MINE_1","description","","Gem Mines are a [Structure|STRUCTURE] [Constructed|CONSTRUCT] by [MINER:S] which [Harvest|HARVEST] massive amounts of [TREASURE], making them extremely valuable.","161","StructureDescription","SafeDisplay","False","True","[Structure|STRUCTURE] [Constructed|CONSTRUCT] [MINER:S] [Harvest|HARVEST] [TREASURE]","True","Player-facing structure description under a stable structure ID; config-node patch and new-game smoke verified."
"Content\Config\OnMap\Structures.xml","Structures.original.xml","structure","STRUCTURE_GEM_MINE_2","name","","TEXT.Name.Structure.GemMine2","28","TextKeyReference","DoNotPatchHere","False","False","","False","This is a key/reference; translate the resolved text entry instead."
"Content\Config\OnMap\Structures.xml","Structures.original.xml","structure","STRUCTURE_GEM_MINE_2","description","","Gem Shaft Mines are a [Structure|STRUCTURE] [Constructed|CONSTRUCT] by [MINER:S] which [Harvest|HARVEST] massive amounts of [TREASURE], making them extremely valuable.[BLANK-LINE]Unlike the [GEM-MINE-1] this Structure does not [Degrade|DEGRADE] the [Resource Deposit|DEPOSIT] on its Tile. Structures built from [STONE-BLOCKS] can also be given [Apprentices|APPRENTICE] to greatly increase their [Production|PRODUCE].","416","StructureDescription","SafeDisplay","False","True","[Structure|STRUCTURE] [Constructed|CONSTRUCT] [MINER:S] [Harvest|HARVEST] [TREASURE] [BLANK-LINE] [GEM-MINE-1] [Degrade|DEGRADE] [Resource Deposit|DEPOSIT] [STONE-BLOCKS] [Apprentices|APPRENTICE] [Production|PRODUCE]","True","Player-facing structure description under a stable structure ID; config-node patch and new-game smoke verified."
"Content\Config\OnMap\Structures.xml","Structures.original.xml","structure","STRUCTURE_MINE_METEORITE","name","","TEXT.Name.Structure.MeteoriteMine","33","TextKeyReference","DoNotPatchHere","False","False","","False","This is a key/reference; translate the resolved text entry instead."
"Content\Config\OnMap\Structures.xml","Structures.original.xml","structure","STRUCTURE_MINE_METEORITE","description","","Meteorites are exceptionally rare! Mining them produces a truly massive amount of [IRON], but only for a short period of time. [Construct|CONSTRUCT] an [IRON-MINE-1] on them with a [MINER].","189","StructureDescription","SafeDisplay","False","True","[IRON] [Construct|CONSTRUCT] [IRON-MINE-1] [MINER]","True","Player-facing structure description under a stable structure ID; config-node patch and new-game smoke verified."
"Content\Config\OnMap\Structures.xml","Structures.original.xml","structure","STRUCTURE_IRON_MINE_1","name","","TEXT.Name.Structure.IronMine","28","TextKeyReference","DoNotPatchHere","False","False","","False","This is a key/reference; translate the resolved text entry instead."
"Content\Config\OnMap\Structures.xml","Structures.original.xml","structure","STRUCTURE_IRON_MINE_1","description","","Iron Mines are a [Structure|STRUCTURE] [Constructed|CONSTRUCT] by [MINER:S] which [Harvest|HARVEST] [IRON], which can be refined into [TOOLS], [WEAPONS], and a variety of other Resources necessary to [Train|TRAIN] and [Upgrade|UPGRADE] [Clans|CLAN] in [Warrior|WARRIOR] [Professions|PROFESSION].","295","StructureDescription","SafeDisplay","False","True","[Structure|STRUCTURE] [Constructed|CONSTRUCT] [MINER:S] [Harvest|HARVEST] [IRON] [TOOLS] [WEAPONS] [Train|TRAIN] [Upgrade|UPGRADE] [Clans|CLAN] [Warrior|WARRIOR] [Professions|PROFESSION]","True","Player-facing structure description under a stable structure ID; config-node patch and new-game smoke verified."
"Content\Config\OnMap\Structures.xml","Structures.original.xml","structure","STRUCTURE_IRON_MINE_2","name","","TEXT.Name.Structure.IronMine2","29","TextKeyReference","DoNotPatchHere","False","False","","False","This is a key/reference; translate the resolved text entry instead."
"Content\Config\OnMap\Structures.xml","Structures.original.xml","structure","STRUCTURE_IRON_MINE_2","description","","Iron Shaft Mines are a [Structure|STRUCTURE] [Constructed|CONSTRUCT] by [MINER:S] which [Harvest|HARVEST] [IRON], which can be refined into [TOOLS], [WEAPONS], and a variety of other Resources necessary to [Train|TRAIN] and upgrade [Clans|CLAN] in [Warrior|WARRIOR] [Professions|PROFESSION].[BLANK-LINE]Unlike the [IRON-MINE-1] this Structure does not [Degrade|DEGRADE] the [Resource Deposit|DEPOSIT] on its Tile. Structures built from [STONE-BLOCKS] can also be given [Apprentices|APPRENTICE] to greatly increase their [Production|PRODUCE].","541","StructureDescription","SafeDisplay","False","True","[Structure|STRUCTURE] [Constructed|CONSTRUCT] [MINER:S] [Harvest|HARVEST] [IRON] [TOOLS] [WEAPONS] [Train|TRAIN] [Clans|CLAN] [Warrior|WARRIOR] [Professions|PROFESSION] [BLANK-LINE] [IRON-MINE-1] [Degrade|DEGRADE] [Resource Deposit|DEPOSIT] [STONE-BLOCKS] [Apprentices|APPRENTICE] [Production|PRODUCE]","True","Player-facing structure description under a stable structure ID; config-node patch and new-game smoke verified."
"Content\Config\OnMap\Structures.xml","Structures.original.xml","structure","STRUCTURE_STONE_QUARRY_1","name","","TEXT.Name.Structure.StoneQuarry","31","TextKeyReference","DoNotPatchHere","False","False","","False","This is a key/reference; translate the resolved text entry instead."
"Content\Config\OnMap\Structures.xml","Structures.original.xml","structure","STRUCTURE_STONE_QUARRY_1","description","","Stone Quarries are a [Structure|STRUCTURE] [Constructed|CONSTRUCT] by [MINER:S] which [Harvest|HARVEST] [STONE], which is used to [Construct|CONSTRUCT] advanced [Structures|STRUCTURE] that Produce far more than their [TIMBER]-based counterparts.","245","StructureDescription","SafeDisplay","False","True","[Structure|STRUCTURE] [Constructed|CONSTRUCT] [MINER:S] [Harvest|HARVEST] [STONE] [Construct|CONSTRUCT] [Structures|STRUCTURE] [TIMBER]","True","Player-facing structure description under a stable structure ID; config-node patch and new-game smoke verified."
"Content\Config\OnMap\Structures.xml","Structures.original.xml","structure","STRUCTURE_STONE_QUARRY_2","name","","TEXT.Name.Structure.StoneQuarry2","32","TextKeyReference","DoNotPatchHere","False","False","","False","This is a key/reference; translate the resolved text entry instead."
"Content\Config\OnMap\Structures.xml","Structures.original.xml","structure","STRUCTURE_STONE_QUARRY_2","description","","Stone Shaft Quarries are a [Structure|STRUCTURE] [Constructed|CONSTRUCT] by [MINER:S] which [Harvest|HARVEST] [STONE], which is used to [Construct|CONSTRUCT] advanced [Structures|STRUCTURE] that Produce far more than their [TIMBER]-based counterparts.[BLANK-LINE]Unlike the [STONE-QUARRY-1] this Structure does not [Degrade|DEGRADE] the [Resource Deposit|DEPOSIT] on its Tile. Structures built from [STONE-BLOCKS] can also be given [Apprentices|APPRENTICE] to greatly increase their [Production|PRODUCE].","504","StructureDescription","SafeDisplay","False","True","[Structure|STRUCTURE] [Constructed|CONSTRUCT] [MINER:S] [Harvest|HARVEST] [STONE] [Construct|CONSTRUCT] [Structures|STRUCTURE] [TIMBER] [BLANK-LINE] [STONE-QUARRY-1] [Degrade|DEGRADE] [Resource Deposit|DEPOSIT] [STONE-BLOCKS] [Apprentices|APPRENTICE] [Production|PRODUCE]","True","Player-facing structure description under a stable structure ID; config-node patch and new-game smoke verified."
"Content\Config\OnMap\Structures.xml","Structures.original.xml","structure","STRUCTURE_COAL_MINE_1","name","","TEXT.Name.Structure.CoalMine","28","TextKeyReference","DoNotPatchHere","False","False","","False","This is a key/reference; translate the resolved text entry instead."
"Content\Config\OnMap\Structures.xml","Structures.original.xml","structure","STRUCTURE_COAL_MINE_1","description","","Coal Mines are a [Structure|STRUCTURE] [Constructed|CONSTRUCT] by [MINER:S] which [Harvest|HARVEST] [COAL], which can be converted into [STEEL] along with [IRON] by a [STEELMAKER], or used in other misc ways (e.g. for the [BAKER]).","231","StructureDescription","SafeDisplay","False","True","[Structure|STRUCTURE] [Constructed|CONSTRUCT] [MINER:S] [Harvest|HARVEST] [COAL] [STEEL] [IRON] [STEELMAKER] [BAKER]","True","Player-facing structure description under a stable structure ID; config-node patch and new-game smoke verified."
"Content\Config\OnMap\Structures.xml","Structures.original.xml","structure","STRUCTURE_COAL_MINE_2","name","","TEXT.Name.Structure.CoalMine2","29","TextKeyReference","DoNotPatchHere","False","False","","False","This is a key/reference; translate the resolved text entry instead."
"Content\Config\OnMap\Structures.xml","Structures.original.xml","structure","STRUCTURE_COAL_MINE_2","description","","Coal Shaft Mines are a [Structure|STRUCTURE] [Constructed|CONSTRUCT] by [MINER:S] which [Harvest|HARVEST] [COAL], which can be converted into [STEEL] along with [IRON] by a [STEELMAKER], or used in other misc ways (e.g. for the [BAKER]).[BLANK-LINE]Unlike the [COAL-MINE-1] this Structure does not [Degrade|DEGRADE] the [Resource Deposit|DEPOSIT] on its Tile. Structures built from [STONE-BLOCKS] can also be given [Apprentices|APPRENTICE] to greatly increase their [Production|PRODUCE].","487","StructureDescription","SafeDisplay","False","True","[Structure|STRUCTURE] [Constructed|CONSTRUCT] [MINER:S] [Harvest|HARVEST] [COAL] [STEEL] [IRON] [STEELMAKER] [BAKER] [BLANK-LINE] [COAL-MINE-1] [Degrade|DEGRADE] [Resource Deposit|DEPOSIT] [STONE-BLOCKS] [Apprentices|APPRENTICE] [Production|PRODUCE]","True","Player-facing structure description under a stable structure ID; config-node patch and new-game smoke verified."
"Content\Config\OnMap\Structures.xml","Structures.original.xml","structure","STRUCTURE_PEAT_MINE_1","name","","TEXT.Name.Structure.PeatMine","28","TextKeyReference","DoNotPatchHere","False","False","","False","This is a key/reference; translate the resolved text entry instead."
"Content\Config\OnMap\Structures.xml","Structures.original.xml","structure","STRUCTURE_PEAT_MINE_1","description","","Peat Mines are a [Structure|STRUCTURE] [Constructed|CONSTRUCT] by [MINER:S] which [Harvest|HARVEST] a small amount of [COAL], which can be converted into [STEEL] along with [IRON] by a [STEELMAKER], or used in other misc ways (e.g. for the [BAKER]).","249","StructureDescription","SafeDisplay","False","True","[Structure|STRUCTURE] [Constructed|CONSTRUCT] [MINER:S] [Harvest|HARVEST] [COAL] [STEEL] [IRON] [STEELMAKER] [BAKER]","True","Player-facing structure description under a stable structure ID; config-node patch and new-game smoke verified."
"Content\Config\OnMap\Structures.xml","Structures.original.xml","structure","STRUCTURE_PEAT_MINE_2","name","","TEXT.Name.Structure.PeatMine2","29","TextKeyReference","DoNotPatchHere","False","False","","False","This is a key/reference; translate the resolved text entry instead."
"Content\Config\OnMap\Structures.xml","Structures.original.xml","structure","STRUCTURE_PEAT_MINE_2","description","","Peat Shaft Mines are a [Structure|STRUCTURE] [Constructed|CONSTRUCT] by [MINER:S] which [Harvest|HARVEST] a small amount of [COAL], which can be converted into [STEEL] along with [IRON] by a [STEELMAKER], or used in other misc ways (e.g. for the [BAKER]).[BLANK-LINE]Unlike the [PEAT-MINE-1] this Structure does not [Degrade|DEGRADE] the [Resource Deposit|DEPOSIT] on its Tile. Structures built from [STONE-BLOCKS] can also be given [Apprentices|APPRENTICE] to greatly increase their [Production|PRODUCE].","505","StructureDescription","SafeDisplay","False","True","[Structure|STRUCTURE] [Constructed|CONSTRUCT] [MINER:S] [Harvest|HARVEST] [COAL] [STEEL] [IRON] [STEELMAKER] [BAKER] [BLANK-LINE] [PEAT-MINE-1] [Degrade|DEGRADE] [Resource Deposit|DEPOSIT] [STONE-BLOCKS] [Apprentices|APPRENTICE] [Production|PRODUCE]","True","Player-facing structure description under a stable structure ID; config-node patch and new-game smoke verified."
"Content\Config\OnMap\Structures.xml","Structures.original.xml","structure","STRUCTURE_SALT_MINE_1","name","","TEXT.Name.Structure.SaltMine","28","TextKeyReference","DoNotPatchHere","False","False","","False","This is a key/reference; translate the resolved text entry instead."
"Content\Config\OnMap\Structures.xml","Structures.original.xml","structure","STRUCTURE_SALT_MINE_1","description","","Salt Mines are a [Structure|STRUCTURE] [Constructed|CONSTRUCT] by [MINER:S] which [Harvest|HARVEST] [SALT], a valuable and flexible Resource that can be sold to the [Caravan|CARAVAN] or used to boost [FOOD] Production.","218","StructureDescription","SafeDisplay","False","True","[Structure|STRUCTURE] [Constructed|CONSTRUCT] [MINER:S] [Harvest|HARVEST] [SALT] [Caravan|CARAVAN] [FOOD]","True","Player-facing structure description under a stable structure ID; config-node patch and new-game smoke verified."
"Content\Config\OnMap\Structures.xml","Structures.original.xml","structure","STRUCTURE_SALT_MINE_2","name","","TEXT.Name.Structure.SaltMine2","29","TextKeyReference","DoNotPatchHere","False","False","","False","This is a key/reference; translate the resolved text entry instead."
"Content\Config\OnMap\Structures.xml","Structures.original.xml","structure","STRUCTURE_SALT_MINE_2","description","","Salt Shaft Mines are a [Structure|STRUCTURE] [Constructed|CONSTRUCT] by [MINER:S] which [Harvest|HARVEST] [SALT], a valuable and flexible Resource that can be sold to the [Caravan|CARAVAN] or used to boost [FOOD] Production.[BLANK-LINE]Unlike the [SALT-MINE-1] this Structure does not [Degrade|DEGRADE] the [Resource Deposit|DEPOSIT] on its Tile. Structures built from [STONE-BLOCKS] can also be given [Apprentices|APPRENTICE] to greatly increase their [Production|PRODUCE].","474","StructureDescription","SafeDisplay","False","True","[Structure|STRUCTURE] [Constructed|CONSTRUCT] [MINER:S] [Harvest|HARVEST] [SALT] [Caravan|CARAVAN] [FOOD] [BLANK-LINE] [SALT-MINE-1] [Degrade|DEGRADE] [Resource Deposit|DEPOSIT] [STONE-BLOCKS] [Apprentices|APPRENTICE] [Production|PRODUCE]","True","Player-facing structure description under a stable structure ID; config-node patch and new-game smoke verified."
"Content\Config\OnMap\Structures.xml","Structures.original.xml","structure","STRUCTURE_TRADING_POST_1","name","","TEXT.Name.Structure.TradingPost","31","TextKeyReference","DoNotPatchHere","False","False","","False","This is a key/reference; translate the resolved text entry instead."
"Content\Config\OnMap\Structures.xml","Structures.original.xml","structure","STRUCTURE_TRADING_POST_1","description","","Trading Posts [Produce|PRODUCE] [TREASURE]. They can only be [Constructed|CONSTRUCT] by [TRADER:S] on [Tiles|TILE] where two [Small Rivers|RIVER] meet or where a Small River empties into a large [Body of Water|WATER], and cannot be Constructed next to one another.","264","StructureDescription","SafeDisplay","False","True","[Produce|PRODUCE] [TREASURE] [Constructed|CONSTRUCT] [TRADER:S] [Tiles|TILE] [Small Rivers|RIVER] [Body of Water|WATER]","True","Player-facing structure description under a stable structure ID; config-node patch and new-game smoke verified."
"Content\Config\OnMap\Structures.xml","Structures.original.xml","structure","STRUCTURE_TRADING_POST_2","name","","TEXT.Name.Structure.TradingPost2","32","TextKeyReference","DoNotPatchHere","False","False","","False","This is a key/reference; translate the resolved text entry instead."
"Content\Config\OnMap\Structures.xml","Structures.original.xml","structure","STRUCTURE_TRADING_POST_2","description","","Trading Post Depots [Produce|PRODUCE] a massive amount of [TREASURE]. They can only be [Constructed|CONSTRUCT] by [TRADER:S] on [Tiles|TILE] where two [Small Rivers|RIVER] meet or where a Small River empties into a large [Body of Water|WATER], and cannot be Constructed next to one another. Structures built from [STONE-BLOCKS] can also be given [Apprentices|APPRENTICE] to greatly increase their [Production|PRODUCE].","418","StructureDescription","SafeDisplay","False","True","[Produce|PRODUCE] [TREASURE] [Constructed|CONSTRUCT] [TRADER:S] [Tiles|TILE] [Small Rivers|RIVER] [Body of Water|WATER] [STONE-BLOCKS] [Apprentices|APPRENTICE] [Production|PRODUCE]","True","Player-facing structure description under a stable structure ID; config-node patch and new-game smoke verified."
"Content\Config\OnMap\Structures.xml","Structures.original.xml","structure","STRUCTURE_SUPPLY_DEPOT","name","","TEXT.Name.Structure.SupplyDepot","31","TextKeyReference","DoNotPatchHere","False","False","","False","This is a key/reference; translate the resolved text entry instead."
"Content\Config\OnMap\Structures.xml","Structures.original.xml","structure","STRUCTURE_SUPPLY_DEPOT","description","","Supply Depots can extend your [Supply|SUPPLY] range beyond [Tiles|TILE] you [Control|CONTROL]. Each one increases the range by 4 [Tiles|TILE], and can be extended to any distance if 'chained' together.[NEWLINE]Supply Depots are essential if you expect to be campaigning far from home over the winter.","300","StructureDescription","SafeDisplay","False","True","[Supply|SUPPLY] [Tiles|TILE] [Control|CONTROL] [NEWLINE]","True","Player-facing structure description under a stable structure ID; config-node patch and new-game smoke verified."
"Content\Config\OnMap\Structures.xml","Structures.original.xml","structure","STRUCTURE_WATCHTOWER","name","","TEXT.Name.Structure.Watchtower","30","TextKeyReference","DoNotPatchHere","False","False","","False","This is a key/reference; translate the resolved text entry instead."
"Content\Config\OnMap\Structures.xml","Structures.original.xml","structure","STRUCTURE_WATCHTOWER","description","","Watchtowers extend your [Borders|BORDERS] by 3 [Tiles|TILE], and can [Produce|PRODUCE] [FAME] if assigned [Apprentices|APPRENTICE]. Unlike other [Structures|STRUCTURE] they can be [Constructed|CONSTRUCT] by [WATCHMAN:S] anywhere on the map, even outside of your existing [Borders|BORDERS].","289","StructureDescription","SafeDisplay","False","True","[Borders|BORDERS] [Tiles|TILE] [Produce|PRODUCE] [FAME] [Apprentices|APPRENTICE] [Structures|STRUCTURE] [Constructed|CONSTRUCT] [WATCHMAN:S]","True","Player-facing structure description under a stable structure ID; config-node patch and new-game smoke verified."
"Content\Config\OnMap\Structures.xml","Structures.original.xml","structure","STRUCTURE_FORT","name","","TEXT.Name.Structure.Fort","24","TextKeyReference","DoNotPatchHere","False","False","","False","This is a key/reference; translate the resolved text entry instead."
"Content\Config\OnMap\Structures.xml","Structures.original.xml","structure","STRUCTURE_FORT","description","","Forts extend a Faction's [Control|CONTROL] by 2 [Tiles|TILE], double the [Defense|DEFENSE] of any [Warriors|WARRIOR] stationed there, and can [Produce|PRODUCE] [FAME] if assigned [Apprentices|APPRENTICE].","204","StructureDescription","SafeDisplay","False","True","[Control|CONTROL] [Tiles|TILE] [Defense|DEFENSE] [Warriors|WARRIOR] [Produce|PRODUCE] [FAME] [Apprentices|APPRENTICE]","True","Player-facing structure description under a stable structure ID; config-node patch and new-game smoke verified."
"Content\Config\OnMap\Structures.xml","Structures.original.xml","structure","STRUCTURE_ROMAN_FORT","name","","TEXT.Name.Structure.RomanFort","29","TextKeyReference","DoNotPatchHere","False","False","","False","This is a key/reference; translate the resolved text entry instead."
"Content\Config\OnMap\Structures.xml","Structures.original.xml","structure","STRUCTURE_ROMAN_FORT","description","","Roman Forts extend a Faction's [Control|CONTROL] by 2 [Tiles|TILE], triple the [Defense|DEFENSE] of any [Warriors|WARRIOR] stationed there, and can [Produce|PRODUCE] [FAME] if assigned [Apprentices|APPRENTICE].","210","StructureDescription","SafeDisplay","False","True","[Control|CONTROL] [Tiles|TILE] [Defense|DEFENSE] [Warriors|WARRIOR] [Produce|PRODUCE] [FAME] [Apprentices|APPRENTICE]","True","Player-facing structure description under a stable structure ID; config-node patch and new-game smoke verified."
"Content\Config\OnMap\Structures.xml","Structures.original.xml","structure","STRUCTURE_SETTLEMENT","name","","TEXT.Name.Structure.Settlement","30","TextKeyReference","DoNotPatchHere","False","False","","False","This is a key/reference; translate the resolved text entry instead."
"Content\Config\OnMap\Structures.xml","Structures.original.xml","structure","STRUCTURE_SETTLEMENT","description","","Settlements are the homes of migratory tribal peoples. Settlements can [move|MOVE-POINT] around the map when [Packed Up|PACKED] and contain [Clans|CLAN] which can be [Trained|TRAIN] in [Professions|PROFESSION].","210","StructureDescription","SafeDisplay","False","True","[move|MOVE-POINT] [Packed Up|PACKED] [Clans|CLAN] [Trained|TRAIN] [Professions|PROFESSION]","True","Player-facing structure description under a stable structure ID; config-node patch and new-game smoke verified."
"Content\Config\OnMap\Structures.xml","Structures.original.xml","structure","STRUCTURE_CITY","name","","TEXT.Name.Structure.RomanCity","29","TextKeyReference","DoNotPatchHere","False","False","","False","This is a key/reference; translate the resolved text entry instead."
"Content\Config\OnMap\Structures.xml","Structures.original.xml","structure","STRUCTURE_CITY","description","","One of the few remaining enclaves of Roman civilization.[NEWLINE]Capturing them is difficult, but doing so allows you to [Learn|LEARN] a [Profession|PROFESSION] of your choice for free! Roman Cities also produce a decent amount of [TREASURE].","242","StructureDescription","SafeDisplay","False","True","[NEWLINE] [Learn|LEARN] [Profession|PROFESSION] [TREASURE]","True","Player-facing structure description under a stable structure ID; config-node patch and new-game smoke verified."
"Content\Config\OnMap\Structures.xml","Structures.original.xml","structure","STRUCTURE_BANDIT_CAMP","name","","TEXT.Name.Structure.BanditCamp","30","TextKeyReference","DoNotPatchHere","False","False","","False","This is a key/reference; translate the resolved text entry instead."
"Content\Config\OnMap\Structures.xml","Structures.original.xml","structure","STRUCTURE_BANDIT_CAMP","description","","Bandit Camps are home to [Bandits|BANDIT], vile raiders looking for blood, riches and glory.[NEWLINE]They will occasionally produce new [Warriors|WARRIOR] until [Pillaged|PILLAGE] and destroyed.","194","StructureDescription","SafeDisplay","False","True","[Bandits|BANDIT] [NEWLINE] [Warriors|WARRIOR] [Pillaged|PILLAGE]","True","Player-facing structure description under a stable structure ID; config-node patch and new-game smoke verified."
"Content\Config\OnMap\Structures.xml","Structures.original.xml","structure","STRUCTURE_BANDIT_FORT","name","","TEXT.Name.Structure.BanditFort","30","TextKeyReference","DoNotPatchHere","False","False","","False","This is a key/reference; translate the resolved text entry instead."
"Content\Config\OnMap\Structures.xml","Structures.original.xml","structure","STRUCTURE_BANDIT_FORT","description","","Bandit Forts are the heavily armed headquarters of powerful [Bandit|BANDIT] raiding groups.[NEWLINE]They frequently produce new [Warriors|WARRIOR] until [Pillaged|PILLAGE] and destroyed. Be wary, should you find one nearby!","223","StructureDescription","SafeDisplay","False","True","[Bandit|BANDIT] [NEWLINE] [Warriors|WARRIOR] [Pillaged|PILLAGE]","True","Player-facing structure description under a stable structure ID; config-node patch and new-game smoke verified."
"Content\Config\OnMap\Structures.xml","Structures.original.xml","structure","STRUCTURE_SLAVE_CAMP","name","","TEXT.Name.Structure.SlaveCamp","29","TextKeyReference","DoNotPatchHere","False","False","","False","This is a key/reference; translate the resolved text entry instead."
"Content\Config\OnMap\Structures.xml","Structures.original.xml","structure","STRUCTURE_SLAVE_CAMP","description","","Slave Camps are populated by large number of recently-escaped and highly aggressive slaves which now seek to terrorize the countryside.[NEWLINE]Slave [Warriors|WARRIOR] are weak individually, but usually appear in large numbers.","228","StructureDescription","SafeDisplay","False","True","[NEWLINE] [Warriors|WARRIOR]","True","Player-facing structure description under a stable structure ID; config-node patch and new-game smoke verified."
"Content\Config\OnMap\Structures.xml","Structures.original.xml","structure","STRUCTURE_MONASTERY","name","","TEXT.Name.Structure.Monastery","29","TextKeyReference","DoNotPatchHere","False","False","","False","This is a key/reference; translate the resolved text entry instead."
"Content\Config\OnMap\Structures.xml","Structures.original.xml","structure","STRUCTURE_MONASTERY","description","","Monasteries are the secluded compounds of early Christianity's most pious men.[NEWLINE][Pillaging|PILLAGE] them provides significant amount of [TREASURE], but lowers your [FAME] and hurts relations with other Christian leaders.","227","StructureDescription","SafeDisplay","False","True","[NEWLINE] [Pillaging|PILLAGE] [TREASURE] [FAME]","True","Player-facing structure description under a stable structure ID; config-node patch and new-game smoke verified."
"Content\Config\OnMap\Structures.xml","Structures.original.xml","structure","STRUCTURE_ANCIENT_SHRINE","name","","TEXT.Name.Structure.AncientShrine","33","TextKeyReference","DoNotPatchHere","False","False","","False","This is a key/reference; translate the resolved text entry instead."
"Content\Config\OnMap\Structures.xml","Structures.original.xml","structure","STRUCTURE_ANCIENT_SHRINE","description","","Ancient Shrines are places for contemplation and worship established by distant ancestors.[NEWLINE]Its inspirational qualities allow adjacent [Clans|CLAN] recover all lost [Morale|MORALE] in a single turn. [Pillaging|PILLAGE] them provides [TIMBER], but hurts your [FAME]","271","StructureDescription","SafeDisplay","False","True","[NEWLINE] [Clans|CLAN] [Morale|MORALE] [Pillaging|PILLAGE] [TIMBER] [FAME]","True","Player-facing structure description under a stable structure ID; config-node patch and new-game smoke verified."
"Content\Config\OnMap\Structures.xml","Structures.original.xml","structure","STRUCTURE_DESTROYED_BRIDGE","name","","TEXT.Name.Structure.DestroyedBridge","35","TextKeyReference","DoNotPatchHere","False","False","","False","This is a key/reference; translate the resolved text entry instead."
"Content\Config\OnMap\Structures.xml","Structures.original.xml","structure","STRUCTURE_DESTROYED_BRIDGE","description","","Destroyed Bridges are all that remains of a once-mighty feat of Roman engineering.[NEWLINE][Pillaging|PILLAGE] them provides a small amount of [STONE].","151","StructureDescription","SafeDisplay","False","True","[NEWLINE] [Pillaging|PILLAGE] [STONE]","True","Player-facing structure description under a stable structure ID; config-node patch and new-game smoke verified."
"Content\Config\OnMap\Structures.xml","Structures.original.xml","structure","STRUCTURE_PILLAGED_BRIDGE","name","","TEXT.Name.Structure.PillagedBridge","34","TextKeyReference","DoNotPatchHere","False","False","","False","This is a key/reference; translate the resolved text entry instead."
"Content\Config\OnMap\Structures.xml","Structures.original.xml","structure","STRUCTURE_PILLAGED_BRIDGE","description","","Destroyed Bridges are all that remains of a once-mighty feat of Roman engineering.[NEWLINE][Pillaging|PILLAGE] them normally provides a small amount of [STONE], but this one has already been stripped of anything useful.","219","StructureDescription","SafeDisplay","False","True","[NEWLINE] [Pillaging|PILLAGE] [STONE]","True","Player-facing structure description under a stable structure ID; config-node patch and new-game smoke verified."
"Content\Config\OnMap\Structures.xml","Structures.original.xml","structure","STRUCTURE_ROMAN_DAM","name","","TEXT.Name.Structure.RomanDam","28","TextKeyReference","DoNotPatchHere","False","False","","False","This is a key/reference; translate the resolved text entry instead."
"Content\Config\OnMap\Structures.xml","Structures.original.xml","structure","STRUCTURE_ROMAN_DAM","description","","Roman Dams are incredible feats of engineering designed to create artificial lakes for irrigation.[NEWLINE][Pillaging|PILLAGE] them provides a large amount of [STONE].","167","StructureDescription","SafeDisplay","False","True","[NEWLINE] [Pillaging|PILLAGE] [STONE]","True","Player-facing structure description under a stable structure ID; config-node patch and new-game smoke verified."
"Content\Config\OnMap\Structures.xml","Structures.original.xml","structure","STRUCTURE_PILLAGED_ROMAN_DAM","name","","TEXT.Name.Structure.PillagedRomanDam","36","TextKeyReference","DoNotPatchHere","False","False","","False","This is a key/reference; translate the resolved text entry instead."
"Content\Config\OnMap\Structures.xml","Structures.original.xml","structure","STRUCTURE_PILLAGED_ROMAN_DAM","description","","Roman Dams are incredible feats of engineering designed to create artificial lakes for irrigation.[NEWLINE][Pillaging|PILLAGE] them normally provides a large amount of [STONE], but this one has already been stripped of anything useful.","235","StructureDescription","SafeDisplay","False","True","[NEWLINE] [Pillaging|PILLAGE] [STONE]","True","Player-facing structure description under a stable structure ID; config-node patch and new-game smoke verified."
"Content\Config\OnMap\Structures.xml","Structures.original.xml","structure","STRUCTURE_BURNING_WRECKAGE","name","","TEXT.Name.Structure.BurningWreckage","35","TextKeyReference","DoNotPatchHere","False","False","","False","This is a key/reference; translate the resolved text entry instead."
"Content\Config\OnMap\Structures.xml","Structures.original.xml","structure","STRUCTURE_BURNING_WRECKAGE","description","","The still-burning remains of a recently-destroyed [Structure|STRUCTURE]","71","StructureDescription","SafeDisplay","False","True","[Structure|STRUCTURE]","True","Player-facing structure description under a stable structure ID; config-node patch and new-game smoke verified."
"Content\Config\OnMap\Structures.xml","Structures.original.xml","structure","STRUCTURE_WRECKAGE","name","","TEXT.Name.Structure.Wreckage","28","TextKeyReference","DoNotPatchHere","False","False","","False","This is a key/reference; translate the resolved text entry instead."
"Content\Config\OnMap\Structures.xml","Structures.original.xml","structure","STRUCTURE_WRECKAGE","description","","The destroyed remains of a once-useful [Structure|STRUCTURE]","60","StructureDescription","SafeDisplay","False","True","[Structure|STRUCTURE]","True","Player-facing structure description under a stable structure ID; config-node patch and new-game smoke verified."
"Content\Config\OnMap\Units.xml","Units.original.xml","unit","UNIT_NO_PROFESSION","name","","TEXT.Name.Profession.None","25","TextKeyReference","DoNotPatchHere","False","False","","False","This is a key/reference; translate the resolved text entry instead."
"Content\Config\OnMap\Units.xml","Units.original.xml","unit","UNIT_NO_PROFESSION","description","","TEXT.Description.Profession.None","32","TextKeyReference","DoNotPatchHere","False","False","","False","This is a key/reference; translate the resolved text entry instead."
"Content\Config\OnMap\Units.xml","Units.original.xml","unit","UNIT_HUNTER","name","","TEXT.Name.Profession.Hunter","27","TextKeyReference","DoNotPatchHere","False","False","","False","This is a key/reference; translate the resolved text entry instead."
"Content\Config\OnMap\Units.xml","Units.original.xml","unit","UNIT_HUNTER","description","","TEXT.Description.Profession.Hunter","34","TextKeyReference","DoNotPatchHere","False","False","","False","This is a key/reference; translate the resolved text entry instead."
"Content\Config\OnMap\Units.xml","Units.original.xml","unit","UNIT_ARCHER","name","","TEXT.Name.Profession.Archer","27","TextKeyReference","DoNotPatchHere","False","False","","False","This is a key/reference; translate the resolved text entry instead."
"Content\Config\OnMap\Units.xml","Units.original.xml","unit","UNIT_ARCHER","description","","TEXT.Description.Profession.Archer","34","TextKeyReference","DoNotPatchHere","False","False","","False","This is a key/reference; translate the resolved text entry instead."
"Content\Config\OnMap\Units.xml","Units.original.xml","unit","UNIT_FEAST_MASTER","name","","TEXT.Name.Profession.FeastMaster","32","TextKeyReference","DoNotPatchHere","False","False","","False","This is a key/reference; translate the resolved text entry instead."
"Content\Config\OnMap\Units.xml","Units.original.xml","unit","UNIT_FEAST_MASTER","description","","TEXT.Description.Profession.FeastMaster","39","TextKeyReference","DoNotPatchHere","False","False","","False","This is a key/reference; translate the resolved text entry instead."
"Content\Config\OnMap\Units.xml","Units.original.xml","unit","UNIT_WATCHMAN","name","","TEXT.Name.Profession.Watchman","29","TextKeyReference","DoNotPatchHere","False","False","","False","This is a key/reference; translate the resolved text entry instead."
"Content\Config\OnMap\Units.xml","Units.original.xml","unit","UNIT_WATCHMAN","description","","TEXT.Description.Profession.Watchman","36","TextKeyReference","DoNotPatchHere","False","False","","False","This is a key/reference; translate the resolved text entry instead."
"Content\Config\OnMap\Units.xml","Units.original.xml","unit","UNIT_HUNTSMAN","name","","TEXT.Name.Profession.Huntsman","29","TextKeyReference","DoNotPatchHere","False","False","","False","This is a key/reference; translate the resolved text entry instead."
"Content\Config\OnMap\Units.xml","Units.original.xml","unit","UNIT_HUNTSMAN","description","","TEXT.Description.Profession.Huntsman","36","TextKeyReference","DoNotPatchHere","False","False","","False","This is a key/reference; translate the resolved text entry instead."
"Content\Config\OnMap\Units.xml","Units.original.xml","unit","UNIT_SPEARMAN","name","","TEXT.Name.Profession.Spearman","29","TextKeyReference","DoNotPatchHere","False","False","","False","This is a key/reference; translate the resolved text entry instead."
"Content\Config\OnMap\Units.xml","Units.original.xml","unit","UNIT_SPEARMAN","description","","TEXT.Description.Profession.Spearman","36","TextKeyReference","DoNotPatchHere","False","False","","False","This is a key/reference; translate the resolved text entry instead."
"Content\Config\OnMap\Units.xml","Units.original.xml","unit","UNIT_LIGHT_CAVALRY","name","","TEXT.Name.Profession.LightCavalry","33","TextKeyReference","DoNotPatchHere","False","False","","False","This is a key/reference; translate the resolved text entry instead."
"Content\Config\OnMap\Units.xml","Units.original.xml","unit","UNIT_LIGHT_CAVALRY","description","","TEXT.Description.Profession.LightCavalry","40","TextKeyReference","DoNotPatchHere","False","False","","False","This is a key/reference; translate the resolved text entry instead."
"Content\Config\OnMap\Units.xml","Units.original.xml","unit","UNIT_HORSE_ARCHER","name","","TEXT.Name.Profession.HorseArcher","32","TextKeyReference","DoNotPatchHere","False","False","","False","This is a key/reference; translate the resolved text entry instead."
"Content\Config\OnMap\Units.xml","Units.original.xml","unit","UNIT_HORSE_ARCHER","description","","TEXT.Description.Profession.HorseArcher","39","TextKeyReference","DoNotPatchHere","False","False","","False","This is a key/reference; translate the resolved text entry instead."
"Content\Config\OnMap\Units.xml","Units.original.xml","unit","UNIT_HONOR_GUARD","name","","TEXT.Name.Profession.HonorGuard","31","TextKeyReference","DoNotPatchHere","False","False","","False","This is a key/reference; translate the resolved text entry instead."
"Content\Config\OnMap\Units.xml","Units.original.xml","unit","UNIT_HONOR_GUARD","description","","TEXT.Description.Profession.HonorGuard","38","TextKeyReference","DoNotPatchHere","False","False","","False","This is a key/reference; translate the resolved text entry instead."
"Content\Config\OnMap\Units.xml","Units.original.xml","unit","UNIT_PRIEST","name","","TEXT.Name.Profession.Priest","27","TextKeyReference","DoNotPatchHere","False","False","","False","This is a key/reference; translate the resolved text entry instead."
"Content\Config\OnMap\Units.xml","Units.original.xml","unit","UNIT_PRIEST","description","","TEXT.Description.Profession.Priest","34","TextKeyReference","DoNotPatchHere","False","False","","False","This is a key/reference; translate the resolved text entry instead."
"Content\Config\OnMap\Units.xml","Units.original.xml","unit","UNIT_GUILDMASTER","name","","TEXT.Name.Profession.Guildmaster","32","TextKeyReference","DoNotPatchHere","False","False","","False","This is a key/reference; translate the resolved text entry instead."
"Content\Config\OnMap\Units.xml","Units.original.xml","unit","UNIT_GUILDMASTER","description","","TEXT.Description.Profession.Guildmaster","39","TextKeyReference","DoNotPatchHere","False","False","","False","This is a key/reference; translate the resolved text entry instead."
"Content\Config\OnMap\Units.xml","Units.original.xml","unit","UNIT_HEAVY_INFANTRY","name","","TEXT.Name.Profession.HeavyInfantry","34","TextKeyReference","DoNotPatchHere","False","False","","False","This is a key/reference; translate the resolved text entry instead."
"Content\Config\OnMap\Units.xml","Units.original.xml","unit","UNIT_HEAVY_INFANTRY","description","","TEXT.Description.Profession.HeavyInfantry","41","TextKeyReference","DoNotPatchHere","False","False","","False","This is a key/reference; translate the resolved text entry instead."
"Content\Config\OnMap\Units.xml","Units.original.xml","unit","UNIT_TARIFF_COLLECTOR","name","","TEXT.Name.Profession.TariffCollector","36","TextKeyReference","DoNotPatchHere","False","False","","False","This is a key/reference; translate the resolved text entry instead."
"Content\Config\OnMap\Units.xml","Units.original.xml","unit","UNIT_TARIFF_COLLECTOR","description","","TEXT.Description.Profession.TariffCollector","43","TextKeyReference","DoNotPatchHere","False","False","","False","This is a key/reference; translate the resolved text entry instead."
"Content\Config\OnMap\Units.xml","Units.original.xml","unit","UNIT_MASTER_OF_CEREMONIES","name","","TEXT.Name.Profession.MasterOfCeremonies","39","TextKeyReference","DoNotPatchHere","False","False","","False","This is a key/reference; translate the resolved text entry instead."
"Content\Config\OnMap\Units.xml","Units.original.xml","unit","UNIT_MASTER_OF_CEREMONIES","description","","TEXT.Description.Profession.MasterOfCeremonies","46","TextKeyReference","DoNotPatchHere","False","False","","False","This is a key/reference; translate the resolved text entry instead."
"Content\Config\OnMap\Units.xml","Units.original.xml","unit","UNIT_HEAVY_CAVALRY","name","","TEXT.Name.Profession.HeavyCavalry","33","TextKeyReference","DoNotPatchHere","False","False","","False","This is a key/reference; translate the resolved text entry instead."
"Content\Config\OnMap\Units.xml","Units.original.xml","unit","UNIT_HEAVY_CAVALRY","description","","TEXT.Description.Profession.HeavyCavalry","40","TextKeyReference","DoNotPatchHere","False","False","","False","This is a key/reference; translate the resolved text entry instead."
"Content\Config\OnMap\Units.xml","Units.original.xml","unit","UNIT_CLERIC","name","","TEXT.Name.Profession.Cleric","27","TextKeyReference","DoNotPatchHere","False","False","","False","This is a key/reference; translate the resolved text entry instead."
"Content\Config\OnMap\Units.xml","Units.original.xml","unit","UNIT_CLERIC","description","","TEXT.Description.Profession.Cleric","34","TextKeyReference","DoNotPatchHere","False","False","","False","This is a key/reference; translate the resolved text entry instead."
"Content\Config\OnMap\Units.xml","Units.original.xml","unit","UNIT_QUARTERMASTER","name","","TEXT.Name.Profession.Quartermaster","34","TextKeyReference","DoNotPatchHere","False","False","","False","This is a key/reference; translate the resolved text entry instead."
"Content\Config\OnMap\Units.xml","Units.original.xml","unit","UNIT_QUARTERMASTER","description","","TEXT.Description.Profession.Quartermaster","41","TextKeyReference","DoNotPatchHere","False","False","","False","This is a key/reference; translate the resolved text entry instead."
"Content\Config\OnMap\Units.xml","Units.original.xml","unit","UNIT_GATHERER","name","","TEXT.Name.Profession.Gatherer","29","TextKeyReference","DoNotPatchHere","False","False","","False","This is a key/reference; translate the resolved text entry instead."
"Content\Config\OnMap\Units.xml","Units.original.xml","unit","UNIT_GATHERER","description","","TEXT.Description.Profession.Gatherer","36","TextKeyReference","DoNotPatchHere","False","False","","False","This is a key/reference; translate the resolved text entry instead."
"Content\Config\OnMap\Units.xml","Units.original.xml","unit","UNIT_REAPER","name","","TEXT.Name.Profession.Reaper","27","TextKeyReference","DoNotPatchHere","False","False","","False","This is a key/reference; translate the resolved text entry instead."
"Content\Config\OnMap\Units.xml","Units.original.xml","unit","UNIT_REAPER","description","","TEXT.Description.Profession.Reaper","34","TextKeyReference","DoNotPatchHere","False","False","","False","This is a key/reference; translate the resolved text entry instead."
"Content\Config\OnMap\Units.xml","Units.original.xml","unit","UNIT_FARMER","name","","TEXT.Name.Profession.Farmer","27","TextKeyReference","DoNotPatchHere","False","False","","False","This is a key/reference; translate the resolved text entry instead."
"Content\Config\OnMap\Units.xml","Units.original.xml","unit","UNIT_FARMER","description","","TEXT.Description.Profession.Farmer","34","TextKeyReference","DoNotPatchHere","False","False","","False","This is a key/reference; translate the resolved text entry instead."
"Content\Config\OnMap\Units.xml","Units.original.xml","unit","UNIT_BEEKEEPER","name","","TEXT.Name.Profession.Beekeeper","30","TextKeyReference","DoNotPatchHere","False","False","","False","This is a key/reference; translate the resolved text entry instead."
"Content\Config\OnMap\Units.xml","Units.original.xml","unit","UNIT_BEEKEEPER","description","","TEXT.Description.Profession.Beekeeper","37","TextKeyReference","DoNotPatchHere","False","False","","False","This is a key/reference; translate the resolved text entry instead."
"Content\Config\OnMap\Units.xml","Units.original.xml","unit","UNIT_WINEMAKER","name","","TEXT.Name.Profession.Winemaker","30","TextKeyReference","DoNotPatchHere","False","False","","False","This is a key/reference; translate the resolved text entry instead."
"Content\Config\OnMap\Units.xml","Units.original.xml","unit","UNIT_WINEMAKER","description","","TEXT.Description.Profession.Winemaker","37","TextKeyReference","DoNotPatchHere","False","False","","False","This is a key/reference; translate the resolved text entry instead."
"Content\Config\OnMap\Units.xml","Units.original.xml","unit","UNIT_BREAD_MAKER","name","","TEXT.Name.Profession.BreadMaker","31","TextKeyReference","DoNotPatchHere","False","False","","False","This is a key/reference; translate the resolved text entry instead."
"Content\Config\OnMap\Units.xml","Units.original.xml","unit","UNIT_BREAD_MAKER","description","","TEXT.Description.Profession.BreadMaker","38","TextKeyReference","DoNotPatchHere","False","False","","False","This is a key/reference; translate the resolved text entry instead."
"Content\Config\OnMap\Units.xml","Units.original.xml","unit","UNIT_HARVESTER","name","","TEXT.Name.Profession.Harvester","30","TextKeyReference","DoNotPatchHere","False","False","","False","This is a key/reference; translate the resolved text entry instead."
"Content\Config\OnMap\Units.xml","Units.original.xml","unit","UNIT_HARVESTER","description","","TEXT.Description.Profession.Harvester","37","TextKeyReference","DoNotPatchHere","False","False","","False","This is a key/reference; translate the resolved text entry instead."
"Content\Config\OnMap\Units.xml","Units.original.xml","unit","UNIT_OIL_PRESSER","name","","TEXT.Name.Profession.OilPresser","31","TextKeyReference","DoNotPatchHere","False","False","","False","This is a key/reference; translate the resolved text entry instead."
"Content\Config\OnMap\Units.xml","Units.original.xml","unit","UNIT_OIL_PRESSER","description","","TEXT.Description.Profession.OilPresser","38","TextKeyReference","DoNotPatchHere","False","False","","False","This is a key/reference; translate the resolved text entry instead."
"Content\Config\OnMap\Units.xml","Units.original.xml","unit","UNIT_ALE_MAKER","name","","TEXT.Name.Profession.AleMaker","29","TextKeyReference","DoNotPatchHere","False","False","","False","This is a key/reference; translate the resolved text entry instead."
"Content\Config\OnMap\Units.xml","Units.original.xml","unit","UNIT_ALE_MAKER","description","","TEXT.Description.Profession.AleMaker","36","TextKeyReference","DoNotPatchHere","False","False","","False","This is a key/reference; translate the resolved text entry instead."
"Content\Config\OnMap\Units.xml","Units.original.xml","unit","UNIT_BRINER","name","","TEXT.Name.Profession.Briner","27","TextKeyReference","DoNotPatchHere","False","False","","False","This is a key/reference; translate the resolved text entry instead."
"Content\Config\OnMap\Units.xml","Units.original.xml","unit","UNIT_BRINER","description","","TEXT.Description.Profession.Briner","34","TextKeyReference","DoNotPatchHere","False","False","","False","This is a key/reference; translate the resolved text entry instead."
"Content\Config\OnMap\Units.xml","Units.original.xml","unit","UNIT_GARDENER","name","","TEXT.Name.Profession.Gardener","29","TextKeyReference","DoNotPatchHere","False","False","","False","This is a key/reference; translate the resolved text entry instead."
"Content\Config\OnMap\Units.xml","Units.original.xml","unit","UNIT_GARDENER","description","","TEXT.Description.Profession.Gardener","36","TextKeyReference","DoNotPatchHere","False","False","","False","This is a key/reference; translate the resolved text entry instead."
"Content\Config\OnMap\Units.xml","Units.original.xml","unit","UNIT_TILLER","name","","TEXT.Name.Profession.Tiller","27","TextKeyReference","DoNotPatchHere","False","False","","False","This is a key/reference; translate the resolved text entry instead."
"Content\Config\OnMap\Units.xml","Units.original.xml","unit","UNIT_TILLER","description","","TEXT.Description.Profession.Tiller","34","TextKeyReference","DoNotPatchHere","False","False","","False","This is a key/reference; translate the resolved text entry instead."
"Content\Config\OnMap\Units.xml","Units.original.xml","unit","UNIT_BREWER","name","","TEXT.Name.Profession.Brewer","27","TextKeyReference","DoNotPatchHere","False","False","","False","This is a key/reference; translate the resolved text entry instead."
"Content\Config\OnMap\Units.xml","Units.original.xml","unit","UNIT_BREWER","description","","TEXT.Description.Profession.Brewer","34","TextKeyReference","DoNotPatchHere","False","False","","False","This is a key/reference; translate the resolved text entry instead."
"Content\Config\OnMap\Units.xml","Units.original.xml","unit","UNIT_WINE_VINTNER","name","","TEXT.Name.Profession.WineVintner","32","TextKeyReference","DoNotPatchHere","False","False","","False","This is a key/reference; translate the resolved text entry instead."
"Content\Config\OnMap\Units.xml","Units.original.xml","unit","UNIT_WINE_VINTNER","description","","TEXT.Description.Profession.WineVintner","39","TextKeyReference","DoNotPatchHere","False","False","","False","This is a key/reference; translate the resolved text entry instead."
"Content\Config\OnMap\Units.xml","Units.original.xml","unit","UNIT_BAKER","name","","TEXT.Name.Profession.Baker","26","TextKeyReference","DoNotPatchHere","False","False","","False","This is a key/reference; translate the resolved text entry instead."
"Content\Config\OnMap\Units.xml","Units.original.xml","unit","UNIT_BAKER","description","","TEXT.Description.Profession.Baker","33","TextKeyReference","DoNotPatchHere","False","False","","False","This is a key/reference; translate the resolved text entry instead."
"Content\Config\OnMap\Units.xml","Units.original.xml","unit","UNIT_OIL_CULTIVAR","name","","TEXT.Name.Profession.OilCultivar","32","TextKeyReference","DoNotPatchHere","False","False","","False","This is a key/reference; translate the resolved text entry instead."
"Content\Config\OnMap\Units.xml","Units.original.xml","unit","UNIT_OIL_CULTIVAR","description","","TEXT.Description.Profession.OilCultivar","39","TextKeyReference","DoNotPatchHere","False","False","","False","This is a key/reference; translate the resolved text entry instead."
"Content\Config\OnMap\Units.xml","Units.original.xml","unit","UNIT_PRESERVER","name","","TEXT.Name.Profession.Preserver","30","TextKeyReference","DoNotPatchHere","False","False","","False","This is a key/reference; translate the resolved text entry instead."
"Content\Config\OnMap\Units.xml","Units.original.xml","unit","UNIT_PRESERVER","description","","TEXT.Description.Profession.Preserver","37","TextKeyReference","DoNotPatchHere","False","False","","False","This is a key/reference; translate the resolved text entry instead."
"Content\Config\OnMap\Units.xml","Units.original.xml","unit","UNIT_TRAPPER","name","","TEXT.Name.Profession.Trapper","28","TextKeyReference","DoNotPatchHere","False","False","","False","This is a key/reference; translate the resolved text entry instead."
"Content\Config\OnMap\Units.xml","Units.original.xml","unit","UNIT_TRAPPER","description","","TEXT.Description.Profession.Trapper","35","TextKeyReference","DoNotPatchHere","False","False","","False","This is a key/reference; translate the resolved text entry instead."
"Content\Config\OnMap\Units.xml","Units.original.xml","unit","UNIT_RANCHER","name","","TEXT.Name.Profession.Rancher","28","TextKeyReference","DoNotPatchHere","False","False","","False","This is a key/reference; translate the resolved text entry instead."
"Content\Config\OnMap\Units.xml","Units.original.xml","unit","UNIT_RANCHER","description","","TEXT.Description.Profession.Rancher","35","TextKeyReference","DoNotPatchHere","False","False","","False","This is a key/reference; translate the resolved text entry instead."
"Content\Config\OnMap\Units.xml","Units.original.xml","unit","UNIT_MEAT_CUTTER","name","","TEXT.Name.Profession.MeatCutter","31","TextKeyReference","DoNotPatchHere","False","False","","False","This is a key/reference; translate the resolved text entry instead."
"Content\Config\OnMap\Units.xml","Units.original.xml","unit","UNIT_MEAT_CUTTER","description","","TEXT.Description.Profession.MeatCutter","38","TextKeyReference","DoNotPatchHere","False","False","","False","This is a key/reference; translate the resolved text entry instead."
"Content\Config\OnMap\Units.xml","Units.original.xml","unit","UNIT_FISHERMAN","name","","TEXT.Name.Profession.Fisherman","30","TextKeyReference","DoNotPatchHere","False","False","","False","This is a key/reference; translate the resolved text entry instead."
"Content\Config\OnMap\Units.xml","Units.original.xml","unit","UNIT_FISHERMAN","description","","TEXT.Description.Profession.Fisherman","37","TextKeyReference","DoNotPatchHere","False","False","","False","This is a key/reference; translate the resolved text entry instead."
"Content\Config\OnMap\Units.xml","Units.original.xml","unit","UNIT_SLEDGE_DRIVER","name","","TEXT.Name.Profession.SledgeDriver","33","TextKeyReference","DoNotPatchHere","False","False","","False","This is a key/reference; translate the resolved text entry instead."
"Content\Config\OnMap\Units.xml","Units.original.xml","unit","UNIT_SLEDGE_DRIVER","description","","TEXT.Description.Profession.SledgeDriver","40","TextKeyReference","DoNotPatchHere","False","False","","False","This is a key/reference; translate the resolved text entry instead."
"Content\Config\OnMap\Units.xml","Units.original.xml","unit","UNIT_PARCHMENT_MAKER","name","","TEXT.Name.Profession.ParchmentMaker","35","TextKeyReference","DoNotPatchHere","False","False","","False","This is a key/reference; translate the resolved text entry instead."
"Content\Config\OnMap\Units.xml","Units.original.xml","unit","UNIT_PARCHMENT_MAKER","description","","TEXT.Description.Profession.ParchmentMaker","42","TextKeyReference","DoNotPatchHere","False","False","","False","This is a key/reference; translate the resolved text entry instead."
"Content\Config\OnMap\Units.xml","Units.original.xml","unit","UNIT_WOOL_COLLECTOR","name","","TEXT.Name.Profession.WoolCollector","34","TextKeyReference","DoNotPatchHere","False","False","","False","This is a key/reference; translate the resolved text entry instead."
"Content\Config\OnMap\Units.xml","Units.original.xml","unit","UNIT_WOOL_COLLECTOR","description","","TEXT.Description.Profession.WoolCollector","41","TextKeyReference","DoNotPatchHere","False","False","","False","This is a key/reference; translate the resolved text entry instead."
"Content\Config\OnMap\Units.xml","Units.original.xml","unit","UNIT_HORSE_TRAINER","name","","TEXT.Name.Profession.HorseTrainer","33","TextKeyReference","DoNotPatchHere","False","False","","False","This is a key/reference; translate the resolved text entry instead."
"Content\Config\OnMap\Units.xml","Units.original.xml","unit","UNIT_HORSE_TRAINER","description","","TEXT.Description.Profession.HorseTrainer","40","TextKeyReference","DoNotPatchHere","False","False","","False","This is a key/reference; translate the resolved text entry instead."
"Content\Config\OnMap\Units.xml","Units.original.xml","unit","UNIT_TRAWLER","name","","TEXT.Name.Profession.Trawler","28","TextKeyReference","DoNotPatchHere","False","False","","False","This is a key/reference; translate the resolved text entry instead."
"Content\Config\OnMap\Units.xml","Units.original.xml","unit","UNIT_TRAWLER","description","","TEXT.Description.Profession.Trawler","35","TextKeyReference","DoNotPatchHere","False","False","","False","This is a key/reference; translate the resolved text entry instead."
"Content\Config\OnMap\Units.xml","Units.original.xml","unit","UNIT_PLOUGHER","name","","TEXT.Name.Profession.Plougher","29","TextKeyReference","DoNotPatchHere","False","False","","False","This is a key/reference; translate the resolved text entry instead."
"Content\Config\OnMap\Units.xml","Units.original.xml","unit","UNIT_PLOUGHER","description","","TEXT.Description.Profession.Plougher","36","TextKeyReference","DoNotPatchHere","False","False","","False","This is a key/reference; translate the resolved text entry instead."
"Content\Config\OnMap\Units.xml","Units.original.xml","unit","UNIT_SHEPHERD","name","","TEXT.Name.Profession.Shepherd","29","TextKeyReference","DoNotPatchHere","False","False","","False","This is a key/reference; translate the resolved text entry instead."
"Content\Config\OnMap\Units.xml","Units.original.xml","unit","UNIT_SHEPHERD","description","","TEXT.Description.Profession.Shepherd","36","TextKeyReference","DoNotPatchHere","False","False","","False","This is a key/reference; translate the resolved text entry instead."
"Content\Config\OnMap\Units.xml","Units.original.xml","unit","UNIT_BUTCHER","name","","TEXT.Name.Profession.Butcher","28","TextKeyReference","DoNotPatchHere","False","False","","False","This is a key/reference; translate the resolved text entry instead."
"Content\Config\OnMap\Units.xml","Units.original.xml","unit","UNIT_BUTCHER","description","","TEXT.Description.Profession.Butcher","35","TextKeyReference","DoNotPatchHere","False","False","","False","This is a key/reference; translate the resolved text entry instead."
"Content\Config\OnMap\Units.xml","Units.original.xml","unit","UNIT_MEAT_CURER","name","","TEXT.Name.Profession.MeatCurer","30","TextKeyReference","DoNotPatchHere","False","False","","False","This is a key/reference; translate the resolved text entry instead."
"Content\Config\OnMap\Units.xml","Units.original.xml","unit","UNIT_MEAT_CURER","description","","TEXT.Description.Profession.MeatCurer","37","TextKeyReference","DoNotPatchHere","False","False","","False","This is a key/reference; translate the resolved text entry instead."
"Content\Config\OnMap\Units.xml","Units.original.xml","unit","UNIT_CHEESEMAKER","name","","TEXT.Name.Profession.Cheesemaker","32","TextKeyReference","DoNotPatchHere","False","False","","False","This is a key/reference; translate the resolved text entry instead."
"Content\Config\OnMap\Units.xml","Units.original.xml","unit","UNIT_CHEESEMAKER","description","","TEXT.Description.Profession.Cheesemaker","39","TextKeyReference","DoNotPatchHere","False","False","","False","This is a key/reference; translate the resolved text entry instead."
"Content\Config\OnMap\Units.xml","Units.original.xml","unit","UNIT_VELLUM_MAKER","name","","TEXT.Name.Profession.VellumMaker","32","TextKeyReference","DoNotPatchHere","False","False","","False","This is a key/reference; translate the resolved text entry instead."
"Content\Config\OnMap\Units.xml","Units.original.xml","unit","UNIT_VELLUM_MAKER","description","","TEXT.Description.Profession.VellumMaker","39","TextKeyReference","DoNotPatchHere","False","False","","False","This is a key/reference; translate the resolved text entry instead."
"Content\Config\OnMap\Units.xml","Units.original.xml","unit","UNIT_SHEARER","name","","TEXT.Name.Profession.Shearer","28","TextKeyReference","DoNotPatchHere","False","False","","False","This is a key/reference; translate the resolved text entry instead."
"Content\Config\OnMap\Units.xml","Units.original.xml","unit","UNIT_SHEARER","description","","TEXT.Description.Profession.Shearer","35","TextKeyReference","DoNotPatchHere","False","False","","False","This is a key/reference; translate the resolved text entry instead."
"Content\Config\OnMap\Units.xml","Units.original.xml","unit","UNIT_MEAT_SMOKER","name","","TEXT.Name.Profession.MeatSmoker","31","TextKeyReference","DoNotPatchHere","False","False","","False","This is a key/reference; translate the resolved text entry instead."
"Content\Config\OnMap\Units.xml","Units.original.xml","unit","UNIT_MEAT_SMOKER","description","","TEXT.Description.Profession.MeatSmoker","38","TextKeyReference","DoNotPatchHere","False","False","","False","This is a key/reference; translate the resolved text entry instead."
"Content\Config\OnMap\Units.xml","Units.original.xml","unit","UNIT_FISHMONGER","name","","TEXT.Name.Profession.Fishmonger","31","TextKeyReference","DoNotPatchHere","False","False","","False","This is a key/reference; translate the resolved text entry instead."
"Content\Config\OnMap\Units.xml","Units.original.xml","unit","UNIT_FISHMONGER","description","","TEXT.Description.Profession.Fishmonger","38","TextKeyReference","DoNotPatchHere","False","False","","False","This is a key/reference; translate the resolved text entry instead."
"Content\Config\OnMap\Units.xml","Units.original.xml","unit","UNIT_DIGGER","name","","TEXT.Name.Profession.Digger","27","TextKeyReference","DoNotPatchHere","False","False","","False","This is a key/reference; translate the resolved text entry instead."
"Content\Config\OnMap\Units.xml","Units.original.xml","unit","UNIT_DIGGER","description","","TEXT.Description.Profession.Digger","34","TextKeyReference","DoNotPatchHere","False","False","","False","This is a key/reference; translate the resolved text entry instead."
"Content\Config\OnMap\Units.xml","Units.original.xml","unit","UNIT_MINER","name","","TEXT.Name.Profession.Miner","26","TextKeyReference","DoNotPatchHere","False","False","","False","This is a key/reference; translate the resolved text entry instead."
"Content\Config\OnMap\Units.xml","Units.original.xml","unit","UNIT_MINER","description","","TEXT.Description.Profession.Miner","33","TextKeyReference","DoNotPatchHere","False","False","","False","This is a key/reference; translate the resolved text entry instead."
"Content\Config\OnMap\Units.xml","Units.original.xml","unit","UNIT_WEAPONSMITH","name","","TEXT.Name.Profession.Weaponsmith","32","TextKeyReference","DoNotPatchHere","False","False","","False","This is a key/reference; translate the resolved text entry instead."
"Content\Config\OnMap\Units.xml","Units.original.xml","unit","UNIT_WEAPONSMITH","description","","TEXT.Description.Profession.Weaponsmith","39","TextKeyReference","DoNotPatchHere","False","False","","False","This is a key/reference; translate the resolved text entry instead."
"Content\Config\OnMap\Units.xml","Units.original.xml","unit","UNIT_BLACKSMITH","name","","TEXT.Name.Profession.Blacksmith","31","TextKeyReference","DoNotPatchHere","False","False","","False","This is a key/reference; translate the resolved text entry instead."
"Content\Config\OnMap\Units.xml","Units.original.xml","unit","UNIT_BLACKSMITH","description","","TEXT.Description.Profession.Blacksmith","38","TextKeyReference","DoNotPatchHere","False","False","","False","This is a key/reference; translate the resolved text entry instead."
"Content\Config\OnMap\Units.xml","Units.original.xml","unit","UNIT_GLASSMAKER","name","","TEXT.Name.Profession.Glassmaker","31","TextKeyReference","DoNotPatchHere","False","False","","False","This is a key/reference; translate the resolved text entry instead."
"Content\Config\OnMap\Units.xml","Units.original.xml","unit","UNIT_GLASSMAKER","description","","TEXT.Description.Profession.Glassmaker","38","TextKeyReference","DoNotPatchHere","False","False","","False","This is a key/reference; translate the resolved text entry instead."
"Content\Config\OnMap\Units.xml","Units.original.xml","unit","UNIT_DREDGER","name","","TEXT.Name.Profession.Dredger","28","TextKeyReference","DoNotPatchHere","False","False","","False","This is a key/reference; translate the resolved text entry instead."
"Content\Config\OnMap\Units.xml","Units.original.xml","unit","UNIT_DREDGER","description","","TEXT.Description.Profession.Dredger","35","TextKeyReference","DoNotPatchHere","False","False","","False","This is a key/reference; translate the resolved text entry instead."
"Content\Config\OnMap\Units.xml","Units.original.xml","unit","UNIT_COAL_MAKER","name","","TEXT.Name.Profession.CoalMaker","30","TextKeyReference","DoNotPatchHere","False","False","","False","This is a key/reference; translate the resolved text entry instead."
"Content\Config\OnMap\Units.xml","Units.original.xml","unit","UNIT_COAL_MAKER","description","","TEXT.Description.Profession.CoalMaker","37","TextKeyReference","DoNotPatchHere","False","False","","False","This is a key/reference; translate the resolved text entry instead."
"Content\Config\OnMap\Units.xml","Units.original.xml","unit","UNIT_TOOLSMITH","name","","TEXT.Name.Profession.Toolsmith","30","TextKeyReference","DoNotPatchHere","False","False","","False","This is a key/reference; translate the resolved text entry instead."
"Content\Config\OnMap\Units.xml","Units.original.xml","unit","UNIT_TOOLSMITH","description","","TEXT.Description.Profession.Toolsmith","37","TextKeyReference","DoNotPatchHere","False","False","","False","This is a key/reference; translate the resolved text entry instead."
"Content\Config\OnMap\Units.xml","Units.original.xml","unit","UNIT_ARMORSMITH","name","","TEXT.Name.Profession.Armorsmith","31","TextKeyReference","DoNotPatchHere","False","False","","False","This is a key/reference; translate the resolved text entry instead."
"Content\Config\OnMap\Units.xml","Units.original.xml","unit","UNIT_ARMORSMITH","description","","TEXT.Description.Profession.Armorsmith","38","TextKeyReference","DoNotPatchHere","False","False","","False","This is a key/reference; translate the resolved text entry instead."
"Content\Config\OnMap\Units.xml","Units.original.xml","unit","UNIT_SMELTER","name","","TEXT.Name.Profession.Smelter","28","TextKeyReference","DoNotPatchHere","False","False","","False","This is a key/reference; translate the resolved text entry instead."
"Content\Config\OnMap\Units.xml","Units.original.xml","unit","UNIT_SMELTER","description","","TEXT.Description.Profession.Smelter","35","TextKeyReference","DoNotPatchHere","False","False","","False","This is a key/reference; translate the resolved text entry instead."
"Content\Config\OnMap\Units.xml","Units.original.xml","unit","UNIT_ANVIL_MAKER","name","","TEXT.Name.Profession.AnvilMaker","31","TextKeyReference","DoNotPatchHere","False","False","","False","This is a key/reference; translate the resolved text entry instead."
"Content\Config\OnMap\Units.xml","Units.original.xml","unit","UNIT_ANVIL_MAKER","description","","TEXT.Description.Profession.AnvilMaker","38","TextKeyReference","DoNotPatchHere","False","False","","False","This is a key/reference; translate the resolved text entry instead."
"Content\Config\OnMap\Units.xml","Units.original.xml","unit","UNIT_NAILSMITH","name","","TEXT.Name.Profession.Nailsmith","30","TextKeyReference","DoNotPatchHere","False","False","","False","This is a key/reference; translate the resolved text entry instead."
"Content\Config\OnMap\Units.xml","Units.original.xml","unit","UNIT_NAILSMITH","description","","TEXT.Description.Profession.Nailsmith","37","TextKeyReference","DoNotPatchHere","False","False","","False","This is a key/reference; translate the resolved text entry instead."
"Content\Config\OnMap\Units.xml","Units.original.xml","unit","UNIT_STEELMAKER","name","","TEXT.Name.Profession.Steelmaker","31","TextKeyReference","DoNotPatchHere","False","False","","False","This is a key/reference; translate the resolved text entry instead."
"Content\Config\OnMap\Units.xml","Units.original.xml","unit","UNIT_STEELMAKER","description","","TEXT.Description.Profession.Steelmaker","38","TextKeyReference","DoNotPatchHere","False","False","","False","This is a key/reference; translate the resolved text entry instead."
"Content\Config\OnMap\Units.xml","Units.original.xml","unit","UNIT_BLADESMITH","name","","TEXT.Name.Profession.Bladesmith","31","TextKeyReference","DoNotPatchHere","False","False","","False","This is a key/reference; translate the resolved text entry instead."
"Content\Config\OnMap\Units.xml","Units.original.xml","unit","UNIT_BLADESMITH","description","","TEXT.Description.Profession.Bladesmith","38","TextKeyReference","DoNotPatchHere","False","False","","False","This is a key/reference; translate the resolved text entry instead."
"Content\Config\OnMap\Units.xml","Units.original.xml","unit","UNIT_STEEL_WEAPONSMITH","name","","TEXT.Name.Profession.SteelWeaponsmith","37","TextKeyReference","DoNotPatchHere","False","False","","False","This is a key/reference; translate the resolved text entry instead."
"Content\Config\OnMap\Units.xml","Units.original.xml","unit","UNIT_STEEL_WEAPONSMITH","description","","TEXT.Description.Profession.SteelWeaponsmith","44","TextKeyReference","DoNotPatchHere","False","False","","False","This is a key/reference; translate the resolved text entry instead."
"Content\Config\OnMap\Units.xml","Units.original.xml","unit","UNIT_STEEL_TOOLSMITH","name","","TEXT.Name.Profession.SteelToolsmith","35","TextKeyReference","DoNotPatchHere","False","False","","False","This is a key/reference; translate the resolved text entry instead."
"Content\Config\OnMap\Units.xml","Units.original.xml","unit","UNIT_STEEL_TOOLSMITH","description","","TEXT.Description.Profession.SteelToolsmith","42","TextKeyReference","DoNotPatchHere","False","False","","False","This is a key/reference; translate the resolved text entry instead."
"Content\Config\OnMap\Units.xml","Units.original.xml","unit","UNIT_COLLIER","name","","TEXT.Name.Profession.Collier","28","TextKeyReference","DoNotPatchHere","False","False","","False","This is a key/reference; translate the resolved text entry instead."
"Content\Config\OnMap\Units.xml","Units.original.xml","unit","UNIT_COLLIER","description","","TEXT.Description.Profession.Collier","35","TextKeyReference","DoNotPatchHere","False","False","","False","This is a key/reference; translate the resolved text entry instead."
"Content\Config\OnMap\Units.xml","Units.original.xml","unit","UNIT_ARMORER","name","","TEXT.Name.Profession.Armorer","28","TextKeyReference","DoNotPatchHere","False","False","","False","This is a key/reference; translate the resolved text entry instead."
"Content\Config\OnMap\Units.xml","Units.original.xml","unit","UNIT_ARMORER","description","","TEXT.Description.Profession.Armorer","35","TextKeyReference","DoNotPatchHere","False","False","","False","This is a key/reference; translate the resolved text entry instead."
"Content\Config\OnMap\Units.xml","Units.original.xml","unit","UNIT_STEEL_ARMORSMITH","name","","TEXT.Name.Profession.SteelArmorsmith","36","TextKeyReference","DoNotPatchHere","False","False","","False","This is a key/reference; translate the resolved text entry instead."
"Content\Config\OnMap\Units.xml","Units.original.xml","unit","UNIT_STEEL_ARMORSMITH","description","","TEXT.Description.Profession.SteelArmorsmith","43","TextKeyReference","DoNotPatchHere","False","False","","False","This is a key/reference; translate the resolved text entry instead."
"Content\Config\OnMap\Units.xml","Units.original.xml","unit","UNIT_COIN_MAKER","name","","TEXT.Name.Profession.Coinmaker","30","TextKeyReference","DoNotPatchHere","False","False","","False","This is a key/reference; translate the resolved text entry instead."
"Content\Config\OnMap\Units.xml","Units.original.xml","unit","UNIT_COIN_MAKER","description","","TEXT.Description.Profession.Coinmaker","37","TextKeyReference","DoNotPatchHere","False","False","","False","This is a key/reference; translate the resolved text entry instead."
"Content\Config\OnMap\Units.xml","Units.original.xml","unit","UNIT_GLASSBLOWER","name","","TEXT.Name.Profession.Glassblower","32","TextKeyReference","DoNotPatchHere","False","False","","False","This is a key/reference; translate the resolved text entry instead."
"Content\Config\OnMap\Units.xml","Units.original.xml","unit","UNIT_GLASSBLOWER","description","","TEXT.Description.Profession.Glassblower","39","TextKeyReference","DoNotPatchHere","False","False","","False","This is a key/reference; translate the resolved text entry instead."
"Content\Config\OnMap\Units.xml","Units.original.xml","unit","UNIT_WOOD_COLLECTOR","name","","TEXT.Name.Profession.WoodCollector","34","TextKeyReference","DoNotPatchHere","False","False","","False","This is a key/reference; translate the resolved text entry instead."
"Content\Config\OnMap\Units.xml","Units.original.xml","unit","UNIT_WOOD_COLLECTOR","description","","TEXT.Description.Profession.WoodCollector","41","TextKeyReference","DoNotPatchHere","False","False","","False","This is a key/reference; translate the resolved text entry instead."
"Content\Config\OnMap\Units.xml","Units.original.xml","unit","UNIT_LOGGER","name","","TEXT.Name.Profession.Logger","27","TextKeyReference","DoNotPatchHere","False","False","","False","This is a key/reference; translate the resolved text entry instead."
"Content\Config\OnMap\Units.xml","Units.original.xml","unit","UNIT_LOGGER","description","","TEXT.Description.Profession.Logger","34","TextKeyReference","DoNotPatchHere","False","False","","False","This is a key/reference; translate the resolved text entry instead."
"Content\Config\OnMap\Units.xml","Units.original.xml","unit","UNIT_WEAVER","name","","TEXT.Name.Profession.Weaver","27","TextKeyReference","DoNotPatchHere","False","False","","False","This is a key/reference; translate the resolved text entry instead."
"Content\Config\OnMap\Units.xml","Units.original.xml","unit","UNIT_WEAVER","description","","TEXT.Description.Profession.Weaver","34","TextKeyReference","DoNotPatchHere","False","False","","False","This is a key/reference; translate the resolved text entry instead."
"Content\Config\OnMap\Units.xml","Units.original.xml","unit","UNIT_WOODCARVER","name","","TEXT.Name.Profession.Woodcarver","31","TextKeyReference","DoNotPatchHere","False","False","","False","This is a key/reference; translate the resolved text entry instead."
"Content\Config\OnMap\Units.xml","Units.original.xml","unit","UNIT_WOODCARVER","description","","TEXT.Description.Profession.Woodcarver","38","TextKeyReference","DoNotPatchHere","False","False","","False","This is a key/reference; translate the resolved text entry instead."
"Content\Config\OnMap\Units.xml","Units.original.xml","unit","UNIT_WOOD_BUNDLER","name","","TEXT.Name.Profession.WoodBundler","32","TextKeyReference","DoNotPatchHere","False","False","","False","This is a key/reference; translate the resolved text entry instead."
"Content\Config\OnMap\Units.xml","Units.original.xml","unit","UNIT_WOOD_BUNDLER","description","","TEXT.Description.Profession.WoodBundler","39","TextKeyReference","DoNotPatchHere","False","False","","False","This is a key/reference; translate the resolved text entry instead."
"Content\Config\OnMap\Units.xml","Units.original.xml","unit","UNIT_POTTER","name","","TEXT.Name.Profession.Potter","27","TextKeyReference","DoNotPatchHere","False","False","","False","This is a key/reference; translate the resolved text entry instead."
"Content\Config\OnMap\Units.xml","Units.original.xml","unit","UNIT_POTTER","description","","TEXT.Description.Profession.Potter","34","TextKeyReference","DoNotPatchHere","False","False","","False","This is a key/reference; translate the resolved text entry instead."
"Content\Config\OnMap\Units.xml","Units.original.xml","unit","UNIT_WOODSPLITTER","name","","TEXT.Name.Profession.Woodsplitter","33","TextKeyReference","DoNotPatchHere","False","False","","False","This is a key/reference; translate the resolved text entry instead."
"Content\Config\OnMap\Units.xml","Units.original.xml","unit","UNIT_WOODSPLITTER","description","","TEXT.Description.Profession.Woodsplitter","40","TextKeyReference","DoNotPatchHere","False","False","","False","This is a key/reference; translate the resolved text entry instead."
"Content\Config\OnMap\Units.xml","Units.original.xml","unit","UNIT_BLOCK_CUTTER","name","","TEXT.Name.Profession.BlockCutter","32","TextKeyReference","DoNotPatchHere","False","False","","False","This is a key/reference; translate the resolved text entry instead."
"Content\Config\OnMap\Units.xml","Units.original.xml","unit","UNIT_BLOCK_CUTTER","description","","TEXT.Description.Profession.BlockCutter","39","TextKeyReference","DoNotPatchHere","False","False","","False","This is a key/reference; translate the resolved text entry instead."
"Content\Config\OnMap\Units.xml","Units.original.xml","unit","UNIT_BRICKMAKER","name","","TEXT.Name.Profession.Brickmaker","31","TextKeyReference","DoNotPatchHere","False","False","","False","This is a key/reference; translate the resolved text entry instead."
"Content\Config\OnMap\Units.xml","Units.original.xml","unit","UNIT_BRICKMAKER","description","","TEXT.Description.Profession.Brickmaker","38","TextKeyReference","DoNotPatchHere","False","False","","False","This is a key/reference; translate the resolved text entry instead."
"Content\Config\OnMap\Units.xml","Units.original.xml","unit","UNIT_STONECARVER","name","","TEXT.Name.Profession.Stonecarver","32","TextKeyReference","DoNotPatchHere","False","False","","False","This is a key/reference; translate the resolved text entry instead."
"Content\Config\OnMap\Units.xml","Units.original.xml","unit","UNIT_STONECARVER","description","","TEXT.Description.Profession.Stonecarver","39","TextKeyReference","DoNotPatchHere","False","False","","False","This is a key/reference; translate the resolved text entry instead."
"Content\Config\OnMap\Units.xml","Units.original.xml","unit","UNIT_HEWER","name","","TEXT.Name.Profession.Hewer","26","TextKeyReference","DoNotPatchHere","False","False","","False","This is a key/reference; translate the resolved text entry instead."
"Content\Config\OnMap\Units.xml","Units.original.xml","unit","UNIT_HEWER","description","","TEXT.Description.Profession.Hewer","33","TextKeyReference","DoNotPatchHere","False","False","","False","This is a key/reference; translate the resolved text entry instead."
"Content\Config\OnMap\Units.xml","Units.original.xml","unit","UNIT_TAILOR","name","","TEXT.Name.Profession.Tailor","27","TextKeyReference","DoNotPatchHere","False","False","","False","This is a key/reference; translate the resolved text entry instead."
"Content\Config\OnMap\Units.xml","Units.original.xml","unit","UNIT_TAILOR","description","","TEXT.Description.Profession.Tailor","34","TextKeyReference","DoNotPatchHere","False","False","","False","This is a key/reference; translate the resolved text entry instead."
"Content\Config\OnMap\Units.xml","Units.original.xml","unit","UNIT_DYER","name","","TEXT.Name.Profession.Dyer","25","TextKeyReference","DoNotPatchHere","False","False","","False","This is a key/reference; translate the resolved text entry instead."
"Content\Config\OnMap\Units.xml","Units.original.xml","unit","UNIT_DYER","description","","TEXT.Description.Profession.Dyer","32","TextKeyReference","DoNotPatchHere","False","False","","False","This is a key/reference; translate the resolved text entry instead."
"Content\Config\OnMap\Units.xml","Units.original.xml","unit","UNIT_LUTHIER","name","","TEXT.Name.Profession.Luthier","28","TextKeyReference","DoNotPatchHere","False","False","","False","This is a key/reference; translate the resolved text entry instead."
"Content\Config\OnMap\Units.xml","Units.original.xml","unit","UNIT_LUTHIER","description","","TEXT.Description.Profession.Luthier","35","TextKeyReference","DoNotPatchHere","False","False","","False","This is a key/reference; translate the resolved text entry instead."
"Content\Config\OnMap\Units.xml","Units.original.xml","unit","UNIT_COOPER","name","","TEXT.Name.Profession.Cooper","27","TextKeyReference","DoNotPatchHere","False","False","","False","This is a key/reference; translate the resolved text entry instead."
"Content\Config\OnMap\Units.xml","Units.original.xml","unit","UNIT_COOPER","description","","TEXT.Description.Profession.Cooper","34","TextKeyReference","DoNotPatchHere","False","False","","False","This is a key/reference; translate the resolved text entry instead."
"Content\Config\OnMap\Units.xml","Units.original.xml","unit","UNIT_MASTER_BLOCK_CUTTER","name","","TEXT.Name.Profession.MasterBlockCutter","38","TextKeyReference","DoNotPatchHere","False","False","","False","This is a key/reference; translate the resolved text entry instead."
"Content\Config\OnMap\Units.xml","Units.original.xml","unit","UNIT_MASTER_BLOCK_CUTTER","description","","TEXT.Description.Profession.MasterBlockCutter","45","TextKeyReference","DoNotPatchHere","False","False","","False","This is a key/reference; translate the resolved text entry instead."
"Content\Config\OnMap\Units.xml","Units.original.xml","unit","UNIT_KILN_MASTER","name","","TEXT.Name.Profession.KilnMaster","31","TextKeyReference","DoNotPatchHere","False","False","","False","This is a key/reference; translate the resolved text entry instead."
"Content\Config\OnMap\Units.xml","Units.original.xml","unit","UNIT_KILN_MASTER","description","","TEXT.Description.Profession.KilnMaster","38","TextKeyReference","DoNotPatchHere","False","False","","False","This is a key/reference; translate the resolved text entry instead."
"Content\Config\OnMap\Units.xml","Units.original.xml","unit","UNIT_COUTURIER","name","","TEXT.Name.Profession.Couturier","30","TextKeyReference","DoNotPatchHere","False","False","","False","This is a key/reference; translate the resolved text entry instead."
"Content\Config\OnMap\Units.xml","Units.original.xml","unit","UNIT_COUTURIER","description","","TEXT.Description.Profession.Couturier","37","TextKeyReference","DoNotPatchHere","False","False","","False","This is a key/reference; translate the resolved text entry instead."
"Content\Config\OnMap\Units.xml","Units.original.xml","unit","UNIT_SCULPTOR","name","","TEXT.Name.Profession.Sculptor","29","TextKeyReference","DoNotPatchHere","False","False","","False","This is a key/reference; translate the resolved text entry instead."
"Content\Config\OnMap\Units.xml","Units.original.xml","unit","UNIT_SCULPTOR","description","","TEXT.Description.Profession.Sculptor","36","TextKeyReference","DoNotPatchHere","False","False","","False","This is a key/reference; translate the resolved text entry instead."
"Content\Config\OnMap\Units.xml","Units.original.xml","unit","UNIT_ARCHITECT","name","","TEXT.Name.Profession.Architect","30","TextKeyReference","DoNotPatchHere","False","False","","False","This is a key/reference; translate the resolved text entry instead."
"Content\Config\OnMap\Units.xml","Units.original.xml","unit","UNIT_ARCHITECT","description","","TEXT.Description.Profession.Architect","37","TextKeyReference","DoNotPatchHere","False","False","","False","This is a key/reference; translate the resolved text entry instead."
"Content\Config\OnMap\Units.xml","Units.original.xml","unit","UNIT_SADDLER","name","","TEXT.Name.Profession.Saddler","28","TextKeyReference","DoNotPatchHere","False","False","","False","This is a key/reference; translate the resolved text entry instead."
"Content\Config\OnMap\Units.xml","Units.original.xml","unit","UNIT_SADDLER","description","","TEXT.Description.Profession.Saddler","35","TextKeyReference","DoNotPatchHere","False","False","","False","This is a key/reference; translate the resolved text entry instead."
"Content\Config\OnMap\Units.xml","Units.original.xml","unit","UNIT_EXPLORER","name","","TEXT.Name.Profession.Explorer","29","TextKeyReference","DoNotPatchHere","False","False","","False","This is a key/reference; translate the resolved text entry instead."
"Content\Config\OnMap\Units.xml","Units.original.xml","unit","UNIT_EXPLORER","description","","TEXT.Description.Profession.Explorer","36","TextKeyReference","DoNotPatchHere","False","False","","False","This is a key/reference; translate the resolved text entry instead."
"Content\Config\OnMap\Units.xml","Units.original.xml","unit","UNIT_SURVEYOR","name","","TEXT.Name.Profession.Surveyor","29","TextKeyReference","DoNotPatchHere","False","False","","False","This is a key/reference; translate the resolved text entry instead."
"Content\Config\OnMap\Units.xml","Units.original.xml","unit","UNIT_SURVEYOR","description","","TEXT.Description.Profession.Surveyor","36","TextKeyReference","DoNotPatchHere","False","False","","False","This is a key/reference; translate the resolved text entry instead."
"Content\Config\OnMap\Units.xml","Units.original.xml","unit","UNIT_TRADER","name","","TEXT.Name.Profession.Trader","27","TextKeyReference","DoNotPatchHere","False","False","","False","This is a key/reference; translate the resolved text entry instead."
"Content\Config\OnMap\Units.xml","Units.original.xml","unit","UNIT_TRADER","description","","TEXT.Description.Profession.Trader","34","TextKeyReference","DoNotPatchHere","False","False","","False","This is a key/reference; translate the resolved text entry instead."
"Content\Config\OnMap\Units.xml","Units.original.xml","unit","UNIT_BARD","name","","TEXT.Name.Profession.Bard","25","TextKeyReference","DoNotPatchHere","False","False","","False","This is a key/reference; translate the resolved text entry instead."
"Content\Config\OnMap\Units.xml","Units.original.xml","unit","UNIT_BARD","description","","TEXT.Description.Profession.Bard","32","TextKeyReference","DoNotPatchHere","False","False","","False","This is a key/reference; translate the resolved text entry instead."
"Content\Config\OnMap\Units.xml","Units.original.xml","unit","UNIT_LOREKEEPER","name","","TEXT.Name.Profession.Lorekeeper","31","TextKeyReference","DoNotPatchHere","False","False","","False","This is a key/reference; translate the resolved text entry instead."
"Content\Config\OnMap\Units.xml","Units.original.xml","unit","UNIT_LOREKEEPER","description","","TEXT.Description.Profession.Lorekeeper","38","TextKeyReference","DoNotPatchHere","False","False","","False","This is a key/reference; translate the resolved text entry instead."
"Content\Config\OnMap\Units.xml","Units.original.xml","unit","UNIT_GUIDE","name","","TEXT.Name.Profession.Guide","26","TextKeyReference","DoNotPatchHere","False","False","","False","This is a key/reference; translate the resolved text entry instead."
"Content\Config\OnMap\Units.xml","Units.original.xml","unit","UNIT_GUIDE","description","","TEXT.Description.Profession.Guide","33","TextKeyReference","DoNotPatchHere","False","False","","False","This is a key/reference; translate the resolved text entry instead."
"Content\Config\OnMap\Units.xml","Units.original.xml","unit","UNIT_GALLEY","name","","TEXT.Name.Profession.Galley","27","TextKeyReference","DoNotPatchHere","False","False","","False","This is a key/reference; translate the resolved text entry instead."
"Content\Config\OnMap\Units.xml","Units.original.xml","unit","UNIT_GALLEY","description","","TEXT.Description.Profession.Galley","34","TextKeyReference","DoNotPatchHere","False","False","","False","This is a key/reference; translate the resolved text entry instead."
"Content\Config\OnMap\Units.xml","Units.original.xml","unit","UNIT_TINKERER","name","","TEXT.Name.Profession.Tinkerer","29","TextKeyReference","DoNotPatchHere","False","False","","False","This is a key/reference; translate the resolved text entry instead."
"Content\Config\OnMap\Units.xml","Units.original.xml","unit","UNIT_TINKERER","description","","TEXT.Description.Profession.Tinkerer","36","TextKeyReference","DoNotPatchHere","False","False","","False","This is a key/reference; translate the resolved text entry instead."
"Content\Config\OnMap\Units.xml","Units.original.xml","unit","UNIT_MERCHANT","name","","TEXT.Name.Profession.Merchant","29","TextKeyReference","DoNotPatchHere","False","False","","False","This is a key/reference; translate the resolved text entry instead."
"Content\Config\OnMap\Units.xml","Units.original.xml","unit","UNIT_MERCHANT","description","","TEXT.Description.Profession.Merchant","36","TextKeyReference","DoNotPatchHere","False","False","","False","This is a key/reference; translate the resolved text entry instead."
"Content\Config\OnMap\Units.xml","Units.original.xml","unit","UNIT_ENGINEER","name","","TEXT.Name.Profession.Engineer","29","TextKeyReference","DoNotPatchHere","False","False","","False","This is a key/reference; translate the resolved text entry instead."
"Content\Config\OnMap\Units.xml","Units.original.xml","unit","UNIT_ENGINEER","description","","TEXT.Description.Profession.Engineer","36","TextKeyReference","DoNotPatchHere","False","False","","False","This is a key/reference; translate the resolved text entry instead."
"Content\Config\OnMap\Units.xml","Units.original.xml","unit","UNIT_CONSUL","name","","TEXT.Name.Profession.Consul","27","TextKeyReference","DoNotPatchHere","False","False","","False","This is a key/reference; translate the resolved text entry instead."
"Content\Config\OnMap\Units.xml","Units.original.xml","unit","UNIT_CONSUL","description","","TEXT.Description.Profession.Consul","34","TextKeyReference","DoNotPatchHere","False","False","","False","This is a key/reference; translate the resolved text entry instead."
"Content\Config\OnMap\Units.xml","Units.original.xml","unit","UNIT_SUPPLY_WAGON","name","","TEXT.Name.Profession.SupplyWagon","32","TextKeyReference","DoNotPatchHere","False","False","","False","This is a key/reference; translate the resolved text entry instead."
"Content\Config\OnMap\Units.xml","Units.original.xml","unit","UNIT_SUPPLY_WAGON","description","","TEXT.Description.Profession.SupplyWagon","39","TextKeyReference","DoNotPatchHere","False","False","","False","This is a key/reference; translate the resolved text entry instead."
"Content\Config\OnMap\Units.xml","Units.original.xml","unit","UNIT_MINSTREL","name","","TEXT.Name.Profession.Minstrel","29","TextKeyReference","DoNotPatchHere","False","False","","False","This is a key/reference; translate the resolved text entry instead."
"Content\Config\OnMap\Units.xml","Units.original.xml","unit","UNIT_MINSTREL","description","","TEXT.Description.Profession.Minstrel","36","TextKeyReference","DoNotPatchHere","False","False","","False","This is a key/reference; translate the resolved text entry instead."
"Content\Config\OnMap\Units.xml","Units.original.xml","unit","UNIT_SCRIBE","name","","TEXT.Name.Profession.Scribe","27","TextKeyReference","DoNotPatchHere","False","False","","False","This is a key/reference; translate the resolved text entry instead."
"Content\Config\OnMap\Units.xml","Units.original.xml","unit","UNIT_SCRIBE","description","","TEXT.Description.Profession.Scribe","34","TextKeyReference","DoNotPatchHere","False","False","","False","This is a key/reference; translate the resolved text entry instead."
"Content\Config\OnMap\Units.xml","Units.original.xml","unit","UNIT_INSTRUCTOR","name","","TEXT.Name.Profession.Instructor","31","TextKeyReference","DoNotPatchHere","False","False","","False","This is a key/reference; translate the resolved text entry instead."
"Content\Config\OnMap\Units.xml","Units.original.xml","unit","UNIT_INSTRUCTOR","description","","TEXT.Description.Profession.Instructor","38","TextKeyReference","DoNotPatchHere","False","False","","False","This is a key/reference; translate the resolved text entry instead."
"Content\Config\OnMap\Units.xml","Units.original.xml","unit","UNIT_CATAPULT","name","","TEXT.Name.Profession.Catapult","29","TextKeyReference","DoNotPatchHere","False","False","","False","This is a key/reference; translate the resolved text entry instead."
"Content\Config\OnMap\Units.xml","Units.original.xml","unit","UNIT_CATAPULT","description","","TEXT.Description.Profession.Catapult","36","TextKeyReference","DoNotPatchHere","False","False","","False","This is a key/reference; translate the resolved text entry instead."
"Content\Config\OnMap\Units.xml","Units.original.xml","unit","UNIT_SCHOLAR","name","","TEXT.Name.Profession.Scholar","28","TextKeyReference","DoNotPatchHere","False","False","","False","This is a key/reference; translate the resolved text entry instead."
"Content\Config\OnMap\Units.xml","Units.original.xml","unit","UNIT_SCHOLAR","description","","TEXT.Description.Profession.Scholar","35","TextKeyReference","DoNotPatchHere","False","False","","False","This is a key/reference; translate the resolved text entry instead."
"Content\Config\OnMap\Units.xml","Units.original.xml","unit","UNIT_INVENTOR","name","","TEXT.Name.Profession.Inventor","29","TextKeyReference","DoNotPatchHere","False","False","","False","This is a key/reference; translate the resolved text entry instead."
"Content\Config\OnMap\Units.xml","Units.original.xml","unit","UNIT_INVENTOR","description","","TEXT.Description.Profession.Inventor","36","TextKeyReference","DoNotPatchHere","False","False","","False","This is a key/reference; translate the resolved text entry instead."
"Content\Config\OnMap\Units.xml","Units.original.xml","unit","UNIT_PATRON","name","","TEXT.Name.Profession.Patron","27","TextKeyReference","DoNotPatchHere","False","False","","False","This is a key/reference; translate the resolved text entry instead."
"Content\Config\OnMap\Units.xml","Units.original.xml","unit","UNIT_PATRON","description","","TEXT.Description.Profession.Patron","34","TextKeyReference","DoNotPatchHere","False","False","","False","This is a key/reference; translate the resolved text entry instead."
"Content\Config\OnMap\Units.xml","Units.original.xml","unit","UNIT_ROMAN_LEGION","name","","TEXT.Name.Profession.RomanLegion","32","TextKeyReference","DoNotPatchHere","False","False","","False","This is a key/reference; translate the resolved text entry instead."
"Content\Config\OnMap\Units.xml","Units.original.xml","unit","UNIT_ROMAN_LEGION","description","","TEXT.Description.Profession.RomanLegion","39","TextKeyReference","DoNotPatchHere","False","False","","False","This is a key/reference; translate the resolved text entry instead."
"Content\Config\OnMap\Units.xml","Units.original.xml","unit","UNIT_ROMAN_LIGHT_CAVALRY","name","","TEXT.Name.Profession.RomanLightCavalry","38","TextKeyReference","DoNotPatchHere","False","False","","False","This is a key/reference; translate the resolved text entry instead."
"Content\Config\OnMap\Units.xml","Units.original.xml","unit","UNIT_ROMAN_LIGHT_CAVALRY","description","","TEXT.Description.Profession.RomanLightCavalry","45","TextKeyReference","DoNotPatchHere","False","False","","False","This is a key/reference; translate the resolved text entry instead."
"Content\Config\OnMap\Units.xml","Units.original.xml","unit","UNIT_ROMAN_HEAVY_CAVALRY","name","","TEXT.Name.Profession.RomanHeavyCavalry","38","TextKeyReference","DoNotPatchHere","False","False","","False","This is a key/reference; translate the resolved text entry instead."
"Content\Config\OnMap\Units.xml","Units.original.xml","unit","UNIT_ROMAN_HEAVY_CAVALRY","description","","TEXT.Description.Profession.RomanHeavyCavalry","45","TextKeyReference","DoNotPatchHere","False","False","","False","This is a key/reference; translate the resolved text entry instead."
"Content\Config\OnMap\Units.xml","Units.original.xml","unit","UNIT_BANDIT_INFANTRY","name","","TEXT.Name.Profession.BanditInfantry","35","TextKeyReference","DoNotPatchHere","False","False","","False","This is a key/reference; translate the resolved text entry instead."
"Content\Config\OnMap\Units.xml","Units.original.xml","unit","UNIT_BANDIT_INFANTRY","description","","TEXT.Description.Profession.BanditInfantry","42","TextKeyReference","DoNotPatchHere","False","False","","False","This is a key/reference; translate the resolved text entry instead."
"Content\Config\OnMap\Units.xml","Units.original.xml","unit","UNIT_BANDIT_CAVALRY","name","","TEXT.Name.Profession.BanditCavalry","34","TextKeyReference","DoNotPatchHere","False","False","","False","This is a key/reference; translate the resolved text entry instead."
"Content\Config\OnMap\Units.xml","Units.original.xml","unit","UNIT_BANDIT_CAVALRY","description","","TEXT.Description.Profession.BanditCavalry","41","TextKeyReference","DoNotPatchHere","False","False","","False","This is a key/reference; translate the resolved text entry instead."
"Content\Config\OnMap\Units.xml","Units.original.xml","unit","UNIT_SLAVE_INFANTRY","name","","TEXT.Name.Profession.SlaveInfantry","34","TextKeyReference","DoNotPatchHere","False","False","","False","This is a key/reference; translate the resolved text entry instead."
"Content\Config\OnMap\Units.xml","Units.original.xml","unit","UNIT_SLAVE_INFANTRY","description","","TEXT.Description.Profession.SlaveInfantry","41","TextKeyReference","DoNotPatchHere","False","False","","False","This is a key/reference; translate the resolved text entry instead."
"Content\Config\OnMap\Weathers.xml","Weathers.original.xml","weather","WEATHER_BLIZZARD","name","","Blizzard","8","UnclassifiedLiteral","ReviewRequired","False","False","","False","No established safe patching rule yet."
"Content\Config\OnMap\Weathers.xml","Weathers.original.xml","weather","WEATHER_BLIZZARD","description","","ERROR","5","CodeOrAbbreviation","DoNotPatchHere","False","False","","False","Likely a compact UI code or logic abbreviation."
"Content\Config\OnMap\Weathers.xml","Weathers.original.xml","weather","WEATHER_DROUGHT","name","","Drought","7","UnclassifiedLiteral","ReviewRequired","False","False","","False","No established safe patching rule yet."
"Content\Config\OnMap\Weathers.xml","Weathers.original.xml","weather","WEATHER_DROUGHT","description","","ERROR","5","CodeOrAbbreviation","DoNotPatchHere","False","False","","False","Likely a compact UI code or logic abbreviation."
"Content\Config\OnMap\Weathers.xml","Weathers.original.xml","weather","WEATHER_RAIN_COASTAL_WINTER","name","","Rain - Coastal Winter","21","UnclassifiedLiteral","ReviewRequired","False","False","","False","No established safe patching rule yet."
"Content\Config\OnMap\Weathers.xml","Weathers.original.xml","weather","WEATHER_RAIN_COASTAL_WINTER","description","","ERROR","5","CodeOrAbbreviation","DoNotPatchHere","False","False","","False","Likely a compact UI code or logic abbreviation."
"Content\Config\OnMap\Weathers.xml","Weathers.original.xml","weather","WEATHER_RAIN_CONTINENTAL_SUMMER","name","","Rain - Continental Summer","25","UnclassifiedLiteral","ReviewRequired","False","False","","False","No established safe patching rule yet."
"Content\Config\OnMap\Weathers.xml","Weathers.original.xml","weather","WEATHER_RAIN_CONTINENTAL_SUMMER","description","","ERROR","5","CodeOrAbbreviation","DoNotPatchHere","False","False","","False","Likely a compact UI code or logic abbreviation."
"Content\Config\OnMap\Weathers.xml","Weathers.original.xml","weather","WEATHER_RAIN_UNSEASONAL","name","","Rain - Unseasonal","17","UnclassifiedLiteral","ReviewRequired","False","False","","False","No established safe patching rule yet."
"Content\Config\OnMap\Weathers.xml","Weathers.original.xml","weather","WEATHER_RAIN_UNSEASONAL","description","","ERROR","5","CodeOrAbbreviation","DoNotPatchHere","False","False","","False","Likely a compact UI code or logic abbreviation."
"Content\Config\OnMap\ZoneTraits.xml","ZoneTraits.original.xml","zoneTrait","TRAIT_START_LOCATION_FOOD","name","","Starting Food","13","UnclassifiedLiteral","ReviewRequired","False","False","","False","No established safe patching rule yet."
"Content\Config\OnMap\ZoneTraits.xml","ZoneTraits.original.xml","zoneTrait","TRAIT_START_LOCATION_FOOD","description","","TODO","4","TodoPlaceholder","Skip","False","False","","False","Developer placeholder, not player-facing prose."
"Content\Config\OnMap\ZoneTraits.xml","ZoneTraits.original.xml","zoneTrait","TRAIT_GOLD","name","","Gold","4","UnclassifiedLiteral","ReviewRequired","False","False","","False","No established safe patching rule yet."
"Content\Config\OnMap\ZoneTraits.xml","ZoneTraits.original.xml","zoneTrait","TRAIT_GOLD","description","","TODO","4","TodoPlaceholder","Skip","False","False","","False","Developer placeholder, not player-facing prose."
"Content\Config\OnMap\ZoneTraits.xml","ZoneTraits.original.xml","zoneTrait","TRAIT_GOLD_BARREN_CLUSTER","name","","Gold Barren Cluster","19","UnclassifiedLiteral","ReviewRequired","False","False","","False","No established safe patching rule yet."
"Content\Config\OnMap\ZoneTraits.xml","ZoneTraits.original.xml","zoneTrait","TRAIT_GOLD_BARREN_CLUSTER","description","","TODO","4","TodoPlaceholder","Skip","False","False","","False","Developer placeholder, not player-facing prose."
"Content\Config\OnMap\ZoneTraits.xml","ZoneTraits.original.xml","zoneTrait","TRAIT_GEMS","name","","Gems","4","UnclassifiedLiteral","ReviewRequired","False","False","","False","No established safe patching rule yet."
"Content\Config\OnMap\ZoneTraits.xml","ZoneTraits.original.xml","zoneTrait","TRAIT_GEMS","description","","TODO","4","TodoPlaceholder","Skip","False","False","","False","Developer placeholder, not player-facing prose."
"Content\Config\OnMap\ZoneTraits.xml","ZoneTraits.original.xml","zoneTrait","TRAIT_IRON_CLUSTER","name","","Iron Cluster","12","UnclassifiedLiteral","ReviewRequired","False","False","","False","No established safe patching rule yet."
"Content\Config\OnMap\ZoneTraits.xml","ZoneTraits.original.xml","zoneTrait","TRAIT_IRON_CLUSTER","description","","TODO","4","TodoPlaceholder","Skip","False","False","","False","Developer placeholder, not player-facing prose."
"Content\Config\OnMap\ZoneTraits.xml","ZoneTraits.original.xml","zoneTrait","TRAIT_IRON_BARREN_CLUSTER","name","","Iron Barren Cluster","19","UnclassifiedLiteral","ReviewRequired","False","False","","False","No established safe patching rule yet."
"Content\Config\OnMap\ZoneTraits.xml","ZoneTraits.original.xml","zoneTrait","TRAIT_IRON_BARREN_CLUSTER","description","","TODO","4","TodoPlaceholder","Skip","False","False","","False","Developer placeholder, not player-facing prose."
"Content\Config\OnMap\ZoneTraits.xml","ZoneTraits.original.xml","zoneTrait","TRAIT_IRON","name","","Iron","4","UnclassifiedLiteral","ReviewRequired","False","False","","False","No established safe patching rule yet."
"Content\Config\OnMap\ZoneTraits.xml","ZoneTraits.original.xml","zoneTrait","TRAIT_IRON","description","","TODO","4","TodoPlaceholder","Skip","False","False","","False","Developer placeholder, not player-facing prose."
"Content\Config\OnMap\ZoneTraits.xml","ZoneTraits.original.xml","zoneTrait","TRAIT_METEORITE","name","","Meteorite","9","UnclassifiedLiteral","ReviewRequired","False","False","","False","No established safe patching rule yet."
"Content\Config\OnMap\ZoneTraits.xml","ZoneTraits.original.xml","zoneTrait","TRAIT_METEORITE","description","","TODO","4","TodoPlaceholder","Skip","False","False","","False","Developer placeholder, not player-facing prose."
"Content\Config\OnMap\ZoneTraits.xml","ZoneTraits.original.xml","zoneTrait","TRAIT_STONE_CLUSTER","name","","Stone Cluster","13","UnclassifiedLiteral","ReviewRequired","False","False","","False","No established safe patching rule yet."
"Content\Config\OnMap\ZoneTraits.xml","ZoneTraits.original.xml","zoneTrait","TRAIT_STONE_CLUSTER","description","","TODO","4","TodoPlaceholder","Skip","False","False","","False","Developer placeholder, not player-facing prose."
"Content\Config\OnMap\ZoneTraits.xml","ZoneTraits.original.xml","zoneTrait","TRAIT_STONE_HILLS","name","","Stone Hills","11","UnclassifiedLiteral","ReviewRequired","False","False","","False","No established safe patching rule yet."
"Content\Config\OnMap\ZoneTraits.xml","ZoneTraits.original.xml","zoneTrait","TRAIT_STONE_HILLS","description","","TODO","4","TodoPlaceholder","Skip","False","False","","False","Developer placeholder, not player-facing prose."
"Content\Config\OnMap\ZoneTraits.xml","ZoneTraits.original.xml","zoneTrait","TRAIT_STONE","name","","Stone","5","UnclassifiedLiteral","ReviewRequired","False","False","","False","No established safe patching rule yet."
"Content\Config\OnMap\ZoneTraits.xml","ZoneTraits.original.xml","zoneTrait","TRAIT_STONE","description","","TODO","4","TodoPlaceholder","Skip","False","False","","False","Developer placeholder, not player-facing prose."
"Content\Config\OnMap\ZoneTraits.xml","ZoneTraits.original.xml","zoneTrait","TRAIT_COAL","name","","Coal","4","UnclassifiedLiteral","ReviewRequired","False","False","","False","No established safe patching rule yet."
"Content\Config\OnMap\ZoneTraits.xml","ZoneTraits.original.xml","zoneTrait","TRAIT_COAL","description","","TODO","4","TodoPlaceholder","Skip","False","False","","False","Developer placeholder, not player-facing prose."
"Content\Config\OnMap\ZoneTraits.xml","ZoneTraits.original.xml","zoneTrait","TRAIT_PEAT","name","","Peat","4","UnclassifiedLiteral","ReviewRequired","False","False","","False","No established safe patching rule yet."
"Content\Config\OnMap\ZoneTraits.xml","ZoneTraits.original.xml","zoneTrait","TRAIT_PEAT","description","","TODO","4","TodoPlaceholder","Skip","False","False","","False","Developer placeholder, not player-facing prose."
"Content\Config\OnMap\ZoneTraits.xml","ZoneTraits.original.xml","zoneTrait","TRAIT_SALT","name","","Salt","4","UnclassifiedLiteral","ReviewRequired","False","False","","False","No established safe patching rule yet."
"Content\Config\OnMap\ZoneTraits.xml","ZoneTraits.original.xml","zoneTrait","TRAIT_SALT","description","","TODO","4","TodoPlaceholder","Skip","False","False","","False","Developer placeholder, not player-facing prose."
"Content\Config\OnMap\ZoneTraits.xml","ZoneTraits.original.xml","zoneTrait","TRAIT_HORSES_CLUSTER","name","","Horses Cluster","14","UnclassifiedLiteral","ReviewRequired","False","False","","False","No established safe patching rule yet."
"Content\Config\OnMap\ZoneTraits.xml","ZoneTraits.original.xml","zoneTrait","TRAIT_HORSES_CLUSTER","description","","TODO","4","TodoPlaceholder","Skip","False","False","","False","Developer placeholder, not player-facing prose."
"Content\Config\OnMap\ZoneTraits.xml","ZoneTraits.original.xml","zoneTrait","TRAIT_HORSES","name","","Horses","6","UnclassifiedLiteral","ReviewRequired","False","False","","False","No established safe patching rule yet."
"Content\Config\OnMap\ZoneTraits.xml","ZoneTraits.original.xml","zoneTrait","TRAIT_HORSES","description","","TODO","4","TodoPlaceholder","Skip","False","False","","False","Developer placeholder, not player-facing prose."
"Content\Config\OnMap\ZoneTraits.xml","ZoneTraits.original.xml","zoneTrait","TRAIT_PUREBREDS","name","","Purebreds","9","UnclassifiedLiteral","ReviewRequired","False","False","","False","No established safe patching rule yet."
"Content\Config\OnMap\ZoneTraits.xml","ZoneTraits.original.xml","zoneTrait","TRAIT_PUREBREDS","description","","TODO","4","TodoPlaceholder","Skip","False","False","","False","Developer placeholder, not player-facing prose."
"Content\Config\OnMap\ZoneTraits.xml","ZoneTraits.original.xml","zoneTrait","TRAIT_CATTLE_FERTILE","name","","Cattle - Fertile","16","UnclassifiedLiteral","ReviewRequired","False","False","","False","No established safe patching rule yet."
"Content\Config\OnMap\ZoneTraits.xml","ZoneTraits.original.xml","zoneTrait","TRAIT_CATTLE_FERTILE","description","","TODO","4","TodoPlaceholder","Skip","False","False","","False","Developer placeholder, not player-facing prose."
"Content\Config\OnMap\ZoneTraits.xml","ZoneTraits.original.xml","zoneTrait","TRAIT_CATTLE_DRY","name","","Cattle - Dry","12","UnclassifiedLiteral","ReviewRequired","False","False","","False","No established safe patching rule yet."
"Content\Config\OnMap\ZoneTraits.xml","ZoneTraits.original.xml","zoneTrait","TRAIT_CATTLE_DRY","description","","TODO","4","TodoPlaceholder","Skip","False","False","","False","Developer placeholder, not player-facing prose."
"Content\Config\OnMap\ZoneTraits.xml","ZoneTraits.original.xml","zoneTrait","TRAIT_AUROCHS","name","","Aurochs","7","UnclassifiedLiteral","ReviewRequired","False","False","","False","No established safe patching rule yet."
"Content\Config\OnMap\ZoneTraits.xml","ZoneTraits.original.xml","zoneTrait","TRAIT_AUROCHS","description","","TODO","4","TodoPlaceholder","Skip","False","False","","False","Developer placeholder, not player-facing prose."
"Content\Config\OnMap\ZoneTraits.xml","ZoneTraits.original.xml","zoneTrait","TRAIT_SHEEP_FERTILE","name","","Sheep - Fertile","15","UnclassifiedLiteral","ReviewRequired","False","False","","False","No established safe patching rule yet."
"Content\Config\OnMap\ZoneTraits.xml","ZoneTraits.original.xml","zoneTrait","TRAIT_SHEEP_FERTILE","description","","TODO","4","TodoPlaceholder","Skip","False","False","","False","Developer placeholder, not player-facing prose."
"Content\Config\OnMap\ZoneTraits.xml","ZoneTraits.original.xml","zoneTrait","TRAIT_SHEEP_DRY","name","","Sheep - Dry","11","UnclassifiedLiteral","ReviewRequired","False","False","","False","No established safe patching rule yet."
"Content\Config\OnMap\ZoneTraits.xml","ZoneTraits.original.xml","zoneTrait","TRAIT_SHEEP_DRY","description","","TODO","4","TodoPlaceholder","Skip","False","False","","False","Developer placeholder, not player-facing prose."
"Content\Config\OnMap\ZoneTraits.xml","ZoneTraits.original.xml","zoneTrait","TRAIT_PIGS","name","","Pigs","4","UnclassifiedLiteral","ReviewRequired","False","False","","False","No established safe patching rule yet."
"Content\Config\OnMap\ZoneTraits.xml","ZoneTraits.original.xml","zoneTrait","TRAIT_PIGS","description","","TODO","4","TodoPlaceholder","Skip","False","False","","False","Developer placeholder, not player-facing prose."
"Content\Config\OnMap\ZoneTraits.xml","ZoneTraits.original.xml","zoneTrait","TRAIT_DEER","name","","Deer - SERIALIZATION DUMMY","26","UnclassifiedLiteral","ReviewRequired","False","False","","False","No established safe patching rule yet."
"Content\Config\OnMap\ZoneTraits.xml","ZoneTraits.original.xml","zoneTrait","TRAIT_DEER","description","","TODO","4","TodoPlaceholder","Skip","False","False","","False","Developer placeholder, not player-facing prose."
"Content\Config\OnMap\ZoneTraits.xml","ZoneTraits.original.xml","zoneTrait","TRAIT_DEER_COLD","name","","Deer - Cold","11","UnclassifiedLiteral","ReviewRequired","False","False","","False","No established safe patching rule yet."
"Content\Config\OnMap\ZoneTraits.xml","ZoneTraits.original.xml","zoneTrait","TRAIT_DEER_COLD","description","","TODO","4","TodoPlaceholder","Skip","False","False","","False","Developer placeholder, not player-facing prose."
"Content\Config\OnMap\ZoneTraits.xml","ZoneTraits.original.xml","zoneTrait","TRAIT_DEER_WARM","name","","Deer - Warm","11","UnclassifiedLiteral","ReviewRequired","False","False","","False","No established safe patching rule yet."
"Content\Config\OnMap\ZoneTraits.xml","ZoneTraits.original.xml","zoneTrait","TRAIT_DEER_WARM","description","","TODO","4","TodoPlaceholder","Skip","False","False","","False","Developer placeholder, not player-facing prose."
"Content\Config\OnMap\ZoneTraits.xml","ZoneTraits.original.xml","zoneTrait","TRAIT_WHEAT_FERTILE","name","","Wheat - Fertile","15","UnclassifiedLiteral","ReviewRequired","False","False","","False","No established safe patching rule yet."
"Content\Config\OnMap\ZoneTraits.xml","ZoneTraits.original.xml","zoneTrait","TRAIT_WHEAT_FERTILE","description","","TODO","4","TodoPlaceholder","Skip","False","False","","False","Developer placeholder, not player-facing prose."
"Content\Config\OnMap\ZoneTraits.xml","ZoneTraits.original.xml","zoneTrait","TRAIT_WHEAT_DRY","name","","Wheat - Dry","11","UnclassifiedLiteral","ReviewRequired","False","False","","False","No established safe patching rule yet."
"Content\Config\OnMap\ZoneTraits.xml","ZoneTraits.original.xml","zoneTrait","TRAIT_WHEAT_DRY","description","","TODO","4","TodoPlaceholder","Skip","False","False","","False","Developer placeholder, not player-facing prose."
"Content\Config\OnMap\ZoneTraits.xml","ZoneTraits.original.xml","zoneTrait","TRAIT_BERRIES","name","","Berries","7","UnclassifiedLiteral","ReviewRequired","False","False","","False","No established safe patching rule yet."
"Content\Config\OnMap\ZoneTraits.xml","ZoneTraits.original.xml","zoneTrait","TRAIT_BERRIES","description","","TODO","4","TodoPlaceholder","Skip","False","False","","False","Developer placeholder, not player-facing prose."
"Content\Config\OnMap\ZoneTraits.xml","ZoneTraits.original.xml","zoneTrait","TRAIT_BEEHIVE","name","","Beehive","7","UnclassifiedLiteral","ReviewRequired","False","False","","False","No established safe patching rule yet."
"Content\Config\OnMap\ZoneTraits.xml","ZoneTraits.original.xml","zoneTrait","TRAIT_BEEHIVE","description","","TODO","4","TodoPlaceholder","Skip","False","False","","False","Developer placeholder, not player-facing prose."
"Content\Config\OnMap\ZoneTraits.xml","ZoneTraits.original.xml","zoneTrait","TRAIT_FRUIT_TREES","name","","Fruit Trees","11","UnclassifiedLiteral","ReviewRequired","False","False","","False","No established safe patching rule yet."
"Content\Config\OnMap\ZoneTraits.xml","ZoneTraits.original.xml","zoneTrait","TRAIT_FRUIT_TREES","description","","TODO","4","TodoPlaceholder","Skip","False","False","","False","Developer placeholder, not player-facing prose."
"Content\Config\OnMap\ZoneTraits.xml","ZoneTraits.original.xml","zoneTrait","TRAIT_BARLEY","name","","Barley","6","UnclassifiedLiteral","ReviewRequired","False","False","","False","No established safe patching rule yet."
"Content\Config\OnMap\ZoneTraits.xml","ZoneTraits.original.xml","zoneTrait","TRAIT_BARLEY","description","","TODO","4","TodoPlaceholder","Skip","False","False","","False","Developer placeholder, not player-facing prose."
"Content\Config\OnMap\ZoneTraits.xml","ZoneTraits.original.xml","zoneTrait","TRAIT_FLAX_CLUSTER","name","","Flax Cluster","12","UnclassifiedLiteral","ReviewRequired","False","False","","False","No established safe patching rule yet."
"Content\Config\OnMap\ZoneTraits.xml","ZoneTraits.original.xml","zoneTrait","TRAIT_FLAX_CLUSTER","description","","TODO","4","TodoPlaceholder","Skip","False","False","","False","Developer placeholder, not player-facing prose."
"Content\Config\OnMap\ZoneTraits.xml","ZoneTraits.original.xml","zoneTrait","TRAIT_FLAX","name","","Flax","4","UnclassifiedLiteral","ReviewRequired","False","False","","False","No established safe patching rule yet."
"Content\Config\OnMap\ZoneTraits.xml","ZoneTraits.original.xml","zoneTrait","TRAIT_FLAX","description","","TODO","4","TodoPlaceholder","Skip","False","False","","False","Developer placeholder, not player-facing prose."
"Content\Config\OnMap\ZoneTraits.xml","ZoneTraits.original.xml","zoneTrait","TRAIT_OLIVES","name","","Olives","6","UnclassifiedLiteral","ReviewRequired","False","False","","False","No established safe patching rule yet."
"Content\Config\OnMap\ZoneTraits.xml","ZoneTraits.original.xml","zoneTrait","TRAIT_OLIVES","description","","TODO","4","TodoPlaceholder","Skip","False","False","","False","Developer placeholder, not player-facing prose."
"Content\Config\OnMap\ZoneTraits.xml","ZoneTraits.original.xml","zoneTrait","TRAIT_GRAPES","name","","Grapes","6","UnclassifiedLiteral","ReviewRequired","False","False","","False","No established safe patching rule yet."
"Content\Config\OnMap\ZoneTraits.xml","ZoneTraits.original.xml","zoneTrait","TRAIT_GRAPES","description","","TODO","4","TodoPlaceholder","Skip","False","False","","False","Developer placeholder, not player-facing prose."
"Content\Config\OnMap\ZoneTraits.xml","ZoneTraits.original.xml","zoneTrait","TRAIT_STARTING_SEED_NEED_FOOD","name","","Starting Seed: Need Food","24","UnclassifiedLiteral","ReviewRequired","False","False","","False","No established safe patching rule yet."
"Content\Config\OnMap\ZoneTraits.xml","ZoneTraits.original.xml","zoneTrait","TRAIT_STARTING_SEED_NEED_FOOD","description","","TODO","4","TodoPlaceholder","Skip","False","False","","False","Developer placeholder, not player-facing prose."
"Content\Config\OnMap\ZoneTraits.xml","ZoneTraits.original.xml","zoneTrait","TRAIT_GOODY_VILLAGE","name","","Goody: Village","14","UnclassifiedLiteral","ReviewRequired","False","False","","False","No established safe patching rule yet."
"Content\Config\OnMap\ZoneTraits.xml","ZoneTraits.original.xml","zoneTrait","TRAIT_GOODY_VILLAGE","description","","TODO","4","TodoPlaceholder","Skip","False","False","","False","Developer placeholder, not player-facing prose."
"Content\Config\OnMap\ZoneTraits.xml","ZoneTraits.original.xml","zoneTrait","TRAIT_GOODY_FARM","name","","Goody: Farm","11","UnclassifiedLiteral","ReviewRequired","False","False","","False","No established safe patching rule yet."
"Content\Config\OnMap\ZoneTraits.xml","ZoneTraits.original.xml","zoneTrait","TRAIT_GOODY_FARM","description","","TODO","4","TodoPlaceholder","Skip","False","False","","False","Developer placeholder, not player-facing prose."
"Content\Config\OnMap\ZoneTraits.xml","ZoneTraits.original.xml","zoneTrait","TRAIT_GOODY_FORT","name","","Goody: Fort","11","UnclassifiedLiteral","ReviewRequired","False","False","","False","No established safe patching rule yet."
"Content\Config\OnMap\ZoneTraits.xml","ZoneTraits.original.xml","zoneTrait","TRAIT_GOODY_FORT","description","","TODO","4","TodoPlaceholder","Skip","False","False","","False","Developer placeholder, not player-facing prose."
"Content\Config\OnMap\ZoneTraits.xml","ZoneTraits.original.xml","zoneTrait","TRAIT_GOODY_BATTLEFIELD","name","","Goody: Battlefield","18","UnclassifiedLiteral","ReviewRequired","False","False","","False","No established safe patching rule yet."
"Content\Config\OnMap\ZoneTraits.xml","ZoneTraits.original.xml","zoneTrait","TRAIT_GOODY_BATTLEFIELD","description","","TODO","4","TodoPlaceholder","Skip","False","False","","False","Developer placeholder, not player-facing prose."
"Content\Config\OnMap\ZoneTraits.xml","ZoneTraits.original.xml","zoneTrait","TRAIT_GOODY_CITY","name","","Goody: City","11","UnclassifiedLiteral","ReviewRequired","False","False","","False","No established safe patching rule yet."
"Content\Config\OnMap\ZoneTraits.xml","ZoneTraits.original.xml","zoneTrait","TRAIT_GOODY_CITY","description","","TODO","4","TodoPlaceholder","Skip","False","False","","False","Developer placeholder, not player-facing prose."
"Content\Config\OnMap\ZoneTraits.xml","ZoneTraits.original.xml","zoneTrait","TRAIT_GOODY_STARTING_SEED","name","","Goody: Starting Seed","20","UnclassifiedLiteral","ReviewRequired","False","False","","False","No established safe patching rule yet."
"Content\Config\OnMap\ZoneTraits.xml","ZoneTraits.original.xml","zoneTrait","TRAIT_GOODY_STARTING_SEED","description","","TODO","4","TodoPlaceholder","Skip","False","False","","False","Developer placeholder, not player-facing prose."
"Content\Config\OnMap\ZoneTraits.xml","ZoneTraits.original.xml","zoneTrait","TRAIT_COMMUNITY","name","","Community","9","UnclassifiedLiteral","ReviewRequired","False","False","","False","No established safe patching rule yet."
"Content\Config\OnMap\ZoneTraits.xml","ZoneTraits.original.xml","zoneTrait","TRAIT_COMMUNITY","description","","TODO","4","TodoPlaceholder","Skip","False","False","","False","Developer placeholder, not player-facing prose."
"Content\Config\OnMap\ZoneTraits.xml","ZoneTraits.original.xml","zoneTrait","TRAIT_COMMUNITY_CLUSTER","name","","Community Cluster","17","UnclassifiedLiteral","ReviewRequired","False","False","","False","No established safe patching rule yet."
"Content\Config\OnMap\ZoneTraits.xml","ZoneTraits.original.xml","zoneTrait","TRAIT_COMMUNITY_CLUSTER","description","","TODO","4","TodoPlaceholder","Skip","False","False","","False","Developer placeholder, not player-facing prose."
"Content\Config\OnMap\ZoneTraits.xml","ZoneTraits.original.xml","zoneTrait","TRAIT_COMMUNITY_LOGGING_CLUSTER","name","","Logging Cluster","15","UnclassifiedLiteral","ReviewRequired","False","False","","False","No established safe patching rule yet."
"Content\Config\OnMap\ZoneTraits.xml","ZoneTraits.original.xml","zoneTrait","TRAIT_COMMUNITY_LOGGING_CLUSTER","description","","TODO","4","TodoPlaceholder","Skip","False","False","","False","Developer placeholder, not player-facing prose."
"Content\Config\OnMap\ZoneTraits.xml","ZoneTraits.original.xml","zoneTrait","TRAIT_MONASTERY","name","","Monastery","9","UnclassifiedLiteral","ReviewRequired","False","False","","False","No established safe patching rule yet."
"Content\Config\OnMap\ZoneTraits.xml","ZoneTraits.original.xml","zoneTrait","TRAIT_MONASTERY","description","","TODO","4","TodoPlaceholder","Skip","False","False","","False","Developer placeholder, not player-facing prose."
"Content\Config\OnMap\ZoneTraits.xml","ZoneTraits.original.xml","zoneTrait","TRAIT_ANCIENT_SHRINE","name","","Ancient Shrine","14","UnclassifiedLiteral","ReviewRequired","False","False","","False","No established safe patching rule yet."
"Content\Config\OnMap\ZoneTraits.xml","ZoneTraits.original.xml","zoneTrait","TRAIT_ANCIENT_SHRINE","description","","TODO","4","TodoPlaceholder","Skip","False","False","","False","Developer placeholder, not player-facing prose."
"Content\Config\OnMap\ZoneTraits.xml","ZoneTraits.original.xml","zoneTrait","TRAIT_DESTROYED_BRIDGE","name","","Destroyed Bridge","16","UnclassifiedLiteral","ReviewRequired","False","False","","False","No established safe patching rule yet."
"Content\Config\OnMap\ZoneTraits.xml","ZoneTraits.original.xml","zoneTrait","TRAIT_DESTROYED_BRIDGE","description","","TODO","4","TodoPlaceholder","Skip","False","False","","False","Developer placeholder, not player-facing prose."
"Content\Config\OnMap\ZoneTraits.xml","ZoneTraits.original.xml","zoneTrait","TRAIT_ROMAN_DAM","name","","Roman Dam","9","UnclassifiedLiteral","ReviewRequired","False","False","","False","No established safe patching rule yet."
"Content\Config\OnMap\ZoneTraits.xml","ZoneTraits.original.xml","zoneTrait","TRAIT_ROMAN_DAM","description","","TODO","4","TodoPlaceholder","Skip","False","False","","False","Developer placeholder, not player-facing prose."
"Content\Config\OnMap\ZoneTraits.xml","ZoneTraits.original.xml","zoneTrait","TRAIT_BANDIT_CAMP","name","","Bandit Camp","11","UnclassifiedLiteral","ReviewRequired","False","False","","False","No established safe patching rule yet."
"Content\Config\OnMap\ZoneTraits.xml","ZoneTraits.original.xml","zoneTrait","TRAIT_BANDIT_CAMP","description","","TODO","4","TodoPlaceholder","Skip","False","False","","False","Developer placeholder, not player-facing prose."
"Content\Config\OnMap\ZoneTraits.xml","ZoneTraits.original.xml","zoneTrait","TRAIT_BANDIT_FORTRESS","name","","Bandit Fortress","15","UnclassifiedLiteral","ReviewRequired","False","False","","False","No established safe patching rule yet."
"Content\Config\OnMap\ZoneTraits.xml","ZoneTraits.original.xml","zoneTrait","TRAIT_BANDIT_FORTRESS","description","","TODO","4","TodoPlaceholder","Skip","False","False","","False","Developer placeholder, not player-facing prose."
"Content\Config\OnMap\ZoneTraits.xml","ZoneTraits.original.xml","zoneTrait","TRAIT_SLAVE_CAMP","name","","Slave Camp","10","UnclassifiedLiteral","ReviewRequired","False","False","","False","No established safe patching rule yet."
"Content\Config\OnMap\ZoneTraits.xml","ZoneTraits.original.xml","zoneTrait","TRAIT_SLAVE_CAMP","description","","TODO","4","TodoPlaceholder","Skip","False","False","","False","Developer placeholder, not player-facing prose."
"Content\Config\OnMap\ZoneTraits.xml","ZoneTraits.original.xml","zoneTrait","TRAIT_BANDIT_CAMP_DESERT","name","","Bandit Camp - Desert","20","UnclassifiedLiteral","ReviewRequired","False","False","","False","No established safe patching rule yet."
"Content\Config\OnMap\ZoneTraits.xml","ZoneTraits.original.xml","zoneTrait","TRAIT_BANDIT_CAMP_DESERT","description","","TODO","4","TodoPlaceholder","Skip","False","False","","False","Developer placeholder, not player-facing prose."
"Content\Config\OnMap\ZoneTraits.xml","ZoneTraits.original.xml","zoneTrait","TRAIT_BANDIT_CAMP_WARM","name","","Bandit Camp - Warm","18","UnclassifiedLiteral","ReviewRequired","False","False","","False","No established safe patching rule yet."
"Content\Config\OnMap\ZoneTraits.xml","ZoneTraits.original.xml","zoneTrait","TRAIT_BANDIT_CAMP_WARM","description","","TODO","4","TodoPlaceholder","Skip","False","False","","False","Developer placeholder, not player-facing prose."
"Content\Config\OnMap\ZoneTraits.xml","ZoneTraits.original.xml","zoneTrait","TRAIT_MINERAL_SPRING","name","","Mineral Spring","14","UnclassifiedLiteral","ReviewRequired","False","False","","False","No established safe patching rule yet."
"Content\Config\OnMap\ZoneTraits.xml","ZoneTraits.original.xml","zoneTrait","TRAIT_MINERAL_SPRING","description","","TODO","4","TodoPlaceholder","Skip","False","False","","False","Developer placeholder, not player-facing prose."
"Content\Config\OnMap\ZoneTraits.xml","ZoneTraits.original.xml","zoneTrait","TRAIT_RARE_FOREST","name","","Rare Forest","11","UnclassifiedLiteral","ReviewRequired","False","False","","False","No established safe patching rule yet."
"Content\Config\OnMap\ZoneTraits.xml","ZoneTraits.original.xml","zoneTrait","TRAIT_RARE_FOREST","description","","TODO","4","TodoPlaceholder","Skip","False","False","","False","Developer placeholder, not player-facing prose."
"Content\Config\OnMap\ZoneTraits.xml","ZoneTraits.original.xml","zoneTrait","TRAIT_VOLCANO","name","","Volcano","7","UnclassifiedLiteral","ReviewRequired","False","False","","False","No established safe patching rule yet."
"Content\Config\OnMap\ZoneTraits.xml","ZoneTraits.original.xml","zoneTrait","TRAIT_VOLCANO","description","","TODO","4","TodoPlaceholder","Skip","False","False","","False","Developer placeholder, not player-facing prose."
"Content\Config\Primary\CaravanLevels.xml","CaravanLevels.original.xml","caravanLevel","CARAVANLEVEL_1","name","","...","3","UnclassifiedLiteral","ReviewRequired","False","False","","False","No established safe patching rule yet."
"Content\Config\Primary\CaravanLevels.xml","CaravanLevels.original.xml","caravanLevel","CARAVANLEVEL_1","description","","...","3","UnclassifiedLiteral","ReviewRequired","False","False","","False","No established safe patching rule yet."
"Content\Config\Primary\CaravanLevels.xml","CaravanLevels.original.xml","caravanLevel","CARAVANLEVEL_2","name","","...","3","UnclassifiedLiteral","ReviewRequired","False","False","","False","No established safe patching rule yet."
"Content\Config\Primary\CaravanLevels.xml","CaravanLevels.original.xml","caravanLevel","CARAVANLEVEL_2","description","","...","3","UnclassifiedLiteral","ReviewRequired","False","False","","False","No established safe patching rule yet."
"Content\Config\Primary\CaravanLevels.xml","CaravanLevels.original.xml","caravanLevel","CARAVANLEVEL_3","name","","...","3","UnclassifiedLiteral","ReviewRequired","False","False","","False","No established safe patching rule yet."
"Content\Config\Primary\CaravanLevels.xml","CaravanLevels.original.xml","caravanLevel","CARAVANLEVEL_3","description","","...","3","UnclassifiedLiteral","ReviewRequired","False","False","","False","No established safe patching rule yet."
"Content\Config\Primary\CaravanLevels.xml","CaravanLevels.original.xml","caravanLevel","CARAVANLEVEL_4","name","","...","3","UnclassifiedLiteral","ReviewRequired","False","False","","False","No established safe patching rule yet."
"Content\Config\Primary\CaravanLevels.xml","CaravanLevels.original.xml","caravanLevel","CARAVANLEVEL_4","description","","...","3","UnclassifiedLiteral","ReviewRequired","False","False","","False","No established safe patching rule yet."
"Content\Config\Primary\CaravanLevels.xml","CaravanLevels.original.xml","caravanLevel","CARAVANLEVEL_5","name","","...","3","UnclassifiedLiteral","ReviewRequired","False","False","","False","No established safe patching rule yet."
"Content\Config\Primary\CaravanLevels.xml","CaravanLevels.original.xml","caravanLevel","CARAVANLEVEL_5","description","","...","3","UnclassifiedLiteral","ReviewRequired","False","False","","False","No established safe patching rule yet."
"Content\Config\Primary\ClanCrimes.xml","ClanCrimes.original.xml","clanCrime","CRIME_Theft","name","","commit Theft","12","UnclassifiedLiteral","ReviewRequired","False","False","","False","No established safe patching rule yet."
"Content\Config\Primary\ClanCrimes.xml","ClanCrimes.original.xml","clanCrime","CRIME_Theft","description","","(NAME) stole food belonging to another [Clan|CLAN].","51","UnclassifiedLiteral","ReviewRequired","False","False","(NAME) [Clan|CLAN]","False","No established safe patching rule yet."
"Content\Config\Primary\ClanCrimes.xml","ClanCrimes.original.xml","clanCrime","CRIME_Brawl","name","","engage in Brawls","16","UnclassifiedLiteral","ReviewRequired","False","False","","False","No established safe patching rule yet."
"Content\Config\Primary\ClanCrimes.xml","ClanCrimes.original.xml","clanCrime","CRIME_Brawl","description","","(NAME) became embroiled in a large, violent brawl.","50","UnclassifiedLiteral","ReviewRequired","False","False","(NAME)","False","No established safe patching rule yet."
"Content\Config\Primary\ClanDesires.xml","ClanDesires.original.xml","clanDesire","DESIRE_Profession_Active","name","","Wanderlust","10","UnclassifiedLiteral","ReviewRequired","False","False","","False","No established safe patching rule yet."
"Content\Config\Primary\ClanDesires.xml","ClanDesires.original.xml","clanDesire","DESIRE_Profession_Active","description","","(NAME) has (INTENSITY) switching to an [Active|ACTIVE] [Profession|PROFESSION].","79","UnclassifiedLiteral","ReviewRequired","False","False","(NAME) (INTENSITY) [Active|ACTIVE] [Profession|PROFESSION]","False","No established safe patching rule yet."
"Content\Config\Primary\ClanDesires.xml","ClanDesires.original.xml","clanDesire","DESIRE_Profession_Settled","name","","A City Life","11","UnclassifiedLiteral","ReviewRequired","False","False","","False","No established safe patching rule yet."
"Content\Config\Primary\ClanDesires.xml","ClanDesires.original.xml","clanDesire","DESIRE_Profession_Settled","description","","(NAME) has (INTENSITY) switching to a [Settled|SETTLED] [Profession|PROFESSION].","80","UnclassifiedLiteral","ReviewRequired","False","False","(NAME) (INTENSITY) [Settled|SETTLED] [Profession|PROFESSION]","False","No established safe patching rule yet."
"Content\Config\Primary\ClanDesires.xml","ClanDesires.original.xml","clanDesire","DESIRE_Profession_SettledOrResident","name","","Home Sweet Home","15","UnclassifiedLiteral","ReviewRequired","False","False","","False","No established safe patching rule yet."
"Content\Config\Primary\ClanDesires.xml","ClanDesires.original.xml","clanDesire","DESIRE_Profession_SettledOrResident","description","","(NAME) has (INTENSITY) switching to either a [Settled|SETTLED] [Profession|PROFESSION] or becoming a [Resident|RESIDENT] of a [Structure|STRUCTURE].","148","UnclassifiedLiteral","ReviewRequired","False","False","(NAME) (INTENSITY) [Settled|SETTLED] [Profession|PROFESSION] [Resident|RESIDENT] [Structure|STRUCTURE]","False","No established safe patching rule yet."
"Content\Config\Primary\ClanDesires.xml","ClanDesires.original.xml","clanDesire","DESIRE_Profession_Warrior","name","","For Glory","9","UnclassifiedLiteral","ReviewRequired","False","False","","False","No established safe patching rule yet."
"Content\Config\Primary\ClanDesires.xml","ClanDesires.original.xml","clanDesire","DESIRE_Profession_Warrior","description","","(NAME) has (INTENSITY) switching to a [Warrior|WARRIOR] [Profession|PROFESSION].","80","UnclassifiedLiteral","ReviewRequired","False","False","(NAME) (INTENSITY) [Warrior|WARRIOR] [Profession|PROFESSION]","False","No established safe patching rule yet."
"Content\Config\Primary\ClanDesires.xml","ClanDesires.original.xml","clanDesire","DESIRE_Profession_Civilian","name","","Swords to Ploughshares","22","UnclassifiedLiteral","ReviewRequired","False","False","","False","No established safe patching rule yet."
"Content\Config\Primary\ClanDesires.xml","ClanDesires.original.xml","clanDesire","DESIRE_Profession_Civilian","description","","(NAME) has (INTENSITY) switching to a [Civilian|CIVILIAN] [Profession|PROFESSION].","82","UnclassifiedLiteral","ReviewRequired","False","False","(NAME) (INTENSITY) [Civilian|CIVILIAN] [Profession|PROFESSION]","False","No established safe patching rule yet."
"Content\Config\Primary\ClanDesires.xml","ClanDesires.original.xml","clanDesire","DESIRE_Profession_Land","name","","Back to Solid Ground","20","UnclassifiedLiteral","ReviewRequired","False","False","","False","No established safe patching rule yet."
"Content\Config\Primary\ClanDesires.xml","ClanDesires.original.xml","clanDesire","DESIRE_Profession_Land","description","","(NAME) has (INTENSITY) switching to a [Profession|PROFESSION] which doesn't have anything to do with the sea.","109","UnclassifiedLiteral","ReviewRequired","False","False","(NAME) (INTENSITY) [Profession|PROFESSION]","False","No established safe patching rule yet."
"Content\Config\Primary\ClanDesires.xml","ClanDesires.original.xml","clanDesire","DESIRE_Discipline_Honor","name","","A Life of Honor","15","UnclassifiedLiteral","ReviewRequired","False","False","","False","No established safe patching rule yet."
"Content\Config\Primary\ClanDesires.xml","ClanDesires.original.xml","clanDesire","DESIRE_Discipline_Honor","description","","(NAME) has (INTENSITY) switching to a [Profession|PROFESSION] in [HONOR].","73","UnclassifiedLiteral","ReviewRequired","False","False","(NAME) (INTENSITY) [Profession|PROFESSION] [HONOR]","False","No established safe patching rule yet."
"Content\Config\Primary\ClanDesires.xml","ClanDesires.original.xml","clanDesire","DESIRE_Discipline_Agriculture","name","","A Life of Cultivation","21","UnclassifiedLiteral","ReviewRequired","False","False","","False","No established safe patching rule yet."
"Content\Config\Primary\ClanDesires.xml","ClanDesires.original.xml","clanDesire","DESIRE_Discipline_Agriculture","description","","(NAME) has (INTENSITY) switching to a [Profession|PROFESSION] in [AGRICULTURE].","79","UnclassifiedLiteral","ReviewRequired","False","False","(NAME) (INTENSITY) [Profession|PROFESSION] [AGRICULTURE]","False","No established safe patching rule yet."
"Content\Config\Primary\ClanDesires.xml","ClanDesires.original.xml","clanDesire","DESIRE_Discipline_Livestock","name","","A Life on the Range","19","UnclassifiedLiteral","ReviewRequired","False","False","","False","No established safe patching rule yet."
"Content\Config\Primary\ClanDesires.xml","ClanDesires.original.xml","clanDesire","DESIRE_Discipline_Livestock","description","","(NAME) has (INTENSITY) switching to a [Profession|PROFESSION] in [LIVESTOCK].","77","UnclassifiedLiteral","ReviewRequired","False","False","(NAME) (INTENSITY) [Profession|PROFESSION] [LIVESTOCK]","False","No established safe patching rule yet."
"Content\Config\Primary\ClanDesires.xml","ClanDesires.original.xml","clanDesire","DESIRE_Discipline_Metalworking","name","","A Life of Iron","14","UnclassifiedLiteral","ReviewRequired","False","False","","False","No established safe patching rule yet."
"Content\Config\Primary\ClanDesires.xml","ClanDesires.original.xml","clanDesire","DESIRE_Discipline_Metalworking","description","","(NAME) has (INTENSITY) switching to a [Profession|PROFESSION] in [METALWORKING].","80","UnclassifiedLiteral","ReviewRequired","False","False","(NAME) (INTENSITY) [Profession|PROFESSION] [METALWORKING]","False","No established safe patching rule yet."
"Content\Config\Primary\ClanDesires.xml","ClanDesires.original.xml","clanDesire","DESIRE_Discipline_Crafting","name","","A Life of Craftsmanship","23","UnclassifiedLiteral","ReviewRequired","False","False","","False","No established safe patching rule yet."
"Content\Config\Primary\ClanDesires.xml","ClanDesires.original.xml","clanDesire","DESIRE_Discipline_Crafting","description","","(NAME) has (INTENSITY) switching to a [Profession|PROFESSION] in [CRAFTING].","76","UnclassifiedLiteral","ReviewRequired","False","False","(NAME) (INTENSITY) [Profession|PROFESSION] [CRAFTING]","False","No established safe patching rule yet."
"Content\Config\Primary\ClanDesires.xml","ClanDesires.original.xml","clanDesire","DESIRE_Discipline_Discovery","name","","A Life of Learning","18","UnclassifiedLiteral","ReviewRequired","False","False","","False","No established safe patching rule yet."
"Content\Config\Primary\ClanDesires.xml","ClanDesires.original.xml","clanDesire","DESIRE_Discipline_Discovery","description","","(NAME) has (INTENSITY) switching to a [Profession|PROFESSION] in [DISCOVERY].","77","UnclassifiedLiteral","ReviewRequired","False","False","(NAME) (INTENSITY) [Profession|PROFESSION] [DISCOVERY]","False","No established safe patching rule yet."
"Content\Config\Primary\ClanDesires.xml","ClanDesires.original.xml","clanDesire","DESIRE_SpecificWork_Rustic","name","","A Life in the Country","21","UnclassifiedLiteral","ReviewRequired","False","False","","False","No established safe patching rule yet."
"Content\Config\Primary\ClanDesires.xml","ClanDesires.original.xml","clanDesire","DESIRE_SpecificWork_Rustic","description","","(NAME) has (INTENSITY) switching to a [Profession|PROFESSION] in [AGRICULTURE] or [LIVESTOCK].","94","UnclassifiedLiteral","ReviewRequired","False","False","(NAME) (INTENSITY) [Profession|PROFESSION] [AGRICULTURE] [LIVESTOCK]","False","No established safe patching rule yet."
"Content\Config\Primary\ClanDesires.xml","ClanDesires.original.xml","clanDesire","DESIRE_SpecificWork_Creative","name","","A Life of Creation","18","UnclassifiedLiteral","ReviewRequired","False","False","","False","No established safe patching rule yet."
"Content\Config\Primary\ClanDesires.xml","ClanDesires.original.xml","clanDesire","DESIRE_SpecificWork_Creative","description","","(NAME) has (INTENSITY) switching to a [Profession|PROFESSION] in [METALWORKING], [CRAFTING], or [DISCOVERY].","108","UnclassifiedLiteral","ReviewRequired","False","False","(NAME) (INTENSITY) [Profession|PROFESSION] [METALWORKING] [CRAFTING] [DISCOVERY]","False","No established safe patching rule yet."
"Content\Config\Primary\ClanDesires.xml","ClanDesires.original.xml","clanDesire","DESIRE_SpecificWork_NotAgriculture","name","","Everything Keeps Dying...","25","UnclassifiedLiteral","ReviewRequired","False","False","","False","No established safe patching rule yet."
"Content\Config\Primary\ClanDesires.xml","ClanDesires.original.xml","clanDesire","DESIRE_SpecificWork_NotAgriculture","description","","(NAME) has (INTENSITY) switching to a [Profession|PROFESSION] outside of [AGRICULTURE].","87","UnclassifiedLiteral","ReviewRequired","False","False","(NAME) (INTENSITY) [Profession|PROFESSION] [AGRICULTURE]","False","No established safe patching rule yet."
"Content\Config\Primary\ClanDesires.xml","ClanDesires.original.xml","clanDesire","DESIRE_SpecificWork_NotLivestock","name","","It Wants to Kill Me!","20","UnclassifiedLiteral","ReviewRequired","False","False","","False","No established safe patching rule yet."
"Content\Config\Primary\ClanDesires.xml","ClanDesires.original.xml","clanDesire","DESIRE_SpecificWork_NotLivestock","description","","(NAME) has (INTENSITY) switching to a [Profession|PROFESSION] outside of [LIVESTOCK].","85","UnclassifiedLiteral","ReviewRequired","False","False","(NAME) (INTENSITY) [Profession|PROFESSION] [LIVESTOCK]","False","No established safe patching rule yet."
"Content\Config\Primary\ClanDesires.xml","ClanDesires.original.xml","clanDesire","DESIRE_SpecificWork_NotMetalworking","name","","Put That Out...","15","UnclassifiedLiteral","ReviewRequired","False","False","","False","No established safe patching rule yet."
"Content\Config\Primary\ClanDesires.xml","ClanDesires.original.xml","clanDesire","DESIRE_SpecificWork_NotMetalworking","description","","(NAME) has (INTENSITY) switching to a [Profession|PROFESSION] outside of [METALWORKING].","88","UnclassifiedLiteral","ReviewRequired","False","False","(NAME) (INTENSITY) [Profession|PROFESSION] [METALWORKING]","False","No established safe patching rule yet."
"Content\Config\Primary\ClanDesires.xml","ClanDesires.original.xml","clanDesire","DESIRE_SpecificWork_NotCrafting","name","","My Thumb!","9","UnclassifiedLiteral","ReviewRequired","False","False","","False","No established safe patching rule yet."
"Content\Config\Primary\ClanDesires.xml","ClanDesires.original.xml","clanDesire","DESIRE_SpecificWork_NotCrafting","description","","(NAME) has (INTENSITY) switching to a [Profession|PROFESSION] outside of [CRAFTING].","84","UnclassifiedLiteral","ReviewRequired","False","False","(NAME) (INTENSITY) [Profession|PROFESSION] [CRAFTING]","False","No established safe patching rule yet."
"Content\Config\Primary\ClanDesires.xml","ClanDesires.original.xml","clanDesire","DESIRE_SpecificWork_NotDiscovery","name","","A Life of Work","14","UnclassifiedLiteral","ReviewRequired","False","False","","False","No established safe patching rule yet."
"Content\Config\Primary\ClanDesires.xml","ClanDesires.original.xml","clanDesire","DESIRE_SpecificWork_NotDiscovery","description","","(NAME) has (INTENSITY) switching to a [Profession|PROFESSION] outside of [DISCOVERY].","85","UnclassifiedLiteral","ReviewRequired","False","False","(NAME) (INTENSITY) [Profession|PROFESSION] [DISCOVERY]","False","No established safe patching rule yet."
"Content\Config\Primary\ClanDesires.xml","ClanDesires.original.xml","clanDesire","DESIRE_Bored","name","","The Itch","8","UnclassifiedLiteral","ReviewRequired","False","False","","False","No established safe patching rule yet."
"Content\Config\Primary\ClanDesires.xml","ClanDesires.original.xml","clanDesire","DESIRE_Bored","description","","(NAME) has (INTENSITY) switching to a [Warrior|WARRIOR] [Profession|PROFESSION].","80","UnclassifiedLiteral","ReviewRequired","False","False","(NAME) (INTENSITY) [Warrior|WARRIOR] [Profession|PROFESSION]","False","No established safe patching rule yet."
"Content\Config\Primary\ClanDesires.xml","ClanDesires.original.xml","clanDesire","DESIRE_Stressed","name","","Overwhelmed","11","UnclassifiedLiteral","ReviewRequired","False","False","","False","No established safe patching rule yet."
"Content\Config\Primary\ClanDesires.xml","ClanDesires.original.xml","clanDesire","DESIRE_Stressed","description","","(NAME) has (INTENSITY) switching to a [Warrior|WARRIOR] [Profession|PROFESSION].","80","UnclassifiedLiteral","ReviewRequired","False","False","(NAME) (INTENSITY) [Warrior|WARRIOR] [Profession|PROFESSION]","False","No established safe patching rule yet."
"Content\Config\Primary\ClanDesires.xml","ClanDesires.original.xml","clanDesire","DESIRE_Warmth","name","","Brrr...","7","UnclassifiedLiteral","ReviewRequired","False","False","","False","No established safe patching rule yet."
"Content\Config\Primary\ClanDesires.xml","ClanDesires.original.xml","clanDesire","DESIRE_Warmth","description","","(NAME) has (INTENSITY) finding a Warm place (either inside the [SETTLEMENT] or as the [Resident|RESIDENT] of a [Structure|STRUCTURE].","133","UnclassifiedLiteral","ReviewRequired","False","False","(NAME) (INTENSITY) [SETTLEMENT] [Resident|RESIDENT] [Structure|STRUCTURE]","False","No established safe patching rule yet."
"Content\Config\Primary\ClanDesires.xml","ClanDesires.original.xml","clanDesire","DESIRE_Feud_SharingTile","name","","One Must Go","11","UnclassifiedLiteral","ReviewRequired","False","False","","False","No established safe patching rule yet."
"Content\Config\Primary\ClanDesires.xml","ClanDesires.original.xml","clanDesire","DESIRE_Feud_SharingTile","description","","A (FEUD-DESC) has broken out between (NAME) and (NAME2) because of repeated clashes caused by spending too much time together! Each is demanding the other be 'Punished' in the [SETTLEMENT].","189","UnclassifiedLiteral","ReviewRequired","False","False","(NAME) (NAME2) [SETTLEMENT]","True","No established safe patching rule yet."
"Content\Config\Primary\ClanDesires.xml","ClanDesires.original.xml","clanDesire","DESIRE_Feud_DramaQueen","name","","Drama Queen","11","UnclassifiedLiteral","ReviewRequired","False","False","","False","No established safe patching rule yet."
"Content\Config\Primary\ClanDesires.xml","ClanDesires.original.xml","clanDesire","DESIRE_Feud_DramaQueen","description","","A (FEUD-DESC) has broken out between (NAME) and (NAME2) over gossip and reputation! Each is demanding the other be 'Punished' in the [SETTLEMENT].","146","UnclassifiedLiteral","ReviewRequired","False","False","(NAME) (NAME2) [SETTLEMENT]","True","No established safe patching rule yet."
"Content\Config\Primary\ClanDesires.xml","ClanDesires.original.xml","clanDesire","DESIRE_Feud_HatesCriminals","name","","Zero Tolerance","14","UnclassifiedLiteral","ReviewRequired","False","False","","False","No established safe patching rule yet."
"Content\Config\Primary\ClanDesires.xml","ClanDesires.original.xml","clanDesire","DESIRE_Feud_HatesCriminals","description","","A (FEUD-DESC) has broken out between (NAME) and (NAME2) because of talk of past criminal behavior! Each is demanding the other be 'Punished' in the [SETTLEMENT].","161","UnclassifiedLiteral","ReviewRequired","False","False","(NAME) (NAME2) [SETTLEMENT]","True","No established safe patching rule yet."
"Content\Config\Primary\ClanDesires.xml","ClanDesires.original.xml","clanDesire","DESIRE_Feud_HatesUnpure","name","","Cleanse the Impure","18","UnclassifiedLiteral","ReviewRequired","False","False","","False","No established safe patching rule yet."
"Content\Config\Primary\ClanDesires.xml","ClanDesires.original.xml","clanDesire","DESIRE_Feud_HatesUnpure","description","","A (FEUD-DESC) has broken out between (NAME) and (NAME2) because of talk of impurity and moral depravity! Each is demanding the other be 'Punished' in the [SETTLEMENT].","167","UnclassifiedLiteral","ReviewRequired","False","False","(NAME) (NAME2) [SETTLEMENT]","True","No established safe patching rule yet."
"Content\Config\Primary\ClanDesires.xml","ClanDesires.original.xml","clanDesire","DESIRE_Feud_HatesBadlyBehaved","name","","Law and Order","13","UnclassifiedLiteral","ReviewRequired","False","False","","False","No established safe patching rule yet."
"Content\Config\Primary\ClanDesires.xml","ClanDesires.original.xml","clanDesire","DESIRE_Feud_HatesBadlyBehaved","description","","A (FEUD-DESC) has broken out between (NAME) and (NAME2) because of perceived public insults about poor behavior! Each is demanding the other be 'Punished' in the [SETTLEMENT].","175","UnclassifiedLiteral","ReviewRequired","False","False","(NAME) (NAME2) [SETTLEMENT]","True","No established safe patching rule yet."
"Content\Config\Primary\ClanDesires.xml","ClanDesires.original.xml","clanDesire","DESIRE_Feud_PersonalityClash_TooNosy","name","","Nosy Neighbors","14","UnclassifiedLiteral","ReviewRequired","False","False","","False","No established safe patching rule yet."
"Content\Config\Primary\ClanDesires.xml","ClanDesires.original.xml","clanDesire","DESIRE_Feud_PersonalityClash_TooNosy","description","","A (FEUD-DESC) has broken out between (NAME) and (NAME2) over the perception of repeated invasions of privacy! Each is demanding the other be 'Punished' in the [SETTLEMENT].","172","UnclassifiedLiteral","ReviewRequired","False","False","(NAME) (NAME2) [SETTLEMENT]","True","No established safe patching rule yet."
"Content\Config\Primary\ClanDesires.xml","ClanDesires.original.xml","clanDesire","DESIRE_Feud_PersonalityClash_Competition","name","","There Can Be Only One","21","UnclassifiedLiteral","ReviewRequired","False","False","","False","No established safe patching rule yet."
"Content\Config\Primary\ClanDesires.xml","ClanDesires.original.xml","clanDesire","DESIRE_Feud_PersonalityClash_Competition","description","","A (FEUD-DESC) has broken out between (NAME) and (NAME2) over who is better than the other! Each is demanding the other be 'Punished' in the [SETTLEMENT].","153","UnclassifiedLiteral","ReviewRequired","False","False","(NAME) (NAME2) [SETTLEMENT]","True","No established safe patching rule yet."
"Content\Config\Primary\ClanDesires.xml","ClanDesires.original.xml","clanDesire","DESIRE_Feud_PersonalityClash_Immorality","name","","Cracking the Whip","17","UnclassifiedLiteral","ReviewRequired","False","False","","False","No established safe patching rule yet."
"Content\Config\Primary\ClanDesires.xml","ClanDesires.original.xml","clanDesire","DESIRE_Feud_PersonalityClash_Immorality","description","","A (FEUD-DESC) has broken out between (NAME) and (NAME2) over talk of immortal behavior and unworthiness to belong to our tribe! Each is demanding the other be 'Punished' in the [SETTLEMENT].","190","UnclassifiedLiteral","ReviewRequired","False","False","(NAME) (NAME2) [SETTLEMENT]","True","No established safe patching rule yet."
"Content\Config\Primary\ClanDesires.xml","ClanDesires.original.xml","clanDesire","DESIRE_Feud_PersonalityClash_TooDemanding","name","","Chill Out","9","UnclassifiedLiteral","ReviewRequired","False","False","","False","No established safe patching rule yet."
"Content\Config\Primary\ClanDesires.xml","ClanDesires.original.xml","clanDesire","DESIRE_Feud_PersonalityClash_TooDemanding","description","","A (FEUD-DESC) has broken out between (NAME) and (NAME2) over claims of incompetence! Each is demanding the other be 'Punished' in the [SETTLEMENT].","147","UnclassifiedLiteral","ReviewRequired","False","False","(NAME) (NAME2) [SETTLEMENT]","True","No established safe patching rule yet."
"Content\Config\Primary\ClanTraits.xml","ClanTraits.original.xml","clanTrait","TRAIT_Adaptable","name","","Adaptable","9","ClanTraitName","SafeDisplay","False","False","","True","Known player-facing trait label; patched by ID."
"Content\Config\Primary\ClanTraits.xml","ClanTraits.original.xml","clanTrait","TRAIT_Adaptable","comments_Intro/comment/text","0","Our old tribe disbanded, but that's alright. Why look back when you're offered new opportunities?","97","ClanTraitDialogue","SafeDisplay","False","True","","True","Player-facing clan dialogue under a stable trait ID."
"Content\Config\Primary\ClanTraits.xml","ClanTraits.original.xml","clanTrait","TRAIT_Adaptable","comments_Intro/comment/text","1","We're looking for a change of scenery. Got room for a few more?","63","ClanTraitDialogue","SafeDisplay","False","True","","True","Player-facing clan dialogue under a stable trait ID."
"Content\Config\Primary\ClanTraits.xml","ClanTraits.original.xml","clanTrait","TRAIT_Adaptable","comments_Random/comment/text","0","Change is good.","15","ClanTraitDialogue","SafeDisplay","False","True","","True","Player-facing clan dialogue under a stable trait ID."
"Content\Config\Primary\ClanTraits.xml","ClanTraits.original.xml","clanTrait","TRAIT_Adaptable","comments_Random/comment/text","1","This kind of easygoing life isn't bad! Just let know if you need a hand with anything though.","93","ClanTraitDialogue","SafeDisplay","False","True","","True","Player-facing clan dialogue under a stable trait ID."
"Content\Config\Primary\ClanTraits.xml","ClanTraits.original.xml","clanTrait","TRAIT_Adaptable","comments_Random/comment/text","2","Yep, sounds fine. I'll do it.","29","ClanTraitDialogue","SafeDisplay","False","True","","True","Player-facing clan dialogue under a stable trait ID."
"Content\Config\Primary\ClanTraits.xml","ClanTraits.original.xml","clanTrait","TRAIT_Adventurous","name","","Adventurous","11","ClanTraitName","SafeDisplay","False","False","","True","Known player-facing trait label; patched by ID."
"Content\Config\Primary\ClanTraits.xml","ClanTraits.original.xml","clanTrait","TRAIT_Adventurous","description","","Wants an [Active|ACTIVE] [Profession|PROFESSION] outside the Settlement","71","ClanTraitDescription","SafeDisplay","False","True","[Active|ACTIVE] [Profession|PROFESSION]","True","Player-facing trait tooltip text under a stable trait ID."
"Content\Config\Primary\ClanTraits.xml","ClanTraits.original.xml","clanTrait","TRAIT_Adventurous","comments_Intro/comment/text","0","After looking around a bit we must admit that this place seems very exciting. We'd love to stick around.","104","ClanTraitDialogue","SafeDisplay","False","True","","True","Player-facing clan dialogue under a stable trait ID."
"Content\Config\Primary\ClanTraits.xml","ClanTraits.original.xml","clanTrait","TRAIT_Adventurous","comments_Intro/comment/text","1","We heard about the great things going on over here and just had to come get in on the action! ","94","ClanTraitDialogue","SafeDisplay","False","True","","True","Player-facing clan dialogue under a stable trait ID."
"Content\Config\Primary\ClanTraits.xml","ClanTraits.original.xml","clanTrait","TRAIT_Adventurous","comments_Random/comment/text","0","Live in the moment - tomorrow is never guaranteed.","50","ClanTraitDialogue","SafeDisplay","False","True","","True","Player-facing clan dialogue under a stable trait ID."
"Content\Config\Primary\ClanTraits.xml","ClanTraits.original.xml","clanTrait","TRAIT_Adventurous","comments_Random/comment/text","1","We ought to be making the most of our time rather than wasting it idling. Life is short and there's so much to see and do.","122","ClanTraitDialogue","SafeDisplay","False","True","","True","Player-facing clan dialogue under a stable trait ID."
"Content\Config\Primary\ClanTraits.xml","ClanTraits.original.xml","clanTrait","TRAIT_Adventurous","comments_Random/comment/text","2","Alright, this should be interesting!","36","ClanTraitDialogue","SafeDisplay","False","True","","True","Player-facing clan dialogue under a stable trait ID."
"Content\Config\Primary\ClanTraits.xml","ClanTraits.original.xml","clanTrait","TRAIT_Afraid_of_Animals","name","","Afraid of Animals","17","ClanTraitName","SafeDisplay","False","False","","True","Known player-facing trait label; patched by ID."
"Content\Config\Primary\ClanTraits.xml","ClanTraits.original.xml","clanTrait","TRAIT_Afraid_of_Animals","comments_Intro/comment/text","0","Please let us in, there are bears out there. Bears!","51","ClanTraitDialogue","SafeDisplay","False","True","","True","Player-facing clan dialogue under a stable trait ID."
"Content\Config\Primary\ClanTraits.xml","ClanTraits.original.xml","clanTrait","TRAIT_Afraid_of_Animals","comments_Intro/comment/text","1","Finally... out of the trees and into civilization. You must understand - the forest is absolutely the most terrible place imaginable.","133","ClanTraitDialogue","SafeDisplay","False","True","","True","Player-facing clan dialogue under a stable trait ID."
"Content\Config\Primary\ClanTraits.xml","ClanTraits.original.xml","clanTrait","TRAIT_Afraid_of_Animals","comments_Random/comment/text","0","Whenever one looks into the cold, black eyes of beasts, it's certain they're only thinking one thing... how to kill us all.","123","ClanTraitDialogue","SafeDisplay","False","True","","True","Player-facing clan dialogue under a stable trait ID."
"Content\Config\Primary\ClanTraits.xml","ClanTraits.original.xml","clanTrait","TRAIT_Afraid_of_Animals","comments_Random/comment/text","1","We could make ourselves useful. As long as it doesn't involve touching anything furry.","86","ClanTraitDialogue","SafeDisplay","False","True","","True","Player-facing clan dialogue under a stable trait ID."
"Content\Config\Primary\ClanTraits.xml","ClanTraits.original.xml","clanTrait","TRAIT_Afraid_of_Fire","name","","Afraid of Fire","14","ClanTraitName","SafeDisplay","False","False","","True","Known player-facing trait label; patched by ID."
"Content\Config\Primary\ClanTraits.xml","ClanTraits.original.xml","clanTrait","TRAIT_Afraid_of_Fire","comments_Intro/comment/text","","You have people who start and tend the village cookfires, right? Because we're pretty tired of having to deal with that ourselves.","130","ClanTraitDialogue","SafeDisplay","False","True","","True","Player-facing clan dialogue under a stable trait ID."
"Content\Config\Primary\ClanTraits.xml","ClanTraits.original.xml","clanTrait","TRAIT_Afraid_of_Fire","comments_Random/comment/text","0","Hey, so... how often do *you* have nightmares of burning to death?","66","ClanTraitDialogue","SafeDisplay","False","True","","True","Player-facing clan dialogue under a stable trait ID."
"Content\Config\Primary\ClanTraits.xml","ClanTraits.original.xml","clanTrait","TRAIT_Afraid_of_Fire","comments_Random/comment/text","1","Weird question but, uh, are these tents flammable?","50","ClanTraitDialogue","SafeDisplay","False","True","","True","Player-facing clan dialogue under a stable trait ID."
"Content\Config\Primary\ClanTraits.xml","ClanTraits.original.xml","clanTrait","TRAIT_Afraid_of_Fire","comments_Random/comment/text","2","If you've got an assignment, we'd be glad to hear of it... as long as you're certain it won't involve a fiery demise.","117","ClanTraitDialogue","SafeDisplay","False","True","","True","Player-facing clan dialogue under a stable trait ID."
"Content\Config\Primary\ClanTraits.xml","ClanTraits.original.xml","clanTrait","TRAIT_Afraid_of_Water","name","","Afraid of Water","15","ClanTraitName","SafeDisplay","False","False","","True","Known player-facing trait label; patched by ID."
"Content\Config\Primary\ClanTraits.xml","ClanTraits.original.xml","clanTrait","TRAIT_Afraid_of_Water","comments_Intro/comment/text","","We'd really appreciate a place to stay. Another night out in the rain and we'll certainly lose our minds.","105","ClanTraitDialogue","SafeDisplay","False","True","","True","Player-facing clan dialogue under a stable trait ID."
"Content\Config\Primary\ClanTraits.xml","ClanTraits.original.xml","clanTrait","TRAIT_Afraid_of_Water","comments_Random/comment/text","0","Water. It's the worst.","22","ClanTraitDialogue","SafeDisplay","False","True","","True","Player-facing clan dialogue under a stable trait ID."
"Content\Config\Primary\ClanTraits.xml","ClanTraits.original.xml","clanTrait","TRAIT_Afraid_of_Water","comments_Random/comment/text","1","No tasks that will leave us soaked, please.","43","ClanTraitDialogue","SafeDisplay","False","True","","True","Player-facing clan dialogue under a stable trait ID."
"Content\Config\Primary\ClanTraits.xml","ClanTraits.original.xml","clanTrait","TRAIT_Aggressive","name","","Aggressive","10","ClanTraitName","SafeDisplay","False","False","","True","Known player-facing trait label; patched by ID."
"Content\Config\Primary\ClanTraits.xml","ClanTraits.original.xml","clanTrait","TRAIT_Aggressive","comments_Intro/comment/text","0","You need any faces smashed?","27","ClanTraitDialogue","SafeDisplay","False","True","","True","Player-facing clan dialogue under a stable trait ID."
"Content\Config\Primary\ClanTraits.xml","ClanTraits.original.xml","clanTrait","TRAIT_Aggressive","comments_Intro/comment/text","1","Did someone order a one-clan wrecking crew?","43","ClanTraitDialogue","SafeDisplay","False","True","","True","Player-facing clan dialogue under a stable trait ID."
"Content\Config\Primary\ClanTraits.xml","ClanTraits.original.xml","clanTrait","TRAIT_Aggressive","comments_Random/comment/text","0","You know when you break a nose and it makes that satisfying ""crunch"" sound? Yeah. Was just thinking about that...","113","ClanTraitDialogue","SafeDisplay","False","True","","True","Player-facing clan dialogue under a stable trait ID."
"Content\Config\Primary\ClanTraits.xml","ClanTraits.original.xml","clanTrait","TRAIT_Aggressive","comments_Random/comment/text","1","Just waiting around 'til we can smash some face, I guess.","57","ClanTraitDialogue","SafeDisplay","False","True","","True","Player-facing clan dialogue under a stable trait ID."
"Content\Config\Primary\ClanTraits.xml","ClanTraits.original.xml","clanTrait","TRAIT_Aggressive","comments_Random/comment/text","2","Let's do this!","14","ClanTraitDialogue","SafeDisplay","False","True","","True","Player-facing clan dialogue under a stable trait ID."
"Content\Config\Primary\ClanTraits.xml","ClanTraits.original.xml","clanTrait","TRAIT_All_Thumbs","name","","All Thumbs","10","ClanTraitName","SafeDisplay","False","False","","True","Known player-facing trait label; patched by ID."
"Content\Config\Primary\ClanTraits.xml","ClanTraits.original.xml","clanTrait","TRAIT_All_Thumbs","comments_Intro/comment/text","","What are those sticks with metal shapes on the end that everyone is walking about with?","87","ClanTraitDialogue","SafeDisplay","False","True","","True","Player-facing clan dialogue under a stable trait ID."
"Content\Config\Primary\ClanTraits.xml","ClanTraits.original.xml","clanTrait","TRAIT_All_Thumbs","comments_Random/comment/text","0","Yes... he asked one of us to hold the hammer for a minute... I didn't think what happened would happen. Accidents like that just emphasize the inherent danger of tools.","168","ClanTraitDialogue","SafeDisplay","False","True","","True","Player-facing clan dialogue under a stable trait ID."
"Content\Config\Primary\ClanTraits.xml","ClanTraits.original.xml","clanTrait","TRAIT_All_Thumbs","comments_Random/comment/text","1","Admittedly, it's probably wise keeping us away from all the fancy tool work, but don't make the mistake of thinking we can't be good at anything.","145","ClanTraitDialogue","SafeDisplay","False","True","","True","Player-facing clan dialogue under a stable trait ID."
"Content\Config\Primary\ClanTraits.xml","ClanTraits.original.xml","clanTrait","TRAIT_Apathetic","name","","Apathetic","9","ClanTraitName","SafeDisplay","False","False","","True","Known player-facing trait label; patched by ID."
"Content\Config\Primary\ClanTraits.xml","ClanTraits.original.xml","clanTrait","TRAIT_Apathetic","comments_Intro/comment/text","0","I guess this place is as good as any.","37","ClanTraitDialogue","SafeDisplay","False","True","","True","Player-facing clan dialogue under a stable trait ID."
"Content\Config\Primary\ClanTraits.xml","ClanTraits.original.xml","clanTrait","TRAIT_Apathetic","comments_Intro/comment/text","1","This place looks okay. Might as well stop here.","47","ClanTraitDialogue","SafeDisplay","False","True","","True","Player-facing clan dialogue under a stable trait ID."
"Content\Config\Primary\ClanTraits.xml","ClanTraits.original.xml","clanTrait","TRAIT_Apathetic","comments_Random/comment/text","0","Meh.","4","ClanTraitDialogue","SafeDisplay","False","True","","True","Player-facing clan dialogue under a stable trait ID."
"Content\Config\Primary\ClanTraits.xml","ClanTraits.original.xml","clanTrait","TRAIT_Apathetic","comments_Random/comment/text","1","Job... no job... Let's be honest, does it really matter?","56","ClanTraitDialogue","SafeDisplay","False","True","","True","Player-facing clan dialogue under a stable trait ID."
"Content\Config\Primary\ClanTraits.xml","ClanTraits.original.xml","clanTrait","TRAIT_Apathetic","comments_Random/comment/text","2","Suuure, why not?","16","ClanTraitDialogue","SafeDisplay","False","True","","True","Player-facing clan dialogue under a stable trait ID."
"Content\Config\Primary\ClanTraits.xml","ClanTraits.original.xml","clanTrait","TRAIT_Ascetic","name","","Ascetic","7","ClanTraitName","SafeDisplay","False","False","","True","Known player-facing trait label; patched by ID."
"Content\Config\Primary\ClanTraits.xml","ClanTraits.original.xml","clanTrait","TRAIT_Ascetic","comments_Intro/comment/text","","The gods spoke to us and commanded that we settle here with you. I hope you understand.","87","ClanTraitDialogue","SafeDisplay","False","True","","True","Player-facing clan dialogue under a stable trait ID."
"Content\Config\Primary\ClanTraits.xml","ClanTraits.original.xml","clanTrait","TRAIT_Ascetic","comments_Random/comment/text","0","Sacrifice in this life will be rewarded in the next.","52","ClanTraitDialogue","SafeDisplay","False","True","","True","Player-facing clan dialogue under a stable trait ID."
"Content\Config\Primary\ClanTraits.xml","ClanTraits.original.xml","clanTrait","TRAIT_Ascetic","comments_Random/comment/text","1","The gods smile most upon those who toil.","40","ClanTraitDialogue","SafeDisplay","False","True","","True","Player-facing clan dialogue under a stable trait ID."
"Content\Config\Primary\ClanTraits.xml","ClanTraits.original.xml","clanTrait","TRAIT_Ascetic","comments_Random/comment/text","2","The gods will it: We shall labor.","33","ClanTraitDialogue","SafeDisplay","False","True","","True","Player-facing clan dialogue under a stable trait ID."
"Content\Config\Primary\ClanTraits.xml","ClanTraits.original.xml","clanTrait","TRAIT_Archers","name","","Archers","7","ClanTraitName","SafeDisplay","False","False","","True","Known player-facing trait label; patched by ID."
"Content\Config\Primary\ClanTraits.xml","ClanTraits.original.xml","clanTrait","TRAIT_Attentive","name","","Attentive","9","ClanTraitName","SafeDisplay","False","False","","True","Known player-facing trait label; patched by ID."
"Content\Config\Primary\ClanTraits.xml","ClanTraits.original.xml","clanTrait","TRAIT_Attentive","comments_Intro/comment/text","","On our way over, we noticed a few points of interest in the area. Perhaps we could take a better look for you and report back.","126","ClanTraitDialogue","SafeDisplay","False","True","","True","Player-facing clan dialogue under a stable trait ID."
"Content\Config\Primary\ClanTraits.xml","ClanTraits.original.xml","clanTrait","TRAIT_Attentive","comments_Random/comment/text","0","Not sure if you're aware, but there seems to be a stain on your tunic.","70","ClanTraitDialogue","SafeDisplay","False","True","","True","Player-facing clan dialogue under a stable trait ID."
"Content\Config\Primary\ClanTraits.xml","ClanTraits.original.xml","clanTrait","TRAIT_Attentive","comments_Random/comment/text","1","We'd just like to point out that many other clans are assigned to specific tasks...","83","ClanTraitDialogue","SafeDisplay","False","True","","True","Player-facing clan dialogue under a stable trait ID."
"Content\Config\Primary\ClanTraits.xml","ClanTraits.original.xml","clanTrait","TRAIT_Boisterous","name","","Boisterous","10","ClanTraitName","SafeDisplay","False","False","","True","Known player-facing trait label; patched by ID."
"Content\Config\Primary\ClanTraits.xml","ClanTraits.original.xml","clanTrait","TRAIT_Boisterous","comments_Intro/comment/text","","AHA! You must be the leader of this very... great... tribe! Tonight we drink in your honor!","91","ClanTraitDialogue","SafeDisplay","False","True","","True","Player-facing clan dialogue under a stable trait ID."
"Content\Config\Primary\ClanTraits.xml","ClanTraits.original.xml","clanTrait","TRAIT_Bow_Legged","name","","Bow-Legged","10","ClanTraitName","SafeDisplay","False","False","","True","Known player-facing trait label; patched by ID."
"Content\Config\Primary\ClanTraits.xml","ClanTraits.original.xml","clanTrait","TRAIT_Bow_Legged","comments_Intro/comment/text","0","You wouldn't believe how long it's taken us to get here, and after people told us we didn't have far to go, no less!","116","ClanTraitDialogue","SafeDisplay","False","True","","True","Player-facing clan dialogue under a stable trait ID."
"Content\Config\Primary\ClanTraits.xml","ClanTraits.original.xml","clanTrait","TRAIT_Bow_Legged","comments_Intro/comment/text","1","No, we haven't been riding nonstop for days. In fact we don't even have horses. (new line) ...Why do you ask?","109","ClanTraitDialogue","SafeDisplay","False","True","","True","Player-facing clan dialogue under a stable trait ID."
"Content\Config\Primary\ClanTraits.xml","ClanTraits.original.xml","clanTrait","TRAIT_Brown_Thumb","name","","Brown Thumb","11","ClanTraitName","SafeDisplay","False","False","","True","Known player-facing trait label; patched by ID."
"Content\Config\Primary\ClanTraits.xml","ClanTraits.original.xml","clanTrait","TRAIT_Brown_Thumb","comments_Intro/comment/text","","All our crops died... probably bad soil or something. So we've abandonded that worthless patch. Things growing better over here?","128","ClanTraitDialogue","SafeDisplay","False","True","","True","Player-facing clan dialogue under a stable trait ID."
"Content\Config\Primary\ClanTraits.xml","ClanTraits.original.xml","clanTrait","TRAIT_Brown_Thumb","comments_Random/comment/text","0","People and animals get bigger because we put other things into our stomachs. How is it exactly that plants get bigger? They don't eat! It simply boggles the mind.","162","ClanTraitDialogue","SafeDisplay","False","True","","True","Player-facing clan dialogue under a stable trait ID."
"Content\Config\Primary\ClanTraits.xml","ClanTraits.original.xml","clanTrait","TRAIT_Brown_Thumb","comments_Random/comment/text","1","We've been using all this free time to practice agriculture by growing house plants! That reminds me, what does it mean when the ends of the leaves turn yellow?","160","ClanTraitDialogue","SafeDisplay","False","True","","True","Player-facing clan dialogue under a stable trait ID."
"Content\Config\Primary\ClanTraits.xml","ClanTraits.original.xml","clanTrait","TRAIT_Calm","name","","Calm","4","ClanTraitName","SafeDisplay","False","False","","True","Known player-facing trait label; patched by ID."
"Content\Config\Primary\ClanTraits.xml","ClanTraits.original.xml","clanTrait","TRAIT_Calm","comments_Intro/comment/text","","Greetings. We'd like to join, if we may.","40","ClanTraitDialogue","SafeDisplay","False","True","","True","Player-facing clan dialogue under a stable trait ID."
"Content\Config\Primary\ClanTraits.xml","ClanTraits.original.xml","clanTrait","TRAIT_Calm","comments_Random/comment/text","0","Not sure why people are always feeling the need to cause a fuss.","64","ClanTraitDialogue","SafeDisplay","False","True","","True","Player-facing clan dialogue under a stable trait ID."
"Content\Config\Primary\ClanTraits.xml","ClanTraits.original.xml","clanTrait","TRAIT_Calm","comments_Random/comment/text","1","It's a low-stress existance not having to work, but we wouldn't mind contributing either.","89","ClanTraitDialogue","SafeDisplay","False","True","","True","Player-facing clan dialogue under a stable trait ID."
"Content\Config\Primary\ClanTraits.xml","ClanTraits.original.xml","clanTrait","TRAIT_Charismatic","name","","Charismatic","11","ClanTraitName","SafeDisplay","False","False","","True","Known player-facing trait label; patched by ID."
"Content\Config\Primary\ClanTraits.xml","ClanTraits.original.xml","clanTrait","TRAIT_Charismatic","comments_Intro/comment/text","","On our travels we heard tales of your great leadership. We can already see there's truth to them.","97","ClanTraitDialogue","SafeDisplay","False","True","","True","Player-facing clan dialogue under a stable trait ID."
"Content\Config\Primary\ClanTraits.xml","ClanTraits.original.xml","clanTrait","TRAIT_Competitive","name","","Competitive","11","ClanTraitName","SafeDisplay","False","False","","True","Known player-facing trait label; patched by ID."
"Content\Config\Primary\ClanTraits.xml","ClanTraits.original.xml","clanTrait","TRAIT_Competitive","comments_Intro/comment/text","0","Damn! We didn't beat (CLAN_ON_TILE) here.","41","ClanTraitDialogue","SafeDisplay","False","True","(CLAN_ON_TILE)","True","Player-facing clan dialogue under a stable trait ID."
"Content\Config\Primary\ClanTraits.xml","ClanTraits.original.xml","clanTrait","TRAIT_Competitive","comments_Intro/comment/text","1","Only a 27 day journey. Record time for that distance, you know!","63","ClanTraitDialogue","SafeDisplay","False","True","","True","Player-facing clan dialogue under a stable trait ID."
"Content\Config\Primary\ClanTraits.xml","ClanTraits.original.xml","clanTrait","TRAIT_Confident","name","","Confident","9","ClanTraitName","SafeDisplay","False","False","","True","Known player-facing trait label; patched by ID."
"Content\Config\Primary\ClanTraits.xml","ClanTraits.original.xml","clanTrait","TRAIT_Confident","comments_Intro/comment/text","","Thanks for welcoming us - I assure you that we'll be of value to this community.","80","ClanTraitDialogue","SafeDisplay","False","True","","True","Player-facing clan dialogue under a stable trait ID."
"Content\Config\Primary\ClanTraits.xml","ClanTraits.original.xml","clanTrait","TRAIT_Corrupt","name","","Corrupt","7","ClanTraitName","SafeDisplay","False","False","","True","Known player-facing trait label; patched by ID."
"Content\Config\Primary\ClanTraits.xml","ClanTraits.original.xml","clanTrait","TRAIT_Corrupt","comments_Intro/comment/text","","We're here to get our fair share. You understand, right?","56","ClanTraitDialogue","SafeDisplay","False","True","","True","Player-facing clan dialogue under a stable trait ID."
"Content\Config\Primary\ClanTraits.xml","ClanTraits.original.xml","clanTrait","TRAIT_Craven","name","","Craven","6","ClanTraitName","SafeDisplay","False","False","","True","Known player-facing trait label; patched by ID."
"Content\Config\Primary\ClanTraits.xml","ClanTraits.original.xml","clanTrait","TRAIT_Craven","description","","Will refuse to attack enemy Armies","34","ClanTraitDescription","SafeDisplay","False","True","","True","Player-facing trait tooltip text under a stable trait ID."
"Content\Config\Primary\ClanTraits.xml","ClanTraits.original.xml","clanTrait","TRAIT_Creative","name","","Creative","8","ClanTraitName","SafeDisplay","False","False","","True","Known player-facing trait label; patched by ID."
"Content\Config\Primary\ClanTraits.xml","ClanTraits.original.xml","clanTrait","TRAIT_Creative","comments_Intro/comment/text","","Hmmm, we just came up with an idea on the way here. Would you like to hear about it?","84","ClanTraitDialogue","SafeDisplay","False","True","","True","Player-facing clan dialogue under a stable trait ID."
"Content\Config\Primary\ClanTraits.xml","ClanTraits.original.xml","clanTrait","TRAIT_Curious","name","","Curious","7","ClanTraitName","SafeDisplay","False","False","","True","Known player-facing trait label; patched by ID."
"Content\Config\Primary\ClanTraits.xml","ClanTraits.original.xml","clanTrait","TRAIT_Curious","comments_Intro/comment/text","","So, what's your story?","22","ClanTraitDialogue","SafeDisplay","False","True","","True","Player-facing clan dialogue under a stable trait ID."
"Content\Config\Primary\ClanTraits.xml","ClanTraits.original.xml","clanTrait","TRAIT_Curious","comments_Random/comment/text","","You ever wonder what life will be like for people living appriximately sixteen hundred years from now?","102","ClanTraitDialogue","SafeDisplay","False","True","","True","Player-facing clan dialogue under a stable trait ID."
"Content\Config\Primary\ClanTraits.xml","ClanTraits.original.xml","clanTrait","TRAIT_Dabbler","name","","Dabbler","7","ClanTraitName","SafeDisplay","False","False","","True","Known player-facing trait label; patched by ID."
"Content\Config\Primary\ClanTraits.xml","ClanTraits.original.xml","clanTrait","TRAIT_Demanding","name","","Demanding","9","ClanTraitName","SafeDisplay","False","False","","True","Known player-facing trait label; patched by ID."
"Content\Config\Primary\ClanTraits.xml","ClanTraits.original.xml","clanTrait","TRAIT_Demanding","comments_Intro/comment/text","","We'll be moving in. For how long? Indefinitely. So, have your clans move their tents away from that spot right there - yes, that one, with the nice view - we'll be settling down there.","184","ClanTraitDialogue","SafeDisplay","False","True","","True","Player-facing clan dialogue under a stable trait ID."
"Content\Config\Primary\ClanTraits.xml","ClanTraits.original.xml","clanTrait","TRAIT_Diggers","name","","Diggers","7","ClanTraitName","SafeDisplay","False","False","","True","Known player-facing trait label; patched by ID."
"Content\Config\Primary\ClanTraits.xml","ClanTraits.original.xml","clanTrait","TRAIT_Disfigured","name","","Disfigured","10","ClanTraitName","SafeDisplay","False","False","","True","Known player-facing trait label; patched by ID."
"Content\Config\Primary\ClanTraits.xml","ClanTraits.original.xml","clanTrait","TRAIT_Disgraced","name","","Disgraced","9","ClanTraitName","SafeDisplay","False","False","","True","Known player-facing trait label; patched by ID."
"Content\Config\Primary\ClanTraits.xml","ClanTraits.original.xml","clanTrait","TRAIT_Dramatic","name","","Dramatic","8","ClanTraitName","SafeDisplay","False","False","","True","Known player-facing trait label; patched by ID."
"Content\Config\Primary\ClanTraits.xml","ClanTraits.original.xml","clanTrait","TRAIT_Dutiful","name","","Dutiful","7","ClanTraitName","SafeDisplay","False","False","","True","Known player-facing trait label; patched by ID."
"Content\Config\Primary\ClanTraits.xml","ClanTraits.original.xml","clanTrait","TRAIT_Eager","name","","Eager","5","ClanTraitName","SafeDisplay","False","False","","True","Known player-facing trait label; patched by ID."
"Content\Config\Primary\ClanTraits.xml","ClanTraits.original.xml","clanTrait","TRAIT_Eager","comments_Intro/comment/text","","Ready, able, and willing!","25","ClanTraitDialogue","SafeDisplay","False","True","","True","Player-facing clan dialogue under a stable trait ID."
"Content\Config\Primary\ClanTraits.xml","ClanTraits.original.xml","clanTrait","TRAIT_Easily_Cold","name","","Easily Cold","11","ClanTraitName","SafeDisplay","False","False","","True","Known player-facing trait label; patched by ID."
"Content\Config\Primary\ClanTraits.xml","ClanTraits.original.xml","clanTrait","TRAIT_Easily_Cold","comments_Intro/comment/text","","Don't even think about sending us out in the winter. Seriously.","63","ClanTraitDialogue","SafeDisplay","False","True","","True","Player-facing clan dialogue under a stable trait ID."
"Content\Config\Primary\ClanTraits.xml","ClanTraits.original.xml","clanTrait","TRAIT_Efficient","name","","Efficient","9","ClanTraitName","SafeDisplay","False","False","","True","Known player-facing trait label; patched by ID."
"Content\Config\Primary\ClanTraits.xml","ClanTraits.original.xml","clanTrait","TRAIT_Efficient","comments_Intro/comment/text","","We've arrived earlier than projected and still have plenty of energy - what needs doing?","88","ClanTraitDialogue","SafeDisplay","False","True","","True","Player-facing clan dialogue under a stable trait ID."
"Content\Config\Primary\ClanTraits.xml","ClanTraits.original.xml","clanTrait","TRAIT_Efficient","comments_Random/comment/text","0","The way things are done can often be improved by carefully rethinking one's approach.","85","ClanTraitDialogue","SafeDisplay","False","True","","True","Player-facing clan dialogue under a stable trait ID."
"Content\Config\Primary\ClanTraits.xml","ClanTraits.original.xml","clanTrait","TRAIT_Efficient","comments_Random/comment/text","1","Did you know you're losing a lot of potential gains by not putting every able-bodied clansman to work.","102","ClanTraitDialogue","SafeDisplay","False","True","","True","Player-facing clan dialogue under a stable trait ID."
"Content\Config\Primary\ClanTraits.xml","ClanTraits.original.xml","clanTrait","TRAIT_Eloquent","name","","Eloquent","8","ClanTraitName","SafeDisplay","False","False","","True","Known player-facing trait label; patched by ID."
"Content\Config\Primary\ClanTraits.xml","ClanTraits.original.xml","clanTrait","TRAIT_Envious","name","","Envious","7","ClanTraitName","SafeDisplay","False","False","","True","Known player-facing trait label; patched by ID."
"Content\Config\Primary\ClanTraits.xml","ClanTraits.original.xml","clanTrait","TRAIT_Envious","comments_Intro/comment/text","","Ah, so you're the folks who've been hogging all of the good land for themselves. Seems you're going to have to share it with us now, huh?","137","ClanTraitDialogue","SafeDisplay","False","True","","True","Player-facing clan dialogue under a stable trait ID."
"Content\Config\Primary\ClanTraits.xml","ClanTraits.original.xml","clanTrait","TRAIT_Envious","comments_Random/comment/text","0","Why does everyone else get something to do while we just sit around here?","73","ClanTraitDialogue","SafeDisplay","False","True","","True","Player-facing clan dialogue under a stable trait ID."
"Content\Config\Primary\ClanTraits.xml","ClanTraits.original.xml","clanTrait","TRAIT_Envious","comments_Random/comment/text","1","It's so obvious that (CLAN_ON_TILE)'s tents are bigger than everyone else's? I mean, come on, what did they ever do to deserve that?","132","ClanTraitDialogue","SafeDisplay","False","True","(CLAN_ON_TILE)","True","Player-facing clan dialogue under a stable trait ID."
"Content\Config\Primary\ClanTraits.xml","ClanTraits.original.xml","clanTrait","TRAIT_Envious","comments_Random/comment/text","2","What, really? You want us to be (TRAINING_IN_PROFESSION) while (CLAN_ON_TILE) does... whatever they're doing, while we'd clearly do a much better job at it?","156","ClanTraitDialogue","SafeDisplay","False","True","(TRAINING_IN_PROFESSION) (CLAN_ON_TILE)","True","Player-facing clan dialogue under a stable trait ID."
"Content\Config\Primary\ClanTraits.xml","ClanTraits.original.xml","clanTrait","TRAIT_Epicure","name","","Epicure","7","ClanTraitName","SafeDisplay","False","False","","True","Known player-facing trait label; patched by ID."
"Content\Config\Primary\ClanTraits.xml","ClanTraits.original.xml","clanTrait","TRAIT_Esteemed","name","","Esteemed","8","ClanTraitName","SafeDisplay","False","False","","True","Known player-facing trait label; patched by ID."
"Content\Config\Primary\ClanTraits.xml","ClanTraits.original.xml","clanTrait","TRAIT_Explorers","name","","Explorers","9","ClanTraitName","SafeDisplay","False","False","","True","Known player-facing trait label; patched by ID."
"Content\Config\Primary\ClanTraits.xml","ClanTraits.original.xml","clanTrait","TRAIT_Farmers","name","","Farmers","7","ClanTraitName","SafeDisplay","False","False","","True","Known player-facing trait label; patched by ID."
"Content\Config\Primary\ClanTraits.xml","ClanTraits.original.xml","clanTrait","TRAIT_Fast_Learner","name","","Fast Learner","12","ClanTraitName","SafeDisplay","False","False","","True","Known player-facing trait label; patched by ID."
"Content\Config\Primary\ClanTraits.xml","ClanTraits.original.xml","clanTrait","TRAIT_Fastidious","name","","Fastidious","10","ClanTraitName","SafeDisplay","False","False","","True","Known player-facing trait label; patched by ID."
"Content\Config\Primary\ClanTraits.xml","ClanTraits.original.xml","clanTrait","TRAIT_Fastidious","comments_Intro/comment/text","","Really? That's where you're going to have us stay? This simply will not do. We're going to have to rearrange some things.","121","ClanTraitDialogue","SafeDisplay","False","True","","True","Player-facing clan dialogue under a stable trait ID."
"Content\Config\Primary\ClanTraits.xml","ClanTraits.original.xml","clanTrait","TRAIT_Fecund","name","","Fecund","6","ClanTraitName","SafeDisplay","False","False","","True","Known player-facing trait label; patched by ID."
"Content\Config\Primary\ClanTraits.xml","ClanTraits.original.xml","clanTrait","TRAIT_Fecund","comments_Intro/comment/text","","Thanks for inviting us in, but I must warn you that we may need some extra space. We've got some new additions on the way...!","125","ClanTraitDialogue","SafeDisplay","False","True","","True","Player-facing clan dialogue under a stable trait ID."
"Content\Config\Primary\ClanTraits.xml","ClanTraits.original.xml","clanTrait","TRAIT_Fecund","comments_Random/comment/text","0","There is no higher calling than reproduction, wouldn't you say?","63","ClanTraitDialogue","SafeDisplay","False","True","","True","Player-facing clan dialogue under a stable trait ID."
"Content\Config\Primary\ClanTraits.xml","ClanTraits.original.xml","clanTrait","TRAIT_Fecund","comments_Random/comment/text","1","Only one of two things should occupy a mind at any given time. Those things are Production and Reproduction. At the moment, we're not being productive, so...","157","ClanTraitDialogue","SafeDisplay","False","True","","True","Player-facing clan dialogue under a stable trait ID."
"Content\Config\Primary\ClanTraits.xml","ClanTraits.original.xml","clanTrait","TRAIT_Filthy","name","","Filthy","6","ClanTraitName","SafeDisplay","False","False","","True","Known player-facing trait label; patched by ID."
"Content\Config\Primary\ClanTraits.xml","ClanTraits.original.xml","clanTrait","TRAIT_Filthy","comments_Intro/comment/text","0","Wow... you keep this place really clean.","40","ClanTraitDialogue","SafeDisplay","False","True","","True","Player-facing clan dialogue under a stable trait ID."
"Content\Config\Primary\ClanTraits.xml","ClanTraits.original.xml","clanTrait","TRAIT_Filthy","comments_Intro/comment/text","1","Your people take their shoes off when entering their huts... Strange.","69","ClanTraitDialogue","SafeDisplay","False","True","","True","Player-facing clan dialogue under a stable trait ID."
"Content\Config\Primary\ClanTraits.xml","ClanTraits.original.xml","clanTrait","TRAIT_Filthy","comments_Random/comment/text","0","You do know that washing all the time dries out your skin, right?","65","ClanTraitDialogue","SafeDisplay","False","True","","True","Player-facing clan dialogue under a stable trait ID."
"Content\Config\Primary\ClanTraits.xml","ClanTraits.original.xml","clanTrait","TRAIT_Filthy","comments_Random/comment/text","1","Well, I don't smell it.","23","ClanTraitDialogue","SafeDisplay","False","True","","True","Player-facing clan dialogue under a stable trait ID."
"Content\Config\Primary\ClanTraits.xml","ClanTraits.original.xml","clanTrait","TRAIT_Frail","name","","Frail","5","ClanTraitName","SafeDisplay","False","False","","True","Known player-facing trait label; patched by ID."
"Content\Config\Primary\ClanTraits.xml","ClanTraits.original.xml","clanTrait","TRAIT_Frail","comments_Intro/comment/text","0","We're too weak to go on any further... May we end our travels here?","67","ClanTraitDialogue","SafeDisplay","False","True","","True","Player-facing clan dialogue under a stable trait ID."
"Content\Config\Primary\ClanTraits.xml","ClanTraits.original.xml","clanTrait","TRAIT_Frail","comments_Intro/comment/text","1","Mary's pretty feverish, Ghend's got the runs and Jim's got a broken leg, but other than that, we're good to go.","111","ClanTraitDialogue","SafeDisplay","False","True","","True","Player-facing clan dialogue under a stable trait ID."
"Content\Config\Primary\ClanTraits.xml","ClanTraits.original.xml","clanTrait","TRAIT_Frail","comments_Random/comment/text","","Might... barf...","16","ClanTraitDialogue","SafeDisplay","False","True","","True","Player-facing clan dialogue under a stable trait ID."
"Content\Config\Primary\ClanTraits.xml","ClanTraits.original.xml","clanTrait","TRAIT_Gatherers","name","","Gatherers","9","ClanTraitName","SafeDisplay","False","False","","True","Known player-facing trait label; patched by ID."
"Content\Config\Primary\ClanTraits.xml","ClanTraits.original.xml","clanTrait","TRAIT_Gentle","name","","Gentle","6","ClanTraitName","SafeDisplay","False","False","","True","Known player-facing trait label; patched by ID."
"Content\Config\Primary\ClanTraits.xml","ClanTraits.original.xml","clanTrait","TRAIT_Gentle","comments_Intro/comment/text","","I hope it's alright if we settle along with you and your people here.","69","ClanTraitDialogue","SafeDisplay","False","True","","True","Player-facing clan dialogue under a stable trait ID."
"Content\Config\Primary\ClanTraits.xml","ClanTraits.original.xml","clanTrait","TRAIT_Gluttonous","name","","Gluttonous","10","ClanTraitName","SafeDisplay","False","False","","True","Known player-facing trait label; patched by ID."
"Content\Config\Primary\ClanTraits.xml","ClanTraits.original.xml","clanTrait","TRAIT_Gluttonous","comments_Intro/comment/text","0","Ready your finest meats and clear a table in your dining hall, for we have arrived, and that, my friend, is cause for celebration!","130","ClanTraitDialogue","SafeDisplay","False","True","","True","Player-facing clan dialogue under a stable trait ID."
"Content\Config\Primary\ClanTraits.xml","ClanTraits.original.xml","clanTrait","TRAIT_Gluttonous","comments_Intro/comment/text","1","Weeks of stale trail rations have deepened our appetite.  Open your cupboards, and let us see what you have to quench it.","121","ClanTraitDialogue","SafeDisplay","False","True","","True","Player-facing clan dialogue under a stable trait ID."
"Content\Config\Primary\ClanTraits.xml","ClanTraits.original.xml","clanTrait","TRAIT_Gluttonous","comments_Random/comment/text","0","Tonight, we shall feast!","24","ClanTraitDialogue","SafeDisplay","False","True","","True","Player-facing clan dialogue under a stable trait ID."
"Content\Config\Primary\ClanTraits.xml","ClanTraits.original.xml","clanTrait","TRAIT_Gluttonous","comments_Random/comment/text","1","Do not miss your opportunity to enjoy life's flavors.","53","ClanTraitDialogue","SafeDisplay","False","True","","True","Player-facing clan dialogue under a stable trait ID."
"Content\Config\Primary\ClanTraits.xml","ClanTraits.original.xml","clanTrait","TRAIT_Gluttonous","comments_Random/comment/text","2","Give us something to do, lest we grow fat and lazy.","51","ClanTraitDialogue","SafeDisplay","False","True","","True","Player-facing clan dialogue under a stable trait ID."
"Content\Config\Primary\ClanTraits.xml","ClanTraits.original.xml","clanTrait","TRAIT_Gluttonous","comments_Random/comment/text","3","Ah, that hits the spot!","23","ClanTraitDialogue","SafeDisplay","False","True","","True","Player-facing clan dialogue under a stable trait ID."
"Content\Config\Primary\ClanTraits.xml","ClanTraits.original.xml","clanTrait","TRAIT_Gluttonous","comments_Random/comment/text","4","To where do we travel?  Some place with a fine cuisine, I hope.","63","ClanTraitDialogue","SafeDisplay","False","True","","True","Player-facing clan dialogue under a stable trait ID."
"Content\Config\Primary\ClanTraits.xml","ClanTraits.original.xml","clanTrait","TRAIT_Gluttonous","comments_Random/comment/text","5","Are you sure we've got enough food to make it through the winter?","65","ClanTraitDialogue","SafeDisplay","False","True","","True","Player-facing clan dialogue under a stable trait ID."
"Content\Config\Primary\ClanTraits.xml","ClanTraits.original.xml","clanTrait","TRAIT_Greedy","name","","Greedy","6","ClanTraitName","SafeDisplay","False","False","","True","Known player-facing trait label; patched by ID."
"Content\Config\Primary\ClanTraits.xml","ClanTraits.original.xml","clanTrait","TRAIT_Green_Thumb","name","","Green Thumb","11","ClanTraitName","SafeDisplay","False","False","","True","Known player-facing trait label; patched by ID."
"Content\Config\Primary\ClanTraits.xml","ClanTraits.original.xml","clanTrait","TRAIT_Green_Thumb","comments_Intro/comment/text","","We do truly hope you have some plants which need tending to. We have some skill in such work, you see.","102","ClanTraitDialogue","SafeDisplay","False","True","","True","Player-facing clan dialogue under a stable trait ID."
"Content\Config\Primary\ClanTraits.xml","ClanTraits.original.xml","clanTrait","TRAIT_Gregarious","name","","Gregarious","10","ClanTraitName","SafeDisplay","False","False","","True","Known player-facing trait label; patched by ID."
"Content\Config\Primary\ClanTraits.xml","ClanTraits.original.xml","clanTrait","TRAIT_Gregarious","comments_Intro/comment/text","","Oh the things we've been through. You have no idea. First, there was this strange merchant who wouldn't stop talking about how he found some mineral spring that could heal any wounds. And then...","195","ClanTraitDialogue","SafeDisplay","False","True","","True","Player-facing clan dialogue under a stable trait ID."
"Content\Config\Primary\ClanTraits.xml","ClanTraits.original.xml","clanTrait","TRAIT_Haggler","name","","Haggler","7","ClanTraitName","SafeDisplay","False","False","","True","Known player-facing trait label; patched by ID."
"Content\Config\Primary\ClanTraits.xml","ClanTraits.original.xml","clanTrait","TRAIT_Haggler","comments_Intro/comment/text","","We'll lend you a hand for now, but don't expect us to do so forever. Everything in life has its price.","102","ClanTraitDialogue","SafeDisplay","False","True","","True","Player-facing clan dialogue under a stable trait ID."
"Content\Config\Primary\ClanTraits.xml","ClanTraits.original.xml","clanTrait","TRAIT_Haggler","comments_Random/comment/text","0","When's the next Caravan show up?","32","ClanTraitDialogue","SafeDisplay","False","True","","True","Player-facing clan dialogue under a stable trait ID."
"Content\Config\Primary\ClanTraits.xml","ClanTraits.original.xml","clanTrait","TRAIT_Haggler","comments_Random/comment/text","1","Let us know if there's anyone you need to work out a deal with.","63","ClanTraitDialogue","SafeDisplay","False","True","","True","Player-facing clan dialogue under a stable trait ID."
"Content\Config\Primary\ClanTraits.xml","ClanTraits.original.xml","clanTrait","TRAIT_Handy","name","","Handy","5","ClanTraitName","SafeDisplay","False","False","","True","Known player-facing trait label; patched by ID."
"Content\Config\Primary\ClanTraits.xml","ClanTraits.original.xml","clanTrait","TRAIT_Handy","comments_Intro/comment/text","0","Thanks for taking us in. In return, we'd be happy to build or repair something for you.","87","ClanTraitDialogue","SafeDisplay","False","True","","True","Player-facing clan dialogue under a stable trait ID."
"Content\Config\Primary\ClanTraits.xml","ClanTraits.original.xml","clanTrait","TRAIT_Handy","comments_Intro/comment/text","1","Wait... you mean we can just stay here? No strings attached? Well, that's new.","78","ClanTraitDialogue","SafeDisplay","False","True","","True","Player-facing clan dialogue under a stable trait ID."
"Content\Config\Primary\ClanTraits.xml","ClanTraits.original.xml","clanTrait","TRAIT_Handy","comments_Random/comment/text","0","The ability to use tools is what seperates men from the beasts. The ability to use them well is what seperates men from lesser men!","131","ClanTraitDialogue","SafeDisplay","False","True","","True","Player-facing clan dialogue under a stable trait ID."
"Content\Config\Primary\ClanTraits.xml","ClanTraits.original.xml","clanTrait","TRAIT_Handy","comments_Random/comment/text","1","We can fix that.","16","ClanTraitDialogue","SafeDisplay","False","True","","True","Player-facing clan dialogue under a stable trait ID."
"Content\Config\Primary\ClanTraits.xml","ClanTraits.original.xml","clanTrait","TRAIT_Handy","comments_Random/comment/text","2","Anything you need us to build?","30","ClanTraitDialogue","SafeDisplay","False","True","","True","Player-facing clan dialogue under a stable trait ID."
"Content\Config\Primary\ClanTraits.xml","ClanTraits.original.xml","clanTrait","TRAIT_Herder","name","","Herder","6","ClanTraitName","SafeDisplay","False","False","","True","Known player-facing trait label; patched by ID."
"Content\Config\Primary\ClanTraits.xml","ClanTraits.original.xml","clanTrait","TRAIT_Herder","comments_Intro/comment/text","","Follow sheep around for as long as we have and you'll smell like them too.","74","ClanTraitDialogue","SafeDisplay","False","True","","True","Player-facing clan dialogue under a stable trait ID."
"Content\Config\Primary\ClanTraits.xml","ClanTraits.original.xml","clanTrait","TRAIT_Herder","comments_Random/comment/text","0","Did anyone hear that? I have a baaaad feeling about this...","59","ClanTraitDialogue","SafeDisplay","False","True","","True","Player-facing clan dialogue under a stable trait ID."
"Content\Config\Primary\ClanTraits.xml","ClanTraits.original.xml","clanTrait","TRAIT_Herder","comments_Random/comment/text","1","I keep falling asleep trying to figure out how many sheep we have.","66","ClanTraitDialogue","SafeDisplay","False","True","","True","Player-facing clan dialogue under a stable trait ID."
"Content\Config\Primary\ClanTraits.xml","ClanTraits.original.xml","clanTrait","TRAIT_Herder","comments_Random/comment/text","2","Are there any animals nearby that you'd like us to look after?","62","ClanTraitDialogue","SafeDisplay","False","True","","True","Player-facing clan dialogue under a stable trait ID."
"Content\Config\Primary\ClanTraits.xml","ClanTraits.original.xml","clanTrait","TRAIT_Hillmen","name","","Hillmen","7","ClanTraitName","SafeDisplay","False","False","","True","Known player-facing trait label; patched by ID."
"Content\Config\Primary\ClanTraits.xml","ClanTraits.original.xml","clanTrait","TRAIT_Hillmen","comments_Intro/comment/text","","Although our rugged homeland might be too dangerous to live in now we still know it like the back of our hands.","111","ClanTraitDialogue","SafeDisplay","False","True","","True","Player-facing clan dialogue under a stable trait ID."
"Content\Config\Primary\ClanTraits.xml","ClanTraits.original.xml","clanTrait","TRAIT_Hillmen","comments_Random/comment/text","0","This land is flat like the sea. We don't like the sea.","54","ClanTraitDialogue","SafeDisplay","False","True","","True","Player-facing clan dialogue under a stable trait ID."
"Content\Config\Primary\ClanTraits.xml","ClanTraits.original.xml","clanTrait","TRAIT_Hillmen","comments_Random/comment/text","1","*Yawn*[NEWLINE]Our homeland was never this boring... Maybe we should head back.","79","ClanTraitDialogue","SafeDisplay","False","True","[NEWLINE]","True","Player-facing clan dialogue under a stable trait ID."
"Content\Config\Primary\ClanTraits.xml","ClanTraits.original.xml","clanTrait","TRAIT_Hoarder","name","","Hoarder","7","ClanTraitName","SafeDisplay","False","False","","True","Known player-facing trait label; patched by ID."
"Content\Config\Primary\ClanTraits.xml","ClanTraits.original.xml","clanTrait","TRAIT_Hoarder","comments_Intro/comment/text","","Wait, what?! We have to give it all to you in order to join your tribe? Maybe this wasn't such a good idea after all...","119","ClanTraitDialogue","SafeDisplay","False","True","","True","Player-facing clan dialogue under a stable trait ID."
"Content\Config\Primary\ClanTraits.xml","ClanTraits.original.xml","clanTrait","TRAIT_Hoarder","comments_Random/comment/text","0","Our hut's getting a bit crowded with stuff. We should probably sell some of it off. Well, next Spring maybe...","110","ClanTraitDialogue","SafeDisplay","False","True","","True","Player-facing clan dialogue under a stable trait ID."
"Content\Config\Primary\ClanTraits.xml","ClanTraits.original.xml","clanTrait","TRAIT_Hoarder","comments_Random/comment/text","1","At least having nothing to do gives us time to hide our stuff from everyone's lustful eyes.","91","ClanTraitDialogue","SafeDisplay","False","True","","True","Player-facing clan dialogue under a stable trait ID."
"Content\Config\Primary\ClanTraits.xml","ClanTraits.original.xml","clanTrait","TRAIT_Hunters","name","","Hunters","7","ClanTraitName","SafeDisplay","False","False","","True","Known player-facing trait label; patched by ID."
"Content\Config\Primary\ClanTraits.xml","ClanTraits.original.xml","clanTrait","TRAIT_Imaginative","name","","Imaginative","11","ClanTraitName","SafeDisplay","False","False","","True","Known player-facing trait label; patched by ID."
"Content\Config\Primary\ClanTraits.xml","ClanTraits.original.xml","clanTrait","TRAIT_Imaginative","comments_Intro/comment/text","0","Ah, we meet at last! Yes, we dreamt of this moment. It also foretold that together we would accomplish great things.","116","ClanTraitDialogue","SafeDisplay","False","True","","True","Player-facing clan dialogue under a stable trait ID."
"Content\Config\Primary\ClanTraits.xml","ClanTraits.original.xml","clanTrait","TRAIT_Imaginative","comments_Intro/comment/text","1","Oh!  I was so deep in thought I almost didn't notice this... er... settlement here.","83","ClanTraitDialogue","SafeDisplay","False","True","","True","Player-facing clan dialogue under a stable trait ID."
"Content\Config\Primary\ClanTraits.xml","ClanTraits.original.xml","clanTrait","TRAIT_Imaginative","comments_Random/comment/text","0","Wouldn't it be amazing if we discovered a hidden valley that was home to a plethora of giant, ancient creatures?","112","ClanTraitDialogue","SafeDisplay","False","True","","True","Player-facing clan dialogue under a stable trait ID."
"Content\Config\Primary\ClanTraits.xml","ClanTraits.original.xml","clanTrait","TRAIT_Imaginative","comments_Random/comment/text","1","We've got a few pretty good ideas of some ways we could help out around here.","77","ClanTraitDialogue","SafeDisplay","False","True","","True","Player-facing clan dialogue under a stable trait ID."
"Content\Config\Primary\ClanTraits.xml","ClanTraits.original.xml","clanTrait","TRAIT_Impatient","name","","Impatient","9","ClanTraitName","SafeDisplay","False","False","","True","Known player-facing trait label; patched by ID."
"Content\Config\Primary\ClanTraits.xml","ClanTraits.original.xml","clanTrait","TRAIT_Impatient","comments_Intro/comment/text","","Finally, we made it.[NEWLINE]Hey, are we done yet? We've got a lot to unpack and the longer we talk to you the longer it'll be before we're done.","145","ClanTraitDialogue","SafeDisplay","False","True","[NEWLINE]","True","Player-facing clan dialogue under a stable trait ID."
"Content\Config\Primary\ClanTraits.xml","ClanTraits.original.xml","clanTrait","TRAIT_Impatient","comments_Random/comment/text","0","Do you also find that everything always takes so much longer than you expect it will?","85","ClanTraitDialogue","SafeDisplay","False","True","","True","Player-facing clan dialogue under a stable trait ID."
"Content\Config\Primary\ClanTraits.xml","ClanTraits.original.xml","clanTrait","TRAIT_Impatient","comments_Random/comment/text","1","How much longer before we can actually, you know, do something?","63","ClanTraitDialogue","SafeDisplay","False","True","","True","Player-facing clan dialogue under a stable trait ID."
"Content\Config\Primary\ClanTraits.xml","ClanTraits.original.xml","clanTrait","TRAIT_Impatient","comments_Random/comment/text","2","So... are we there yet?","23","ClanTraitDialogue","SafeDisplay","False","True","","True","Player-facing clan dialogue under a stable trait ID."
"Content\Config\Primary\ClanTraits.xml","ClanTraits.original.xml","clanTrait","TRAIT_Impulsive","name","","Impulsive","9","ClanTraitName","SafeDisplay","False","False","","True","Known player-facing trait label; patched by ID."
"Content\Config\Primary\ClanTraits.xml","ClanTraits.original.xml","clanTrait","TRAIT_Impulsive","comments_Intro/comment/text","","Yes, this is the place we were always meant to be! Don't you agree?[NEWLINE]Wait... what's that over there?","107","ClanTraitDialogue","SafeDisplay","False","True","[NEWLINE]","True","Player-facing clan dialogue under a stable trait ID."
"Content\Config\Primary\ClanTraits.xml","ClanTraits.original.xml","clanTrait","TRAIT_Impulsive","comments_Random/comment/text","0","We changed our mind about that other thing. Now we're thinking it might be nice to have a public bathhouse... OH or a ___ could be neat!","136","ClanTraitDialogue","SafeDisplay","False","True","","True","Player-facing clan dialogue under a stable trait ID."
"Content\Config\Primary\ClanTraits.xml","ClanTraits.original.xml","clanTrait","TRAIT_Impulsive","comments_Random/comment/text","1","Being a Scout sounds like fun... but Blacksmith doesn't sound too bad either...[NEWLINE]Ah, screw it. Where's dinner?","117","ClanTraitDialogue","SafeDisplay","False","True","[NEWLINE]","True","Player-facing clan dialogue under a stable trait ID."
"Content\Config\Primary\ClanTraits.xml","ClanTraits.original.xml","clanTrait","TRAIT_Independent","name","","Independent","11","ClanTraitName","SafeDisplay","False","False","","True","Known player-facing trait label; patched by ID."
"Content\Config\Primary\ClanTraits.xml","ClanTraits.original.xml","clanTrait","TRAIT_Independent","comments_Intro/comment/text","","Unfortunately, it seems we can't stay on our own if we want to keep our heads. Even so, it would be best if you let us do our own thing.[NEWLINE]Deal?","150","ClanTraitDialogue","SafeDisplay","False","True","[NEWLINE]","True","Player-facing clan dialogue under a stable trait ID."
"Content\Config\Primary\ClanTraits.xml","ClanTraits.original.xml","clanTrait","TRAIT_Independent","comments_Random/comment/text","0","Checking in on us again, huh? Do you not trust us or something?","63","ClanTraitDialogue","SafeDisplay","False","True","","True","Player-facing clan dialogue under a stable trait ID."
"Content\Config\Primary\ClanTraits.xml","ClanTraits.original.xml","clanTrait","TRAIT_Independent","comments_Random/comment/text","1","The sooner we can get out of this crowded pile of humanity the better...","72","ClanTraitDialogue","SafeDisplay","False","True","","True","Player-facing clan dialogue under a stable trait ID."
"Content\Config\Primary\ClanTraits.xml","ClanTraits.original.xml","clanTrait","TRAIT_Intimidating","name","","Intimidating","12","ClanTraitName","SafeDisplay","False","False","","True","Known player-facing trait label; patched by ID."
"Content\Config\Primary\ClanTraits.xml","ClanTraits.original.xml","clanTrait","TRAIT_Intimidating","comments_Intro/comment/text","","Yeah, that's right, we're (NAME). What of it? That name mean something to you? We'd better never catch you talking behind our backs.","132","ClanTraitDialogue","SafeDisplay","False","True","(NAME)","True","Player-facing clan dialogue under a stable trait ID."
"Content\Config\Primary\ClanTraits.xml","ClanTraits.original.xml","clanTrait","TRAIT_Intimidating","comments_Random/comment/text","0","If we don't keep the other Clans in line no one will.","53","ClanTraitDialogue","SafeDisplay","False","True","","True","Player-facing clan dialogue under a stable trait ID."
"Content\Config\Primary\ClanTraits.xml","ClanTraits.original.xml","clanTrait","TRAIT_Intimidating","comments_Random/comment/text","1","So, do you have something for us to do yet or are we just going to keep sitting around and scaring little kids?","111","ClanTraitDialogue","SafeDisplay","False","True","","True","Player-facing clan dialogue under a stable trait ID."
"Content\Config\Primary\ClanTraits.xml","ClanTraits.original.xml","clanTrait","TRAIT_Lazy","name","","Lazy","4","ClanTraitName","SafeDisplay","False","False","","True","Known player-facing trait label; patched by ID."
"Content\Config\Primary\ClanTraits.xml","ClanTraits.original.xml","clanTrait","TRAIT_Lazy","comments_Intro/comment/text","0","Phew... You wouldn't believe how long we've been walking now. Had to of been, hell, AT LEAST a few hours.[NEWLINE]So... have you got somewhere we can sit?","154","ClanTraitDialogue","SafeDisplay","False","True","[NEWLINE]","True","Player-facing clan dialogue under a stable trait ID."
"Content\Config\Primary\ClanTraits.xml","ClanTraits.original.xml","clanTrait","TRAIT_Lazy","comments_Intro/comment/text","1","Some time to rest after that slog would be great.","49","ClanTraitDialogue","SafeDisplay","False","True","","True","Player-facing clan dialogue under a stable trait ID."
"Content\Config\Primary\ClanTraits.xml","ClanTraits.original.xml","clanTrait","TRAIT_Lazy","comments_Random/comment/text","0","You know, taking it easy has some real health benefits.","55","ClanTraitDialogue","SafeDisplay","False","True","","True","Player-facing clan dialogue under a stable trait ID."
"Content\Config\Primary\ClanTraits.xml","ClanTraits.original.xml","clanTrait","TRAIT_Lazy","comments_Random/comment/text","1","ZZZZZZZZZZZZZ...[NEWLINE]*snort*","32","ClanTraitDialogue","SafeDisplay","False","True","[NEWLINE]","True","Player-facing clan dialogue under a stable trait ID."
"Content\Config\Primary\ClanTraits.xml","ClanTraits.original.xml","clanTrait","TRAIT_Lazy","comments_Random/comment/text","2","We're glad you agree that life's not all about work.","52","ClanTraitDialogue","SafeDisplay","False","True","","True","Player-facing clan dialogue under a stable trait ID."
"Content\Config\Primary\ClanTraits.xml","ClanTraits.original.xml","clanTrait","TRAIT_Lazy","comments_Random/comment/text","3","Ahhh... lying around and doing nothing is the best.","51","ClanTraitDialogue","SafeDisplay","False","True","","True","Player-facing clan dialogue under a stable trait ID."
"Content\Config\Primary\ClanTraits.xml","ClanTraits.original.xml","clanTrait","TRAIT_Lazy","comments_Random/comment/text","4","Really, an assignment already? We were just getting settled in...","65","ClanTraitDialogue","SafeDisplay","False","True","","True","Player-facing clan dialogue under a stable trait ID."
"Content\Config\Primary\ClanTraits.xml","ClanTraits.original.xml","clanTrait","TRAIT_Lazy","comments_Random/comment/text","5","Sure, I suppose we'll be doing that then. We're all just packhorses to the powerful, after all.","95","ClanTraitDialogue","SafeDisplay","False","True","","True","Player-facing clan dialogue under a stable trait ID."
"Content\Config\Primary\ClanTraits.xml","ClanTraits.original.xml","clanTrait","TRAIT_Leperous","name","","Leperous","8","ClanTraitName","SafeDisplay","False","False","","True","Known player-facing trait label; patched by ID."
"Content\Config\Primary\ClanTraits.xml","ClanTraits.original.xml","clanTrait","TRAIT_Leperous","comments_Intro/comment/text","","Yeah, we know, you don't have to say it. We'll just be... off in the corner. Like always...","91","ClanTraitDialogue","SafeDisplay","False","True","","True","Player-facing clan dialogue under a stable trait ID."
"Content\Config\Primary\ClanTraits.xml","ClanTraits.original.xml","clanTrait","TRAIT_Leperous","comments_Random/comment/text","0","Please... Stop looking at us like that...","41","ClanTraitDialogue","SafeDisplay","False","True","","True","Player-facing clan dialogue under a stable trait ID."
"Content\Config\Primary\ClanTraits.xml","ClanTraits.original.xml","clanTrait","TRAIT_Leperous","comments_Random/comment/text","1","It's not even that contagious, you know...","42","ClanTraitDialogue","SafeDisplay","False","True","","True","Player-facing clan dialogue under a stable trait ID."
"Content\Config\Primary\ClanTraits.xml","ClanTraits.original.xml","clanTrait","TRAIT_Leperous","comments_Random/comment/text","2","Doing nothing isn't so bad. It's a lot better than being silently mocked.","73","ClanTraitDialogue","SafeDisplay","False","True","","True","Player-facing clan dialogue under a stable trait ID."
"Content\Config\Primary\ClanTraits.xml","ClanTraits.original.xml","clanTrait","TRAIT_Leperous","comments_Random/comment/text","3","We really wish (CLAN_ON_TILE) would just stop staring at us... What did we ever do to them...","93","ClanTraitDialogue","SafeDisplay","False","True","(CLAN_ON_TILE)","True","Player-facing clan dialogue under a stable trait ID."
"Content\Config\Primary\ClanTraits.xml","ClanTraits.original.xml","clanTrait","TRAIT_Local","name","","Local","5","ClanTraitName","SafeDisplay","False","False","","True","Known player-facing trait label; patched by ID."
"Content\Config\Primary\ClanTraits.xml","ClanTraits.original.xml","clanTrait","TRAIT_Local","comments_Intro/comment/text","","Ah, we've heard so much about you from the other Clans in the area. If you have some time we can tell you about the best sources of food, rivers to avoid, trees to piss behind. You know, all the important stuff.","211","ClanTraitDialogue","SafeDisplay","False","True","","True","Player-facing clan dialogue under a stable trait ID."
"Content\Config\Primary\ClanTraits.xml","ClanTraits.original.xml","clanTrait","TRAIT_Local","comments_Random/comment/text","0","This is the only place we've ever known. It's hard to believe we'll eventually have to leave it behind one day...","113","ClanTraitDialogue","SafeDisplay","False","True","","True","Player-facing clan dialogue under a stable trait ID."
"Content\Config\Primary\ClanTraits.xml","ClanTraits.original.xml","clanTrait","TRAIT_Local","comments_Random/comment/text","1","You know, if you don't have anything for us to do maybe we could visit our old home. You know, a bit of a vacation?[NEWLINE]Okay, yeah, didn't think so...","154","ClanTraitDialogue","SafeDisplay","False","True","[NEWLINE]","True","Player-facing clan dialogue under a stable trait ID."
"Content\Config\Primary\ClanTraits.xml","ClanTraits.original.xml","clanTrait","TRAIT_Loggers","name","","Loggers","7","ClanTraitName","SafeDisplay","False","False","","True","Known player-facing trait label; patched by ID."
"Content\Config\Primary\ClanTraits.xml","ClanTraits.original.xml","clanTrait","TRAIT_Low_Fertility","name","","Low Fertility","13","ClanTraitName","SafeDisplay","False","False","","True","Known player-facing trait label; patched by ID."
"Content\Config\Primary\ClanTraits.xml","ClanTraits.original.xml","clanTrait","TRAIT_Low_Fertility","comments_Intro/comment/text","","We know our numbers might be small, but we plan on working hard for you.","72","ClanTraitDialogue","SafeDisplay","False","True","","True","Player-facing clan dialogue under a stable trait ID."
"Content\Config\Primary\ClanTraits.xml","ClanTraits.original.xml","clanTrait","TRAIT_Loyal","name","","Loyal","5","ClanTraitName","SafeDisplay","False","False","","True","Known player-facing trait label; patched by ID."
"Content\Config\Primary\ClanTraits.xml","ClanTraits.original.xml","clanTrait","TRAIT_Loyal","comments_Intro/comment/text","","Thank you for taking us in, we promise you will not regret it. As we now owe you a great debt, what would you have us do?","121","ClanTraitDialogue","SafeDisplay","False","True","","True","Player-facing clan dialogue under a stable trait ID."
"Content\Config\Primary\ClanTraits.xml","ClanTraits.original.xml","clanTrait","TRAIT_Loyal","comments_Random/comment/text","0","We live to serve.","17","ClanTraitDialogue","SafeDisplay","False","True","","True","Player-facing clan dialogue under a stable trait ID."
"Content\Config\Primary\ClanTraits.xml","ClanTraits.original.xml","clanTrait","TRAIT_Loyal","comments_Random/comment/text","1","If there is anything, anything at all you need, do not hesitate to call on us.","78","ClanTraitDialogue","SafeDisplay","False","True","","True","Player-facing clan dialogue under a stable trait ID."
"Content\Config\Primary\ClanTraits.xml","ClanTraits.original.xml","clanTrait","TRAIT_Marshmen","name","","Marshmen","8","ClanTraitName","SafeDisplay","False","False","","True","Known player-facing trait label; patched by ID."
"Content\Config\Primary\ClanTraits.xml","ClanTraits.original.xml","clanTrait","TRAIT_Marshmen","comments_Intro/comment/text","","We are called (NAME) and hail from lands soggy and smelly. But dry ground... well, this is new.","95","ClanTraitDialogue","SafeDisplay","False","True","(NAME)","True","Player-facing clan dialogue under a stable trait ID."
"Content\Config\Primary\ClanTraits.xml","ClanTraits.original.xml","clanTrait","TRAIT_Marshmen","comments_Random/comment/text","0","We were going to go by ""Swampmen"" but something about that seemed strange for some reason...","92","ClanTraitDialogue","SafeDisplay","False","True","","True","Player-facing clan dialogue under a stable trait ID."
"Content\Config\Primary\ClanTraits.xml","ClanTraits.original.xml","clanTrait","TRAIT_Marshmen","comments_Random/comment/text","1","We find water to be no great obstacle, should you ever have a job which might take advantage of that.","101","ClanTraitDialogue","SafeDisplay","False","True","","True","Player-facing clan dialogue under a stable trait ID."
"Content\Config\Primary\ClanTraits.xml","ClanTraits.original.xml","clanTrait","TRAIT_Meek","name","","Meek","4","ClanTraitName","SafeDisplay","False","False","","True","Known player-facing trait label; patched by ID."
"Content\Config\Primary\ClanTraits.xml","ClanTraits.original.xml","clanTrait","TRAIT_Meek","comments_Intro/comment/text","","Oh...[NEWLINE]Hello...","22","ClanTraitDialogue","SafeDisplay","False","True","[NEWLINE]","True","Player-facing clan dialogue under a stable trait ID."
"Content\Config\Primary\ClanTraits.xml","ClanTraits.original.xml","clanTrait","TRAIT_Meek","comments_Random/comment/text","0","Um...[NEWLINE]Nevermind.","24","ClanTraitDialogue","SafeDisplay","False","True","[NEWLINE]","True","Player-facing clan dialogue under a stable trait ID."
"Content\Config\Primary\ClanTraits.xml","ClanTraits.original.xml","clanTrait","TRAIT_Meek","comments_Random/comment/text","1","Umm... errr... is it okay that we're just... hanging around and not doing anything...?","86","ClanTraitDialogue","SafeDisplay","False","True","","True","Player-facing clan dialogue under a stable trait ID."
"Content\Config\Primary\ClanTraits.xml","ClanTraits.original.xml","clanTrait","TRAIT_Miners","name","","Miners","6","ClanTraitName","SafeDisplay","False","False","","True","Known player-facing trait label; patched by ID."
"Content\Config\Primary\ClanTraits.xml","ClanTraits.original.xml","clanTrait","TRAIT_Miserable","name","","Miserable","9","ClanTraitName","SafeDisplay","False","False","","True","Known player-facing trait label; patched by ID."
"Content\Config\Primary\ClanTraits.xml","ClanTraits.original.xml","clanTrait","TRAIT_Miserable","description","","Will refuse to [Attack|ATTACK] enemy [Armies|ARMY]","50","ClanTraitDescription","SafeDisplay","False","True","[Attack|ATTACK] [Armies|ARMY]","True","Player-facing trait tooltip text under a stable trait ID."
"Content\Config\Primary\ClanTraits.xml","ClanTraits.original.xml","clanTrait","TRAIT_Miserable","comments_Intro/comment/text","0","There's no real point in going on, but it seems the gods aren't done tormenting us. So... here we are.","102","ClanTraitDialogue","SafeDisplay","False","True","","True","Player-facing clan dialogue under a stable trait ID."
"Content\Config\Primary\ClanTraits.xml","ClanTraits.original.xml","clanTrait","TRAIT_Miserable","comments_Intro/comment/text","1","I suppose ending up in a place like this is better than being dead. Heh, I guess we'll see.","91","ClanTraitDialogue","SafeDisplay","False","True","","True","Player-facing clan dialogue under a stable trait ID."
"Content\Config\Primary\ClanTraits.xml","ClanTraits.original.xml","clanTrait","TRAIT_Miserable","comments_Random/comment/text","0","Sigh.[NEWLINE]This is all so... pointless.","42","ClanTraitDialogue","SafeDisplay","False","True","[NEWLINE]","True","Player-facing clan dialogue under a stable trait ID."
"Content\Config\Primary\ClanTraits.xml","ClanTraits.original.xml","clanTrait","TRAIT_Miserable","comments_Random/comment/text","1","Maybe if we had jobs to distract us life wouldn't seem so terrible...","69","ClanTraitDialogue","SafeDisplay","False","True","","True","Player-facing clan dialogue under a stable trait ID."
"Content\Config\Primary\ClanTraits.xml","ClanTraits.original.xml","clanTrait","TRAIT_Miserable","comments_Random/comment/text","2","So, you really want us to be (TRAINING_IN_PROFESSION)? Seriously? Ugh... this is going to be terrible.","102","ClanTraitDialogue","SafeDisplay","False","True","(TRAINING_IN_PROFESSION)","True","Player-facing clan dialogue under a stable trait ID."
"Content\Config\Primary\ClanTraits.xml","ClanTraits.original.xml","clanTrait","TRAIT_Miserable","comments_Random/comment/text","3","It's so cold. Again. Just like every year. We can't take much more of this...","77","ClanTraitDialogue","SafeDisplay","False","True","","True","Player-facing clan dialogue under a stable trait ID."
"Content\Config\Primary\ClanTraits.xml","ClanTraits.original.xml","clanTrait","TRAIT_Nervous","name","","Nervous","7","ClanTraitName","SafeDisplay","False","False","","True","Known player-facing trait label; patched by ID."
"Content\Config\Primary\ClanTraits.xml","ClanTraits.original.xml","clanTrait","TRAIT_Nervous","comments_Intro/comment/text","","Oh man, can't believe we actually made it here intact... WAIT! That rock just moved! You saw it, didn't you?","108","ClanTraitDialogue","SafeDisplay","False","True","","True","Player-facing clan dialogue under a stable trait ID."
"Content\Config\Primary\ClanTraits.xml","ClanTraits.original.xml","clanTrait","TRAIT_Nervous","comments_Random/comment/text","0","I have a bad feeling about this... About what? I mean... you know, everything!","78","ClanTraitDialogue","SafeDisplay","False","True","","True","Player-facing clan dialogue under a stable trait ID."
"Content\Config\Primary\ClanTraits.xml","ClanTraits.original.xml","clanTrait","TRAIT_Nervous","comments_Random/comment/text","1","Sitting around is the worst... you just think about all the terrible things that can happen. And probably will happen. Ugh...","125","ClanTraitDialogue","SafeDisplay","False","True","","True","Player-facing clan dialogue under a stable trait ID."
"Content\Config\Primary\ClanTraits.xml","ClanTraits.original.xml","clanTrait","TRAIT_Nomadic","name","","Nomadic","7","ClanTraitName","SafeDisplay","False","False","","True","Known player-facing trait label; patched by ID."
"Content\Config\Primary\ClanTraits.xml","ClanTraits.original.xml","clanTrait","TRAIT_Nomadic","comments_Intro/comment/text","","These lands are dangerous, and it seems we are to ride with you for now. Know that we do not intend to remain here forever though.","130","ClanTraitDialogue","SafeDisplay","False","True","","True","Player-facing clan dialogue under a stable trait ID."
"Content\Config\Primary\ClanTraits.xml","ClanTraits.original.xml","clanTrait","TRAIT_Nomadic","comments_Random/comment/text","0","Close your eyes and imagine an endless, beautiful landscape. That was our home. Maybe one day we will return.","109","ClanTraitDialogue","SafeDisplay","False","True","","True","Player-facing clan dialogue under a stable trait ID."
"Content\Config\Primary\ClanTraits.xml","ClanTraits.original.xml","clanTrait","TRAIT_Nomadic","comments_Random/comment/text","1","We find it pretty unsettling to be sitting around all day in giant tents filled with strangers.","95","ClanTraitDialogue","SafeDisplay","False","True","","True","Player-facing clan dialogue under a stable trait ID."
"Content\Config\Primary\ClanTraits.xml","ClanTraits.original.xml","clanTrait","TRAIT_Northmen","name","","Northmen","8","ClanTraitName","SafeDisplay","False","False","","True","Known player-facing trait label; patched by ID."
"Content\Config\Primary\ClanTraits.xml","ClanTraits.original.xml","clanTrait","TRAIT_Northmen","comments_Intro/comment/text","","Greetings! Is it true that your people keep tents up all year? Ha, ridiculous! Summers are far too sweltering for that business.","128","ClanTraitDialogue","SafeDisplay","False","True","","True","Player-facing clan dialogue under a stable trait ID."
"Content\Config\Primary\ClanTraits.xml","ClanTraits.original.xml","clanTrait","TRAIT_Northmen","comments_Random/comment/text","0","Why is everyone wearing shirts while the weather is so fantastic?","65","ClanTraitDialogue","SafeDisplay","False","True","","True","Player-facing clan dialogue under a stable trait ID."
"Content\Config\Primary\ClanTraits.xml","ClanTraits.original.xml","clanTrait","TRAIT_Northmen","comments_Random/comment/text","1","Nothing is as simultaneously practical and fashionable as fur.","62","ClanTraitDialogue","SafeDisplay","False","True","","True","Player-facing clan dialogue under a stable trait ID."
"Content\Config\Primary\ClanTraits.xml","ClanTraits.original.xml","clanTrait","TRAIT_Obedient","name","","Obedient","8","ClanTraitName","SafeDisplay","False","False","","True","Known player-facing trait label; patched by ID."
"Content\Config\Primary\ClanTraits.xml","ClanTraits.original.xml","clanTrait","TRAIT_Obsessive","name","","Obsessive","9","ClanTraitName","SafeDisplay","False","False","","True","Known player-facing trait label; patched by ID."
"Content\Config\Primary\ClanTraits.xml","ClanTraits.original.xml","clanTrait","TRAIT_Obsessive","comments_Intro/comment/text","","We heard about you and talked about coming here and pretty soon we couldn't even think about anything else, so here we are!","123","ClanTraitDialogue","SafeDisplay","False","True","","True","Player-facing clan dialogue under a stable trait ID."
"Content\Config\Primary\ClanTraits.xml","ClanTraits.original.xml","clanTrait","TRAIT_Obsessive","comments_Random/comment/text","0","I've been thinking about that old tree for weeks.","49","ClanTraitDialogue","SafeDisplay","False","True","","True","Player-facing clan dialogue under a stable trait ID."
"Content\Config\Primary\ClanTraits.xml","ClanTraits.original.xml","clanTrait","TRAIT_Obsessive","comments_Random/comment/text","1","We cannot stop thinking about ways we could be of better use to the community.","78","ClanTraitDialogue","SafeDisplay","False","True","","True","Player-facing clan dialogue under a stable trait ID."
"Content\Config\Primary\ClanTraits.xml","ClanTraits.original.xml","clanTrait","TRAIT_Obstinate","name","","Obstinate","9","ClanTraitName","SafeDisplay","False","False","","True","Known player-facing trait label; patched by ID."
"Content\Config\Primary\ClanTraits.xml","ClanTraits.original.xml","clanTrait","TRAIT_Obstinate","comments_Intro/comment/text","","Sure, we agree to join your tribe, but we're going to do things our way. Got it?","80","ClanTraitDialogue","SafeDisplay","False","True","","True","Player-facing clan dialogue under a stable trait ID."
"Content\Config\Primary\ClanTraits.xml","ClanTraits.original.xml","clanTrait","TRAIT_Paranoid","name","","Paranoid","8","ClanTraitName","SafeDisplay","False","False","","True","Known player-facing trait label; patched by ID."
"Content\Config\Primary\ClanTraits.xml","ClanTraits.original.xml","clanTrait","TRAIT_Paranoid","comments_Intro/comment/text","0","A new start will be nice, but it's only a matter of time until everyone here turns against as well. That's just how people are. You can't trust them.","149","ClanTraitDialogue","SafeDisplay","False","True","","True","Player-facing clan dialogue under a stable trait ID."
"Content\Config\Primary\ClanTraits.xml","ClanTraits.original.xml","clanTrait","TRAIT_Paranoid","comments_Intro/comment/text","1","So we can stay?[NEWLINE]Come on, what's the catch?","50","ClanTraitDialogue","SafeDisplay","False","True","[NEWLINE]","True","Player-facing clan dialogue under a stable trait ID."
"Content\Config\Primary\ClanTraits.xml","ClanTraits.original.xml","clanTrait","TRAIT_Paranoid","comments_Random/comment/text","0","It's only paranoia if your theories turn out to be wrong. Otherwise, it's wisdom!","81","ClanTraitDialogue","SafeDisplay","False","True","","True","Player-facing clan dialogue under a stable trait ID."
"Content\Config\Primary\ClanTraits.xml","ClanTraits.original.xml","clanTrait","TRAIT_Paranoid","comments_Random/comment/text","1","The woods are full of eyes...","29","ClanTraitDialogue","SafeDisplay","False","True","","True","Player-facing clan dialogue under a stable trait ID."
"Content\Config\Primary\ClanTraits.xml","ClanTraits.original.xml","clanTrait","TRAIT_Passionate","name","","Passionate","10","ClanTraitName","SafeDisplay","False","False","","True","Known player-facing trait label; patched by ID."
"Content\Config\Primary\ClanTraits.xml","ClanTraits.original.xml","clanTrait","TRAIT_Passionate","comments_Intro/comment/text","","Joining your tribe will be the best thing that ever happens to us, we just know it!","83","ClanTraitDialogue","SafeDisplay","False","True","","True","Player-facing clan dialogue under a stable trait ID."
"Content\Config\Primary\ClanTraits.xml","ClanTraits.original.xml","clanTrait","TRAIT_Peddlers","name","","Peddlers","8","ClanTraitName","SafeDisplay","False","False","","True","Known player-facing trait label; patched by ID."
"Content\Config\Primary\ClanTraits.xml","ClanTraits.original.xml","clanTrait","TRAIT_Perceptive","name","","Perceptive","10","ClanTraitName","SafeDisplay","False","False","","True","Known player-facing trait label; patched by ID."
"Content\Config\Primary\ClanTraits.xml","ClanTraits.original.xml","clanTrait","TRAIT_Petty","name","","Petty","5","ClanTraitName","SafeDisplay","False","False","","True","Known player-facing trait label; patched by ID."
"Content\Config\Primary\ClanTraits.xml","ClanTraits.original.xml","clanTrait","TRAIT_Ranchers","name","","Ranchers","8","ClanTraitName","SafeDisplay","False","False","","True","Known player-facing trait label; patched by ID."
"Content\Config\Primary\ClanTraits.xml","ClanTraits.original.xml","clanTrait","TRAIT_Reapers","name","","Reapers","7","ClanTraitName","SafeDisplay","False","False","","True","Known player-facing trait label; patched by ID."
"Content\Config\Primary\ClanTraits.xml","ClanTraits.original.xml","clanTrait","TRAIT_Reclusive","name","","Reclusive","9","ClanTraitName","SafeDisplay","False","False","","True","Known player-facing trait label; patched by ID."
"Content\Config\Primary\ClanTraits.xml","ClanTraits.original.xml","clanTrait","TRAIT_Reclusive","comments_Intro/comment/text","","Can you just show us which tents are ours?","42","ClanTraitDialogue","SafeDisplay","False","True","","True","Player-facing clan dialogue under a stable trait ID."
"Content\Config\Primary\ClanTraits.xml","ClanTraits.original.xml","clanTrait","TRAIT_Reserved","name","","Reserved","8","ClanTraitName","SafeDisplay","False","False","","True","Known player-facing trait label; patched by ID."
"Content\Config\Primary\ClanTraits.xml","ClanTraits.original.xml","clanTrait","TRAIT_Resourceful","name","","Resourceful","11","ClanTraitName","SafeDisplay","False","False","","True","Known player-facing trait label; patched by ID."
"Content\Config\Primary\ClanTraits.xml","ClanTraits.original.xml","clanTrait","TRAIT_Rivermen","name","","Rivermen","8","ClanTraitName","SafeDisplay","False","False","","True","Known player-facing trait label; patched by ID."
"Content\Config\Primary\ClanTraits.xml","ClanTraits.original.xml","clanTrait","TRAIT_Rivermen","comments_Random/comment/text","","Some people get seasick. Well, I'll be the first to tell you: we get landsick. Yeah. That's a thing","99","ClanTraitDialogue","SafeDisplay","False","True","","True","Player-facing clan dialogue under a stable trait ID."
"Content\Config\Primary\ClanTraits.xml","ClanTraits.original.xml","clanTrait","TRAIT_Rowdy","name","","Rowdy","5","ClanTraitName","SafeDisplay","False","False","","True","Known player-facing trait label; patched by ID."
"Content\Config\Primary\ClanTraits.xml","ClanTraits.original.xml","clanTrait","TRAIT_Rustic","name","","Rustic","6","ClanTraitName","SafeDisplay","False","False","","True","Known player-facing trait label; patched by ID."
"Content\Config\Primary\ClanTraits.xml","ClanTraits.original.xml","clanTrait","TRAIT_Rustic","comments_Random/comment/text","","Sleeping with nothing but the open sky above you is the way to go.","66","ClanTraitDialogue","SafeDisplay","False","True","","True","Player-facing clan dialogue under a stable trait ID."
"Content\Config\Primary\ClanTraits.xml","ClanTraits.original.xml","clanTrait","TRAIT_Sensitive","name","","Sensitive","9","ClanTraitName","SafeDisplay","False","False","","True","Known player-facing trait label; patched by ID."
"Content\Config\Primary\ClanTraits.xml","ClanTraits.original.xml","clanTrait","TRAIT_Sensitive","comments_Intro/comment/text","","Our last clan leader was incredibly ingrateful. We hope you'll be different...","78","ClanTraitDialogue","SafeDisplay","False","True","","True","Player-facing clan dialogue under a stable trait ID."
"Content\Config\Primary\ClanTraits.xml","ClanTraits.original.xml","clanTrait","TRAIT_Smithing_Lineage","name","","Smithing Lineage","16","ClanTraitName","SafeDisplay","False","False","","True","Known player-facing trait label; patched by ID."
"Content\Config\Primary\ClanTraits.xml","ClanTraits.original.xml","clanTrait","TRAIT_Squeamish","name","","Squeamish","9","ClanTraitName","SafeDisplay","False","False","","True","Known player-facing trait label; patched by ID."
"Content\Config\Primary\ClanTraits.xml","ClanTraits.original.xml","clanTrait","TRAIT_Squeamish","comments_Intro/comment/text","","Wait, what was that? You saw it, right?","39","ClanTraitDialogue","SafeDisplay","False","True","","True","Player-facing clan dialogue under a stable trait ID."
"Content\Config\Primary\ClanTraits.xml","ClanTraits.original.xml","clanTrait","TRAIT_Squeamish","comments_Random/comment/text","0","Animals with short tails are the worst, because then you can always see their... their... you know... ","102","ClanTraitDialogue","SafeDisplay","False","True","","True","Player-facing clan dialogue under a stable trait ID."
"Content\Config\Primary\ClanTraits.xml","ClanTraits.original.xml","clanTrait","TRAIT_Squeamish","comments_Random/comment/text","1","The guy in charge of (CLAN_ON_TILE) has this truly monsterous pimple between his eyes. It makes it... quite difficult to even speak with him.","141","ClanTraitDialogue","SafeDisplay","False","True","(CLAN_ON_TILE)","True","Player-facing clan dialogue under a stable trait ID."
"Content\Config\Primary\ClanTraits.xml","ClanTraits.original.xml","clanTrait","TRAIT_Stoic","name","","Stoic","5","ClanTraitName","SafeDisplay","False","False","","True","Known player-facing trait label; patched by ID."
"Content\Config\Primary\ClanTraits.xml","ClanTraits.original.xml","clanTrait","TRAIT_Stoic","comments_Random/comment/text","","We're here when you need us.","28","ClanTraitDialogue","SafeDisplay","False","True","","True","Player-facing clan dialogue under a stable trait ID."
"Content\Config\Primary\ClanTraits.xml","ClanTraits.original.xml","clanTrait","TRAIT_Strong","name","","Strong","6","ClanTraitName","SafeDisplay","False","False","","True","Known player-facing trait label; patched by ID."
"Content\Config\Primary\ClanTraits.xml","ClanTraits.original.xml","clanTrait","TRAIT_Stubborn","name","","Stubborn","8","ClanTraitName","SafeDisplay","False","False","","True","Known player-facing trait label; patched by ID."
"Content\Config\Primary\ClanTraits.xml","ClanTraits.original.xml","clanTrait","TRAIT_Stubborn","comments_Intro/comment/text","","This wasn't exactly where we were headed, but I'll be damned if we're going back out there. We'll be staying.","109","ClanTraitDialogue","SafeDisplay","False","True","","True","Player-facing clan dialogue under a stable trait ID."
"Content\Config\Primary\ClanTraits.xml","ClanTraits.original.xml","clanTrait","TRAIT_Stubborn","comments_Random/comment/text","","Would rather sit around than have you ask us to do something absurd, which would force me to put my foot down.","110","ClanTraitDialogue","SafeDisplay","False","True","","True","Player-facing clan dialogue under a stable trait ID."
"Content\Config\Primary\ClanTraits.xml","ClanTraits.original.xml","clanTrait","TRAIT_Sullen","name","","Sullen","6","ClanTraitName","SafeDisplay","False","False","","True","Known player-facing trait label; patched by ID."
"Content\Config\Primary\ClanTraits.xml","ClanTraits.original.xml","clanTrait","TRAIT_Sullen","comments_Intro/comment/text","","Please don't ask where we're from or why we're here. It's... a truly depressing story. You wouldn't want to hear it anyway.","123","ClanTraitDialogue","SafeDisplay","False","True","","True","Player-facing clan dialogue under a stable trait ID."
"Content\Config\Primary\ClanTraits.xml","ClanTraits.original.xml","clanTrait","TRAIT_Sullen","comments_Random/comment/text","0","Death is always looming nearer than anyone realizes.","52","ClanTraitDialogue","SafeDisplay","False","True","","True","Player-facing clan dialogue under a stable trait ID."
"Content\Config\Primary\ClanTraits.xml","ClanTraits.original.xml","clanTrait","TRAIT_Sullen","comments_Random/comment/text","1","Without anything else to do, it's hard not to get lost in dark thoughts...","74","ClanTraitDialogue","SafeDisplay","False","True","","True","Player-facing clan dialogue under a stable trait ID."
"Content\Config\Primary\ClanTraits.xml","ClanTraits.original.xml","clanTrait","TRAIT_Surveyors","name","","Surveyors","9","ClanTraitName","SafeDisplay","False","False","","True","Known player-facing trait label; patched by ID."
"Content\Config\Primary\ClanTraits.xml","ClanTraits.original.xml","clanTrait","TRAIT_Thorough","name","","Thorough","8","ClanTraitName","SafeDisplay","False","False","","True","Known player-facing trait label; patched by ID."
"Content\Config\Primary\ClanTraits.xml","ClanTraits.original.xml","clanTrait","TRAIT_Thorough","comments_Intro/comment/text","0","After talking to a few of your clansman and inspecting the living quarters, we've determined that this could indeed be a suitable home for us.","142","ClanTraitDialogue","SafeDisplay","False","True","","True","Player-facing clan dialogue under a stable trait ID."
"Content\Config\Primary\ClanTraits.xml","ClanTraits.original.xml","clanTrait","TRAIT_Thorough","comments_Intro/comment/text","1","We won't need the tour, thank you. We've gone ahead and done a good bit of looking around already.","98","ClanTraitDialogue","SafeDisplay","False","True","","True","Player-facing clan dialogue under a stable trait ID."
"Content\Config\Primary\ClanTraits.xml","ClanTraits.original.xml","clanTrait","TRAIT_Thorough","comments_Random/comment/text","0","Better results are obtained by taking the time to make sure one really knows the ins and outs of the task at hand.","114","ClanTraitDialogue","SafeDisplay","False","True","","True","Player-facing clan dialogue under a stable trait ID."
"Content\Config\Primary\ClanTraits.xml","ClanTraits.original.xml","clanTrait","TRAIT_Thorough","comments_Random/comment/text","1","We've begun preparing ourselves for an assignment. Let us know when you have one.","81","ClanTraitDialogue","SafeDisplay","False","True","","True","Player-facing clan dialogue under a stable trait ID."
"Content\Config\Primary\ClanTraits.xml","ClanTraits.original.xml","clanTrait","TRAIT_Tough","name","","Tough","5","ClanTraitName","SafeDisplay","False","False","","True","Known player-facing trait label; patched by ID."
"Content\Config\Primary\ClanTraits.xml","ClanTraits.original.xml","clanTrait","TRAIT_Tough","comments_Intro/comment/text","","I can't even remember how many bandits attacked us on the way here. Oh, don't worry, we're fine.[NEWLINE]Now that you mention it though, maybe someone could help remove the arrow from my brother Hanseric's knee?","211","ClanTraitDialogue","SafeDisplay","False","True","[NEWLINE]","True","Player-facing clan dialogue under a stable trait ID."
"Content\Config\Primary\ClanTraits.xml","ClanTraits.original.xml","clanTrait","TRAIT_Tough","comments_Random/comment/text","","The story's that great great great grandpa (CLAN_NAME) took a bear as a lover. As you can see, the bear blood's been a little watered down now. But still, it really explains some things.","186","ClanTraitDialogue","SafeDisplay","False","True","(CLAN_NAME)","True","Player-facing clan dialogue under a stable trait ID."
"Content\Config\Primary\ClanTraits.xml","ClanTraits.original.xml","clanTrait","TRAIT_Trappers","name","","Trappers","8","ClanTraitName","SafeDisplay","False","False","","True","Known player-facing trait label; patched by ID."
"Content\Config\Primary\ClanTraits.xml","ClanTraits.original.xml","clanTrait","TRAIT_Vigorous","name","","Vigorous","8","ClanTraitName","SafeDisplay","False","False","","True","Known player-facing trait label; patched by ID."
"Content\Config\Primary\ClanTraits.xml","ClanTraits.original.xml","clanTrait","TRAIT_Vigorous","comments_Intro/comment/text","","Yeah, yeah, we pledge our loyalty and all that. No need to show us around, just get your maps and bring out your gear.","118","ClanTraitDialogue","SafeDisplay","False","True","","True","Player-facing clan dialogue under a stable trait ID."
"Content\Config\Primary\ClanTraits.xml","ClanTraits.original.xml","clanTrait","TRAIT_Vigorous","comments_Random/comment/text","0","The key to a maintaining a strong body is to be constantly pushing yourself to the limit!","89","ClanTraitDialogue","SafeDisplay","False","True","","True","Player-facing clan dialogue under a stable trait ID."
"Content\Config\Primary\ClanTraits.xml","ClanTraits.original.xml","clanTrait","TRAIT_Vigorous","comments_Random/comment/text","1","The world is so small, but c'mon, there's got to be more places to go somewhere!","80","ClanTraitDialogue","SafeDisplay","False","True","","True","Player-facing clan dialogue under a stable trait ID."
"Content\Config\Primary\ClanTraits.xml","ClanTraits.original.xml","clanTrait","TRAIT_Vigorous","comments_Random/comment/text","2","We're ready to head out, so just give us a destination!","55","ClanTraitDialogue","SafeDisplay","False","True","","True","Player-facing clan dialogue under a stable trait ID."
"Content\Config\Primary\ClanTraits.xml","ClanTraits.original.xml","clanTrait","TRAIT_Vigorous","comments_Random/comment/text","3","(TRAINING_IN_PROFESSION). Right. We'll get right on it.","55","ClanTraitDialogue","SafeDisplay","False","True","(TRAINING_IN_PROFESSION)","True","Player-facing clan dialogue under a stable trait ID."
"Content\Config\Primary\ClanTraits.xml","ClanTraits.original.xml","clanTrait","TRAIT_Violent","name","","Violent","7","ClanTraitName","SafeDisplay","False","False","","True","Known player-facing trait label; patched by ID."
"Content\Config\Primary\ClanTraits.xml","ClanTraits.original.xml","clanTrait","TRAIT_Violent","comments_Intro/comment/text","0","Your settlement is weak and vulernable. With the right amount of iron and blood, we can fix that.","97","ClanTraitDialogue","SafeDisplay","False","True","","True","Player-facing clan dialogue under a stable trait ID."
"Content\Config\Primary\ClanTraits.xml","ClanTraits.original.xml","clanTrait","TRAIT_Violent","comments_Intro/comment/text","1","We left no one alive at that last place. Be careful that you don't end up like them.","84","ClanTraitDialogue","SafeDisplay","False","True","","True","Player-facing clan dialogue under a stable trait ID."
"Content\Config\Primary\ClanTraits.xml","ClanTraits.original.xml","clanTrait","TRAIT_Violent","comments_Random/comment/text","0","Have you considered using human heads on sticks to ward off attackers? We will provide the heads.","97","ClanTraitDialogue","SafeDisplay","False","True","","True","Player-facing clan dialogue under a stable trait ID."
"Content\Config\Primary\ClanTraits.xml","ClanTraits.original.xml","clanTrait","TRAIT_Violent","comments_Random/comment/text","1","All across this world, there is carnage and slaughter. When is it our turn?","75","ClanTraitDialogue","SafeDisplay","False","True","","True","Player-facing clan dialogue under a stable trait ID."
"Content\Config\Primary\ClanTraits.xml","ClanTraits.original.xml","clanTrait","TRAIT_Violent","comments_Random/comment/text","2","(TRAINING_IN_PROFESSION)? Are you kidding? Well, if this is what you need to crush our foes, then so be it.","107","ClanTraitDialogue","SafeDisplay","False","True","(TRAINING_IN_PROFESSION)","True","Player-facing clan dialogue under a stable trait ID."
"Content\Config\Primary\ClanTraits.xml","ClanTraits.original.xml","clanTrait","TRAIT_Wasteful","name","","Wasteful","8","ClanTraitName","SafeDisplay","False","False","","True","Known player-facing trait label; patched by ID."
"Content\Config\Primary\ClanTraits.xml","ClanTraits.original.xml","clanTrait","TRAIT_Wasteful","comments_Intro/comment/text","0","We'd left a few supplies behind to lighten our loads, figuring you'd have replacements. Thankfully, we've arrived just in time. A day or so longer and we may have starved...!","174","ClanTraitDialogue","SafeDisplay","False","True","","True","Player-facing clan dialogue under a stable trait ID."
"Content\Config\Primary\ClanTraits.xml","ClanTraits.original.xml","clanTrait","TRAIT_Wasteful","comments_Intro/comment/text","1","Salvation from the elements awaits us here, I know it!","54","ClanTraitDialogue","SafeDisplay","False","True","","True","Player-facing clan dialogue under a stable trait ID."
"Content\Config\Primary\ClanTraits.xml","ClanTraits.original.xml","clanTrait","TRAIT_Wasteful","comments_Random/comment/text","0","It's a bit disgusting that other clans are always poring through our garbage... Are they starving or something?","111","ClanTraitDialogue","SafeDisplay","False","True","","True","Player-facing clan dialogue under a stable trait ID."
"Content\Config\Primary\ClanTraits.xml","ClanTraits.original.xml","clanTrait","TRAIT_Wasteful","comments_Random/comment/text","1","Bacon would be a whole lot better without those fatty bits along the edges. Removing them is a pain.","100","ClanTraitDialogue","SafeDisplay","False","True","","True","Player-facing clan dialogue under a stable trait ID."
"Content\Config\Primary\ClanTraits.xml","ClanTraits.original.xml","clanTrait","TRAIT_Wasteful","comments_Random/comment/text","2","There must be some use for us.","30","ClanTraitDialogue","SafeDisplay","False","True","","True","Player-facing clan dialogue under a stable trait ID."
"Content\Config\Primary\ClanTraits.xml","ClanTraits.original.xml","clanTrait","TRAIT_Wasteful","comments_Random/comment/text","3","(TRAINING_IN_PROFESSION)... Not really sure how that works, but let's give it a try.","84","ClanTraitDialogue","SafeDisplay","False","True","(TRAINING_IN_PROFESSION)","True","Player-facing clan dialogue under a stable trait ID."
"Content\Config\Primary\ClanTraits.xml","ClanTraits.original.xml","clanTrait","TRAIT_Wasteful","comments_Random/comment/text","4","Phew, we weren't made to live in this kind of weather.","54","ClanTraitDialogue","SafeDisplay","False","True","","True","Player-facing clan dialogue under a stable trait ID."
"Content\Config\Primary\ClanTraits.xml","ClanTraits.original.xml","clanTrait","TRAIT_Wild","name","","Wild","4","ClanTraitName","SafeDisplay","False","False","","True","Known player-facing trait label; patched by ID."
"Content\Config\Primary\ClanTraits.xml","ClanTraits.original.xml","clanTrait","TRAIT_Wild","comments_Intro/comment/text","0","We heard there's food and drink here. Hmmm. Needs a little more excitement though!","82","ClanTraitDialogue","SafeDisplay","False","True","","True","Player-facing clan dialogue under a stable trait ID."
"Content\Config\Primary\ClanTraits.xml","ClanTraits.original.xml","clanTrait","TRAIT_Wild","comments_Intro/comment/text","1","So... What's there to do around these parts? C'mon, don't tell us you're stuck up like that last tribe.","103","ClanTraitDialogue","SafeDisplay","False","True","","True","Player-facing clan dialogue under a stable trait ID."
"Content\Config\Primary\ClanTraits.xml","ClanTraits.original.xml","clanTrait","TRAIT_Wild","comments_Random/comment/text","0","""Clean thyselves?"" What?! Yer talking like a Roman.","51","ClanTraitDialogue","SafeDisplay","False","True","","True","Player-facing clan dialogue under a stable trait ID."
"Content\Config\Primary\ClanTraits.xml","ClanTraits.original.xml","clanTrait","TRAIT_Wild","comments_Random/comment/text","1","They told us to settle down. They told us to wear pants. Heh heh... they won't make that mistake again!","103","ClanTraitDialogue","SafeDisplay","False","True","","True","Player-facing clan dialogue under a stable trait ID."
"Content\Config\Primary\ClanTraits.xml","ClanTraits.original.xml","clanTrait","TRAIT_Wild","comments_Random/comment/text","2","We'll be making our own fun since, hell, we ain't got nothing better to do!","75","ClanTraitDialogue","SafeDisplay","False","True","","True","Player-facing clan dialogue under a stable trait ID."
"Content\Config\Primary\ClanTraits.xml","ClanTraits.original.xml","clanTrait","TRAIT_Wild","comments_Random/comment/text","3","(TRAINING_IN_PROFESSION) huh? Yeah, we should have some fun with that!","70","ClanTraitDialogue","SafeDisplay","False","True","(TRAINING_IN_PROFESSION)","True","Player-facing clan dialogue under a stable trait ID."
"Content\Config\Primary\ClanTraits.xml","ClanTraits.original.xml","clanTrait","TRAIT_Wood_Collectors","name","","Wood Collectors","15","ClanTraitName","SafeDisplay","False","False","","True","Known player-facing trait label; patched by ID."
"Content\Config\Primary\ClanTraits.xml","ClanTraits.original.xml","clanTrait","TRAIT_Wood_Collectors","comments_Intro/comment/text","0","Look no further for a sturdy axe.","33","ClanTraitDialogue","SafeDisplay","False","True","","True","Player-facing clan dialogue under a stable trait ID."
"Content\Config\Primary\ClanTraits.xml","ClanTraits.original.xml","clanTrait","TRAIT_Wood_Collectors","comments_Intro/comment/text","1","Are you too haunted by visions of nightmarish oaks and spruces? We come to cure this affliction.","96","ClanTraitDialogue","SafeDisplay","False","True","","True","Player-facing clan dialogue under a stable trait ID."
"Content\Config\Primary\ClanTraits.xml","ClanTraits.original.xml","clanTrait","TRAIT_Wood_Collectors","comments_Random/comment/text","0","Our youngest just felled his first tree!","40","ClanTraitDialogue","SafeDisplay","False","True","","True","Player-facing clan dialogue under a stable trait ID."
"Content\Config\Primary\ClanTraits.xml","ClanTraits.original.xml","clanTrait","TRAIT_Wood_Collectors","comments_Random/comment/text","1","Where did you sat you put our axes?","35","ClanTraitDialogue","SafeDisplay","False","True","","True","Player-facing clan dialogue under a stable trait ID."
"Content\Config\Primary\ClanTraits.xml","ClanTraits.original.xml","clanTrait","TRAIT_Wood_Collectors","comments_Random/comment/text","2","(TRAINING_IN_PROFESSION)... Hmm... Yes, we can probably use an axe for that.","76","ClanTraitDialogue","SafeDisplay","False","True","(TRAINING_IN_PROFESSION)","True","Player-facing clan dialogue under a stable trait ID."
"Content\Config\Primary\ClanTraits.xml","ClanTraits.original.xml","clanTrait","TRAIT_Woodsmen","name","","Woodsmen","8","ClanTraitName","SafeDisplay","False","False","","True","Known player-facing trait label; patched by ID."
"Content\Config\Primary\ClanTraits.xml","ClanTraits.original.xml","clanTrait","TRAIT_Woodsmen","comments_Intro/comment/text","0","Our first home is the forest. Then why are we here? Two is better than one, of course.","86","ClanTraitDialogue","SafeDisplay","False","True","","True","Player-facing clan dialogue under a stable trait ID."
"Content\Config\Primary\ClanTraits.xml","ClanTraits.original.xml","clanTrait","TRAIT_Woodsmen","comments_Intro/comment/text","1","The trees speak. They told us to come here.","43","ClanTraitDialogue","SafeDisplay","False","True","","True","Player-facing clan dialogue under a stable trait ID."
"Content\Config\Primary\ClanTraits.xml","ClanTraits.original.xml","clanTrait","TRAIT_Woodsmen","comments_Random/comment/text","0","Have you ever seen the glimmer of the stars above the forest canopy? No? Good, leave it to us. It's dangerous out there.","120","ClanTraitDialogue","SafeDisplay","False","True","","True","Player-facing clan dialogue under a stable trait ID."
"Content\Config\Primary\ClanTraits.xml","ClanTraits.original.xml","clanTrait","TRAIT_Woodsmen","comments_Random/comment/text","1","These lands could use a few more trees, don't you think?","56","ClanTraitDialogue","SafeDisplay","False","True","","True","Player-facing clan dialogue under a stable trait ID."
"Content\Config\Primary\ClanTraits.xml","ClanTraits.original.xml","clanTrait","TRAIT_Woodsmen","comments_Random/comment/text","2","We are ready to confront the wilds.","35","ClanTraitDialogue","SafeDisplay","False","True","","True","Player-facing clan dialogue under a stable trait ID."
"Content\Config\Primary\ClanTraits.xml","ClanTraits.original.xml","clanTrait","TRAIT_Woodsmen","comments_Random/comment/text","3","(TRAINING_IN_PROFESSION)  you say? Excellent, there's nothing worse than being stuck in our tents.","98","ClanTraitDialogue","SafeDisplay","False","True","(TRAINING_IN_PROFESSION)","True","Player-facing clan dialogue under a stable trait ID."
"Content\Config\Primary\DevCategoryLevels.xml","DevCategoryLevels.original.xml","devCategoryLevel","DEVCATEGORYLEVEL_KNOWLEDGE_0","name","","...","3","UnclassifiedLiteral","ReviewRequired","False","False","","False","No established safe patching rule yet."
"Content\Config\Primary\DevCategoryLevels.xml","DevCategoryLevels.original.xml","devCategoryLevel","DEVCATEGORYLEVEL_KNOWLEDGE_0","description","","...","3","UnclassifiedLiteral","ReviewRequired","False","False","","False","No established safe patching rule yet."
"Content\Config\Primary\DevCategoryLevels.xml","DevCategoryLevels.original.xml","devCategoryLevel","DEVCATEGORYLEVEL_KNOWLEDGE_1","name","","...","3","UnclassifiedLiteral","ReviewRequired","False","False","","False","No established safe patching rule yet."
"Content\Config\Primary\DevCategoryLevels.xml","DevCategoryLevels.original.xml","devCategoryLevel","DEVCATEGORYLEVEL_KNOWLEDGE_1","description","","...","3","UnclassifiedLiteral","ReviewRequired","False","False","","False","No established safe patching rule yet."
"Content\Config\Primary\DevCategoryLevels.xml","DevCategoryLevels.original.xml","devCategoryLevel","DEVCATEGORYLEVEL_KNOWLEDGE_2","name","","...","3","UnclassifiedLiteral","ReviewRequired","False","False","","False","No established safe patching rule yet."
"Content\Config\Primary\DevCategoryLevels.xml","DevCategoryLevels.original.xml","devCategoryLevel","DEVCATEGORYLEVEL_KNOWLEDGE_2","description","","...","3","UnclassifiedLiteral","ReviewRequired","False","False","","False","No established safe patching rule yet."
"Content\Config\Primary\DevCategoryLevels.xml","DevCategoryLevels.original.xml","devCategoryLevel","DEVCATEGORYLEVEL_KNOWLEDGE_3","name","","...","3","UnclassifiedLiteral","ReviewRequired","False","False","","False","No established safe patching rule yet."
"Content\Config\Primary\DevCategoryLevels.xml","DevCategoryLevels.original.xml","devCategoryLevel","DEVCATEGORYLEVEL_KNOWLEDGE_3","description","","...","3","UnclassifiedLiteral","ReviewRequired","False","False","","False","No established safe patching rule yet."
"Content\Config\Primary\DevCategoryLevels.xml","DevCategoryLevels.original.xml","devCategoryLevel","DEVCATEGORYLEVEL_KNOWLEDGE_4","name","","...","3","UnclassifiedLiteral","ReviewRequired","False","False","","False","No established safe patching rule yet."
"Content\Config\Primary\DevCategoryLevels.xml","DevCategoryLevels.original.xml","devCategoryLevel","DEVCATEGORYLEVEL_KNOWLEDGE_4","description","","...","3","UnclassifiedLiteral","ReviewRequired","False","False","","False","No established safe patching rule yet."
"Content\Config\Primary\DevCategoryLevels.xml","DevCategoryLevels.original.xml","devCategoryLevel","DEVCATEGORYLEVEL_KNOWLEDGE_5","name","","...","3","UnclassifiedLiteral","ReviewRequired","False","False","","False","No established safe patching rule yet."
"Content\Config\Primary\DevCategoryLevels.xml","DevCategoryLevels.original.xml","devCategoryLevel","DEVCATEGORYLEVEL_KNOWLEDGE_5","description","","...","3","UnclassifiedLiteral","ReviewRequired","False","False","","False","No established safe patching rule yet."
"Content\Config\Primary\DevCategoryLevels.xml","DevCategoryLevels.original.xml","devCategoryLevel","DEVCATEGORYLEVEL_ECONOMY_0","name","","...","3","UnclassifiedLiteral","ReviewRequired","False","False","","False","No established safe patching rule yet."
"Content\Config\Primary\DevCategoryLevels.xml","DevCategoryLevels.original.xml","devCategoryLevel","DEVCATEGORYLEVEL_ECONOMY_0","description","","...","3","UnclassifiedLiteral","ReviewRequired","False","False","","False","No established safe patching rule yet."
"Content\Config\Primary\DevCategoryLevels.xml","DevCategoryLevels.original.xml","devCategoryLevel","DEVCATEGORYLEVEL_ECONOMY_1","name","","...","3","UnclassifiedLiteral","ReviewRequired","False","False","","False","No established safe patching rule yet."
"Content\Config\Primary\DevCategoryLevels.xml","DevCategoryLevels.original.xml","devCategoryLevel","DEVCATEGORYLEVEL_ECONOMY_1","description","","...","3","UnclassifiedLiteral","ReviewRequired","False","False","","False","No established safe patching rule yet."
"Content\Config\Primary\DevCategoryLevels.xml","DevCategoryLevels.original.xml","devCategoryLevel","DEVCATEGORYLEVEL_ECONOMY_2","name","","...","3","UnclassifiedLiteral","ReviewRequired","False","False","","False","No established safe patching rule yet."
"Content\Config\Primary\DevCategoryLevels.xml","DevCategoryLevels.original.xml","devCategoryLevel","DEVCATEGORYLEVEL_ECONOMY_2","description","","...","3","UnclassifiedLiteral","ReviewRequired","False","False","","False","No established safe patching rule yet."
"Content\Config\Primary\DevCategoryLevels.xml","DevCategoryLevels.original.xml","devCategoryLevel","DEVCATEGORYLEVEL_ECONOMY_3","name","","...","3","UnclassifiedLiteral","ReviewRequired","False","False","","False","No established safe patching rule yet."
"Content\Config\Primary\DevCategoryLevels.xml","DevCategoryLevels.original.xml","devCategoryLevel","DEVCATEGORYLEVEL_ECONOMY_3","description","","...","3","UnclassifiedLiteral","ReviewRequired","False","False","","False","No established safe patching rule yet."
"Content\Config\Primary\DevCategoryLevels.xml","DevCategoryLevels.original.xml","devCategoryLevel","DEVCATEGORYLEVEL_ECONOMY_4","name","","...","3","UnclassifiedLiteral","ReviewRequired","False","False","","False","No established safe patching rule yet."
"Content\Config\Primary\DevCategoryLevels.xml","DevCategoryLevels.original.xml","devCategoryLevel","DEVCATEGORYLEVEL_ECONOMY_4","description","","...","3","UnclassifiedLiteral","ReviewRequired","False","False","","False","No established safe patching rule yet."
"Content\Config\Primary\DevCategoryLevels.xml","DevCategoryLevels.original.xml","devCategoryLevel","DEVCATEGORYLEVEL_ECONOMY_5","name","","...","3","UnclassifiedLiteral","ReviewRequired","False","False","","False","No established safe patching rule yet."
"Content\Config\Primary\DevCategoryLevels.xml","DevCategoryLevels.original.xml","devCategoryLevel","DEVCATEGORYLEVEL_ECONOMY_5","description","","...","3","UnclassifiedLiteral","ReviewRequired","False","False","","False","No established safe patching rule yet."
"Content\Config\Primary\DevCategoryLevels.xml","DevCategoryLevels.original.xml","devCategoryLevel","DEVCATEGORYLEVEL_OUTPOSTS_0","name","","...","3","UnclassifiedLiteral","ReviewRequired","False","False","","False","No established safe patching rule yet."
"Content\Config\Primary\DevCategoryLevels.xml","DevCategoryLevels.original.xml","devCategoryLevel","DEVCATEGORYLEVEL_OUTPOSTS_0","description","","...","3","UnclassifiedLiteral","ReviewRequired","False","False","","False","No established safe patching rule yet."
"Content\Config\Primary\DevCategoryLevels.xml","DevCategoryLevels.original.xml","devCategoryLevel","DEVCATEGORYLEVEL_OUTPOSTS_1","name","","...","3","UnclassifiedLiteral","ReviewRequired","False","False","","False","No established safe patching rule yet."
"Content\Config\Primary\DevCategoryLevels.xml","DevCategoryLevels.original.xml","devCategoryLevel","DEVCATEGORYLEVEL_OUTPOSTS_1","description","","...","3","UnclassifiedLiteral","ReviewRequired","False","False","","False","No established safe patching rule yet."
"Content\Config\Primary\DevCategoryLevels.xml","DevCategoryLevels.original.xml","devCategoryLevel","DEVCATEGORYLEVEL_OUTPOSTS_2","name","","...","3","UnclassifiedLiteral","ReviewRequired","False","False","","False","No established safe patching rule yet."
"Content\Config\Primary\DevCategoryLevels.xml","DevCategoryLevels.original.xml","devCategoryLevel","DEVCATEGORYLEVEL_OUTPOSTS_2","description","","...","3","UnclassifiedLiteral","ReviewRequired","False","False","","False","No established safe patching rule yet."
"Content\Config\Primary\DevCategoryLevels.xml","DevCategoryLevels.original.xml","devCategoryLevel","DEVCATEGORYLEVEL_OUTPOSTS_3","name","","...","3","UnclassifiedLiteral","ReviewRequired","False","False","","False","No established safe patching rule yet."
"Content\Config\Primary\DevCategoryLevels.xml","DevCategoryLevels.original.xml","devCategoryLevel","DEVCATEGORYLEVEL_OUTPOSTS_3","description","","...","3","UnclassifiedLiteral","ReviewRequired","False","False","","False","No established safe patching rule yet."
"Content\Config\Primary\DevCategoryLevels.xml","DevCategoryLevels.original.xml","devCategoryLevel","DEVCATEGORYLEVEL_OUTPOSTS_4","name","","...","3","UnclassifiedLiteral","ReviewRequired","False","False","","False","No established safe patching rule yet."
"Content\Config\Primary\DevCategoryLevels.xml","DevCategoryLevels.original.xml","devCategoryLevel","DEVCATEGORYLEVEL_OUTPOSTS_4","description","","...","3","UnclassifiedLiteral","ReviewRequired","False","False","","False","No established safe patching rule yet."
"Content\Config\Primary\DevCategoryLevels.xml","DevCategoryLevels.original.xml","devCategoryLevel","DEVCATEGORYLEVEL_OUTPOSTS_5","name","","...","3","UnclassifiedLiteral","ReviewRequired","False","False","","False","No established safe patching rule yet."
"Content\Config\Primary\DevCategoryLevels.xml","DevCategoryLevels.original.xml","devCategoryLevel","DEVCATEGORYLEVEL_OUTPOSTS_5","description","","...","3","UnclassifiedLiteral","ReviewRequired","False","False","","False","No established safe patching rule yet."
"Content\Config\Primary\DevCategoryLevels.xml","DevCategoryLevels.original.xml","devCategoryLevel","DEVCATEGORYLEVEL_MILITARY_0","name","","...","3","UnclassifiedLiteral","ReviewRequired","False","False","","False","No established safe patching rule yet."
"Content\Config\Primary\DevCategoryLevels.xml","DevCategoryLevels.original.xml","devCategoryLevel","DEVCATEGORYLEVEL_MILITARY_0","description","","...","3","UnclassifiedLiteral","ReviewRequired","False","False","","False","No established safe patching rule yet."
"Content\Config\Primary\DevCategoryLevels.xml","DevCategoryLevels.original.xml","devCategoryLevel","DEVCATEGORYLEVEL_MILITARY_1","name","","...","3","UnclassifiedLiteral","ReviewRequired","False","False","","False","No established safe patching rule yet."
"Content\Config\Primary\DevCategoryLevels.xml","DevCategoryLevels.original.xml","devCategoryLevel","DEVCATEGORYLEVEL_MILITARY_1","description","","...","3","UnclassifiedLiteral","ReviewRequired","False","False","","False","No established safe patching rule yet."
"Content\Config\Primary\DevCategoryLevels.xml","DevCategoryLevels.original.xml","devCategoryLevel","DEVCATEGORYLEVEL_MILITARY_2","name","","...","3","UnclassifiedLiteral","ReviewRequired","False","False","","False","No established safe patching rule yet."
"Content\Config\Primary\DevCategoryLevels.xml","DevCategoryLevels.original.xml","devCategoryLevel","DEVCATEGORYLEVEL_MILITARY_2","description","","...","3","UnclassifiedLiteral","ReviewRequired","False","False","","False","No established safe patching rule yet."
"Content\Config\Primary\DevCategoryLevels.xml","DevCategoryLevels.original.xml","devCategoryLevel","DEVCATEGORYLEVEL_MILITARY_3","name","","...","3","UnclassifiedLiteral","ReviewRequired","False","False","","False","No established safe patching rule yet."
"Content\Config\Primary\DevCategoryLevels.xml","DevCategoryLevels.original.xml","devCategoryLevel","DEVCATEGORYLEVEL_MILITARY_3","description","","...","3","UnclassifiedLiteral","ReviewRequired","False","False","","False","No established safe patching rule yet."
"Content\Config\Primary\DevCategoryLevels.xml","DevCategoryLevels.original.xml","devCategoryLevel","DEVCATEGORYLEVEL_MILITARY_4","name","","...","3","UnclassifiedLiteral","ReviewRequired","False","False","","False","No established safe patching rule yet."
"Content\Config\Primary\DevCategoryLevels.xml","DevCategoryLevels.original.xml","devCategoryLevel","DEVCATEGORYLEVEL_MILITARY_4","description","","...","3","UnclassifiedLiteral","ReviewRequired","False","False","","False","No established safe patching rule yet."
"Content\Config\Primary\DevCategoryLevels.xml","DevCategoryLevels.original.xml","devCategoryLevel","DEVCATEGORYLEVEL_MILITARY_5","name","","...","3","UnclassifiedLiteral","ReviewRequired","False","False","","False","No established safe patching rule yet."
"Content\Config\Primary\DevCategoryLevels.xml","DevCategoryLevels.original.xml","devCategoryLevel","DEVCATEGORYLEVEL_MILITARY_5","description","","...","3","UnclassifiedLiteral","ReviewRequired","False","False","","False","No established safe patching rule yet."
"Content\Config\Primary\DevCategoryLevels.xml","DevCategoryLevels.original.xml","devCategoryLevel","DEVCATEGORYLEVEL_POPULATION_0","name","","...","3","UnclassifiedLiteral","ReviewRequired","False","False","","False","No established safe patching rule yet."
"Content\Config\Primary\DevCategoryLevels.xml","DevCategoryLevels.original.xml","devCategoryLevel","DEVCATEGORYLEVEL_POPULATION_0","description","","...","3","UnclassifiedLiteral","ReviewRequired","False","False","","False","No established safe patching rule yet."
"Content\Config\Primary\DevCategoryLevels.xml","DevCategoryLevels.original.xml","devCategoryLevel","DEVCATEGORYLEVEL_POPULATION_1","name","","...","3","UnclassifiedLiteral","ReviewRequired","False","False","","False","No established safe patching rule yet."
"Content\Config\Primary\DevCategoryLevels.xml","DevCategoryLevels.original.xml","devCategoryLevel","DEVCATEGORYLEVEL_POPULATION_1","description","","...","3","UnclassifiedLiteral","ReviewRequired","False","False","","False","No established safe patching rule yet."
"Content\Config\Primary\DevCategoryLevels.xml","DevCategoryLevels.original.xml","devCategoryLevel","DEVCATEGORYLEVEL_POPULATION_2","name","","...","3","UnclassifiedLiteral","ReviewRequired","False","False","","False","No established safe patching rule yet."
"Content\Config\Primary\DevCategoryLevels.xml","DevCategoryLevels.original.xml","devCategoryLevel","DEVCATEGORYLEVEL_POPULATION_2","description","","...","3","UnclassifiedLiteral","ReviewRequired","False","False","","False","No established safe patching rule yet."
"Content\Config\Primary\DevCategoryLevels.xml","DevCategoryLevels.original.xml","devCategoryLevel","DEVCATEGORYLEVEL_POPULATION_3","name","","...","3","UnclassifiedLiteral","ReviewRequired","False","False","","False","No established safe patching rule yet."
"Content\Config\Primary\DevCategoryLevels.xml","DevCategoryLevels.original.xml","devCategoryLevel","DEVCATEGORYLEVEL_POPULATION_3","description","","...","3","UnclassifiedLiteral","ReviewRequired","False","False","","False","No established safe patching rule yet."
"Content\Config\Primary\DevCategoryLevels.xml","DevCategoryLevels.original.xml","devCategoryLevel","DEVCATEGORYLEVEL_POPULATION_4","name","","...","3","UnclassifiedLiteral","ReviewRequired","False","False","","False","No established safe patching rule yet."
"Content\Config\Primary\DevCategoryLevels.xml","DevCategoryLevels.original.xml","devCategoryLevel","DEVCATEGORYLEVEL_POPULATION_4","description","","...","3","UnclassifiedLiteral","ReviewRequired","False","False","","False","No established safe patching rule yet."
"Content\Config\Primary\DevCategoryLevels.xml","DevCategoryLevels.original.xml","devCategoryLevel","DEVCATEGORYLEVEL_POPULATION_5","name","","...","3","UnclassifiedLiteral","ReviewRequired","False","False","","False","No established safe patching rule yet."
"Content\Config\Primary\DevCategoryLevels.xml","DevCategoryLevels.original.xml","devCategoryLevel","DEVCATEGORYLEVEL_POPULATION_5","description","","...","3","UnclassifiedLiteral","ReviewRequired","False","False","","False","No established safe patching rule yet."
"Content\Config\Primary\DevCategoryLevels.xml","DevCategoryLevels.original.xml","devCategoryLevel","DEVCATEGORYLEVEL_STOCKPILE_0","name","","...","3","UnclassifiedLiteral","ReviewRequired","False","False","","False","No established safe patching rule yet."
"Content\Config\Primary\DevCategoryLevels.xml","DevCategoryLevels.original.xml","devCategoryLevel","DEVCATEGORYLEVEL_STOCKPILE_0","description","","...","3","UnclassifiedLiteral","ReviewRequired","False","False","","False","No established safe patching rule yet."
"Content\Config\Primary\DevCategoryLevels.xml","DevCategoryLevels.original.xml","devCategoryLevel","DEVCATEGORYLEVEL_STOCKPILE_1","name","","...","3","UnclassifiedLiteral","ReviewRequired","False","False","","False","No established safe patching rule yet."
"Content\Config\Primary\DevCategoryLevels.xml","DevCategoryLevels.original.xml","devCategoryLevel","DEVCATEGORYLEVEL_STOCKPILE_1","description","","...","3","UnclassifiedLiteral","ReviewRequired","False","False","","False","No established safe patching rule yet."
"Content\Config\Primary\DevCategoryLevels.xml","DevCategoryLevels.original.xml","devCategoryLevel","DEVCATEGORYLEVEL_STOCKPILE_2","name","","...","3","UnclassifiedLiteral","ReviewRequired","False","False","","False","No established safe patching rule yet."
"Content\Config\Primary\DevCategoryLevels.xml","DevCategoryLevels.original.xml","devCategoryLevel","DEVCATEGORYLEVEL_STOCKPILE_2","description","","...","3","UnclassifiedLiteral","ReviewRequired","False","False","","False","No established safe patching rule yet."
"Content\Config\Primary\DevCategoryLevels.xml","DevCategoryLevels.original.xml","devCategoryLevel","DEVCATEGORYLEVEL_STOCKPILE_3","name","","...","3","UnclassifiedLiteral","ReviewRequired","False","False","","False","No established safe patching rule yet."
"Content\Config\Primary\DevCategoryLevels.xml","DevCategoryLevels.original.xml","devCategoryLevel","DEVCATEGORYLEVEL_STOCKPILE_3","description","","...","3","UnclassifiedLiteral","ReviewRequired","False","False","","False","No established safe patching rule yet."
"Content\Config\Primary\DevCategoryLevels.xml","DevCategoryLevels.original.xml","devCategoryLevel","DEVCATEGORYLEVEL_STOCKPILE_4","name","","...","3","UnclassifiedLiteral","ReviewRequired","False","False","","False","No established safe patching rule yet."
"Content\Config\Primary\DevCategoryLevels.xml","DevCategoryLevels.original.xml","devCategoryLevel","DEVCATEGORYLEVEL_STOCKPILE_4","description","","...","3","UnclassifiedLiteral","ReviewRequired","False","False","","False","No established safe patching rule yet."
"Content\Config\Primary\DevCategoryLevels.xml","DevCategoryLevels.original.xml","devCategoryLevel","DEVCATEGORYLEVEL_STOCKPILE_5","name","","...","3","UnclassifiedLiteral","ReviewRequired","False","False","","False","No established safe patching rule yet."
"Content\Config\Primary\DevCategoryLevels.xml","DevCategoryLevels.original.xml","devCategoryLevel","DEVCATEGORYLEVEL_STOCKPILE_5","description","","...","3","UnclassifiedLiteral","ReviewRequired","False","False","","False","No established safe patching rule yet."
"Content\Config\Primary\DevLevels.xml","DevLevels.original.xml","devLevel","DEVLEVEL_VERYPRIMITIVE","name","","TEXT.Name.DevLevel.VeryPrimitive","32","TextKeyReference","DoNotPatchHere","False","False","","False","This is a key/reference; translate the resolved text entry instead."
"Content\Config\Primary\DevLevels.xml","DevLevels.original.xml","devLevel","DEVLEVEL_VERYPRIMITIVE","description","","TEXT.Description.DevLevel.VeryPrimitive","39","TextKeyReference","DoNotPatchHere","False","False","","False","This is a key/reference; translate the resolved text entry instead."
"Content\Config\Primary\DevLevels.xml","DevLevels.original.xml","devLevel","DEVLEVEL_PRIMITIVE","name","","TEXT.Name.DevLevel.Primitive","28","TextKeyReference","DoNotPatchHere","False","False","","False","This is a key/reference; translate the resolved text entry instead."
"Content\Config\Primary\DevLevels.xml","DevLevels.original.xml","devLevel","DEVLEVEL_PRIMITIVE","description","","TEXT.Description.DevLevel.Primitive","35","TextKeyReference","DoNotPatchHere","False","False","","False","This is a key/reference; translate the resolved text entry instead."
"Content\Config\Primary\DevLevels.xml","DevLevels.original.xml","devLevel","DEVLEVEL_DEVELOPED","name","","TEXT.Name.DevLevel.Developed","28","TextKeyReference","DoNotPatchHere","False","False","","False","This is a key/reference; translate the resolved text entry instead."
"Content\Config\Primary\DevLevels.xml","DevLevels.original.xml","devLevel","DEVLEVEL_DEVELOPED","description","","TEXT.Description.DevLevel.Developed","35","TextKeyReference","DoNotPatchHere","False","False","","False","This is a key/reference; translate the resolved text entry instead."
"Content\Config\Primary\DevLevels.xml","DevLevels.original.xml","devLevel","DEVLEVEL_ADVANCED","name","","TEXT.Name.DevLevel.Advanced","27","TextKeyReference","DoNotPatchHere","False","False","","False","This is a key/reference; translate the resolved text entry instead."
"Content\Config\Primary\DevLevels.xml","DevLevels.original.xml","devLevel","DEVLEVEL_ADVANCED","description","","TEXT.Description.DevLevel.Advanced","34","TextKeyReference","DoNotPatchHere","False","False","","False","This is a key/reference; translate the resolved text entry instead."
"Content\Config\Primary\DevLevels.xml","DevLevels.original.xml","devLevel","DEVLEVEL_VERYADVANCED","name","","TEXT.Name.DevLevel.VeryAdvanced","31","TextKeyReference","DoNotPatchHere","False","False","","False","This is a key/reference; translate the resolved text entry instead."
"Content\Config\Primary\DevLevels.xml","DevLevels.original.xml","devLevel","DEVLEVEL_VERYADVANCED","description","","TEXT.Description.DevLevel.VeryAdvanced","38","TextKeyReference","DoNotPatchHere","False","False","","False","This is a key/reference; translate the resolved text entry instead."
"Content\Config\Primary\DifficultyLevels.xml","DifficultyLevels.original.xml","difficultyLevel","DIFFICULTYLEVEL_NORMAL","name","","TEXT.Name.DifficultyLevel.Normal","32","TextKeyReference","DoNotPatchHere","False","False","","False","This is a key/reference; translate the resolved text entry instead."
"Content\Config\Primary\DifficultyLevels.xml","DifficultyLevels.original.xml","difficultyLevel","DIFFICULTYLEVEL_NORMAL","description","","TEXT.Description.DifficultyLevel.Normal","39","TextKeyReference","DoNotPatchHere","False","False","","False","This is a key/reference; translate the resolved text entry instead."
"Content\Config\Primary\DifficultyLevels.xml","DifficultyLevels.original.xml","difficultyLevel","DIFFICULTYLEVEL_HARD","name","","TEXT.Name.DifficultyLevel.Hard","30","TextKeyReference","DoNotPatchHere","False","False","","False","This is a key/reference; translate the resolved text entry instead."
"Content\Config\Primary\DifficultyLevels.xml","DifficultyLevels.original.xml","difficultyLevel","DIFFICULTYLEVEL_HARD","description","","TEXT.Description.DifficultyLevel.Hard","37","TextKeyReference","DoNotPatchHere","False","False","","False","This is a key/reference; translate the resolved text entry instead."
"Content\Config\Primary\DifficultyLevels.xml","DifficultyLevels.original.xml","difficultyLevel","DIFFICULTYLEVEL_VERYHARD","name","","TEXT.Name.DifficultyLevel.VeryHard","34","TextKeyReference","DoNotPatchHere","False","False","","False","This is a key/reference; translate the resolved text entry instead."
"Content\Config\Primary\DifficultyLevels.xml","DifficultyLevels.original.xml","difficultyLevel","DIFFICULTYLEVEL_VERYHARD","description","","TEXT.Description.DifficultyLevel.VeryHard","41","TextKeyReference","DoNotPatchHere","False","False","","False","This is a key/reference; translate the resolved text entry instead."
"Content\Config\Primary\DifficultyLevels.xml","DifficultyLevels.original.xml","difficultyLevel","DIFFICULTYLEVEL_NIGHTMARE","name","","TEXT.Name.DifficultyLevel.Nightmare","35","TextKeyReference","DoNotPatchHere","False","False","","False","This is a key/reference; translate the resolved text entry instead."
"Content\Config\Primary\DifficultyLevels.xml","DifficultyLevels.original.xml","difficultyLevel","DIFFICULTYLEVEL_NIGHTMARE","description","","TEXT.Description.DifficultyLevel.Nightmare","42","TextKeyReference","DoNotPatchHere","False","False","","False","This is a key/reference; translate the resolved text entry instead."
"Content\Config\Primary\Factions.xml","Factions.original.xml","faction","FACTION_NEUTRALS","name","","Neutrals","8","FactionNameOrLabel","ReviewRequired","False","False","","False","Faction names are used by game logic; direct replacement has caused load/runtime failures."
"Content\Config\Primary\Factions.xml","Factions.original.xml","faction","FACTION_NEUTRALS","description","","TODO","4","TodoPlaceholder","Skip","False","False","","False","Developer placeholder, not player-facing prose."
"Content\Config\Primary\Factions.xml","Factions.original.xml","faction","FACTION_NEUTRALS","duplicateFactionNamesList/name","0","The Suebi","9","FactionNameOrLabel","ReviewRequired","False","False","","True","Faction names are used by game logic; direct replacement has caused load/runtime failures."
"Content\Config\Primary\Factions.xml","Factions.original.xml","faction","FACTION_NEUTRALS","duplicateFactionNamesList/name","1","The Frisii","10","FactionNameOrLabel","ReviewRequired","False","False","","True","Faction names are used by game logic; direct replacement has caused load/runtime failures."
"Content\Config\Primary\Factions.xml","Factions.original.xml","faction","FACTION_NEUTRALS","duplicateFactionNamesList/name","2","The Jutes","9","FactionNameOrLabel","ReviewRequired","False","False","","True","Faction names are used by game logic; direct replacement has caused load/runtime failures."
"Content\Config\Primary\Factions.xml","Factions.original.xml","faction","FACTION_NEUTRALS","duplicateFactionNamesList/name","3","The Burgundians","15","FactionNameOrLabel","ReviewRequired","False","False","","True","Faction names are used by game logic; direct replacement has caused load/runtime failures."
"Content\Config\Primary\Factions.xml","Factions.original.xml","faction","FACTION_NEUTRALS","duplicateFactionNamesList/name","4","The Scirii","10","FactionNameOrLabel","ReviewRequired","False","False","","True","Faction names are used by game logic; direct replacement has caused load/runtime failures."
"Content\Config\Primary\Factions.xml","Factions.original.xml","faction","FACTION_NEUTRALS","duplicateFactionNamesList/name","5","The Bulgars","11","FactionNameOrLabel","ReviewRequired","False","False","","True","Faction names are used by game logic; direct replacement has caused load/runtime failures."
"Content\Config\Primary\Factions.xml","Factions.original.xml","faction","FACTION_NEUTRALS","duplicateFactionNamesList/name","6","The Thuringians","15","FactionNameOrLabel","ReviewRequired","False","False","","True","Faction names are used by game logic; direct replacement has caused load/runtime failures."
"Content\Config\Primary\Factions.xml","Factions.original.xml","faction","FACTION_NEUTRALS","duplicateFactionNamesList/name","7","The Tencteri","12","FactionNameOrLabel","ReviewRequired","False","False","","True","Faction names are used by game logic; direct replacement has caused load/runtime failures."
"Content\Config\Primary\Factions.xml","Factions.original.xml","faction","FACTION_NEUTRALS","duplicateFactionNamesList/name","8","The Cherusci","12","FactionNameOrLabel","ReviewRequired","False","False","","True","Faction names are used by game logic; direct replacement has caused load/runtime failures."
"Content\Config\Primary\Factions.xml","Factions.original.xml","faction","FACTION_NEUTRALS","duplicateFactionNamesList/name","9","The Hermunduri","14","FactionNameOrLabel","ReviewRequired","False","False","","True","Faction names are used by game logic; direct replacement has caused load/runtime failures."
"Content\Config\Primary\Factions.xml","Factions.original.xml","faction","FACTION_NEUTRALS","duplicateFactionNamesList/name","10","The Chatti","10","FactionNameOrLabel","ReviewRequired","False","False","","True","Faction names are used by game logic; direct replacement has caused load/runtime failures."
"Content\Config\Primary\Factions.xml","Factions.original.xml","faction","FACTION_NEUTRALS","duplicateFactionNamesList/name","11","The Rugii","9","FactionNameOrLabel","ReviewRequired","False","False","","True","Faction names are used by game logic; direct replacement has caused load/runtime failures."
"Content\Config\Primary\Factions.xml","Factions.original.xml","faction","FACTION_NEUTRALS","duplicateFactionNamesList/name","12","The Heruli","10","FactionNameOrLabel","ReviewRequired","False","False","","True","Faction names are used by game logic; direct replacement has caused load/runtime failures."
"Content\Config\Primary\Factions.xml","Factions.original.xml","faction","FACTION_NEUTRALS","duplicateFactionNamesList/name","13","The Gepids","10","FactionNameOrLabel","ReviewRequired","False","False","","True","Faction names are used by game logic; direct replacement has caused load/runtime failures."
"Content\Config\Primary\Factions.xml","Factions.original.xml","faction","FACTION_NEUTRALS","duplicateFactionNamesList/name","14","The Sarmatians","14","FactionNameOrLabel","ReviewRequired","False","False","","True","Faction names are used by game logic; direct replacement has caused load/runtime failures."
"Content\Config\Primary\Factions.xml","Factions.original.xml","faction","FACTION_NEUTRALS","duplicateFactionNamesList/name","15","The Bavarians","13","FactionNameOrLabel","ReviewRequired","False","False","","True","Faction names are used by game logic; direct replacement has caused load/runtime failures."
"Content\Config\Primary\Factions.xml","Factions.original.xml","faction","FACTION_NEUTRALS","duplicateFactionNamesList/name","16","The Khazars","11","FactionNameOrLabel","ReviewRequired","False","False","","True","Faction names are used by game logic; direct replacement has caused load/runtime failures."
"Content\Config\Primary\Factions.xml","Factions.original.xml","faction","FACTION_NEUTRALS","duplicateFactionNamesList/name","17","The Berbers","11","FactionNameOrLabel","ReviewRequired","False","False","","True","Faction names are used by game logic; direct replacement has caused load/runtime failures."
"Content\Config\Primary\Factions.xml","Factions.original.xml","faction","FACTION_NEUTRALS","duplicateFactionNamesList/name","18","The Angles","10","FactionNameOrLabel","ReviewRequired","False","False","","True","Faction names are used by game logic; direct replacement has caused load/runtime failures."
"Content\Config\Primary\Factions.xml","Factions.original.xml","faction","FACTION_NEUTRALS","duplicateFactionNamesList/name","19","The Varangians","14","FactionNameOrLabel","ReviewRequired","False","False","","True","Faction names are used by game logic; direct replacement has caused load/runtime failures."
"Content\Config\Primary\Factions.xml","Factions.original.xml","faction","FACTION_NEUTRALS","duplicateFactionNamesList/name","20","The Magyars","11","FactionNameOrLabel","ReviewRequired","False","False","","True","Faction names are used by game logic; direct replacement has caused load/runtime failures."
"Content\Config\Primary\Factions.xml","Factions.original.xml","faction","FACTION_NEUTRALS","duplicateFactionNamesList/name","21","The Danes","9","FactionNameOrLabel","ReviewRequired","False","False","","True","Faction names are used by game logic; direct replacement has caused load/runtime failures."
"Content\Config\Primary\Factions.xml","Factions.original.xml","faction","FACTION_NEUTRALS","duplicateFactionNamesList/name","22","The Thervingi","13","FactionNameOrLabel","ReviewRequired","False","False","","True","Faction names are used by game logic; direct replacement has caused load/runtime failures."
"Content\Config\Primary\Factions.xml","Factions.original.xml","faction","FACTION_NEUTRALS","duplicateFactionNamesList/name","23","The Greuthungi","14","FactionNameOrLabel","ReviewRequired","False","False","","True","Faction names are used by game logic; direct replacement has caused load/runtime failures."
"Content\Config\Primary\Factions.xml","Factions.original.xml","faction","FACTION_NEUTRALS","duplicateFactionNamesList/name","24","The Bastarnae","13","FactionNameOrLabel","ReviewRequired","False","False","","True","Faction names are used by game logic; direct replacement has caused load/runtime failures."
"Content\Config\Primary\Factions.xml","Factions.original.xml","faction","FACTION_NEUTRALS","duplicateFactionNamesList/name","25","The Peucini","11","FactionNameOrLabel","ReviewRequired","False","False","","True","Faction names are used by game logic; direct replacement has caused load/runtime failures."
"Content\Config\Primary\Factions.xml","Factions.original.xml","faction","FACTION_NEUTRALS","duplicateFactionNamesList/name","26","The Scythians","13","FactionNameOrLabel","ReviewRequired","False","False","","True","Faction names are used by game logic; direct replacement has caused load/runtime failures."
"Content\Config\Primary\Factions.xml","Factions.original.xml","faction","FACTION_NEUTRALS","duplicateFactionNamesList/name","27","The Alans","9","FactionNameOrLabel","ReviewRequired","False","False","","True","Faction names are used by game logic; direct replacement has caused load/runtime failures."
"Content\Config\Primary\Factions.xml","Factions.original.xml","faction","FACTION_NEUTRALS","duplicateFactionNamesList/name","28","The Getae","9","FactionNameOrLabel","ReviewRequired","False","False","","True","Faction names are used by game logic; direct replacement has caused load/runtime failures."
"Content\Config\Primary\Factions.xml","Factions.original.xml","faction","FACTION_NEUTRALS","duplicateFactionNamesList/name","29","The Dacians","11","FactionNameOrLabel","ReviewRequired","False","False","","True","Faction names are used by game logic; direct replacement has caused load/runtime failures."
"Content\Config\Primary\Factions.xml","Factions.original.xml","faction","FACTION_NEUTRALS","duplicateFactionNamesList/name","30","The Jats","8","FactionNameOrLabel","ReviewRequired","False","False","","True","Faction names are used by game logic; direct replacement has caused load/runtime failures."
"Content\Config\Primary\Factions.xml","Factions.original.xml","faction","FACTION_NEUTRALS","duplicateFactionNamesList/name","31","The Geats","9","FactionNameOrLabel","ReviewRequired","False","False","","True","Faction names are used by game logic; direct replacement has caused load/runtime failures."
"Content\Config\Primary\Factions.xml","Factions.original.xml","faction","FACTION_NEUTRALS","duplicateFactionNamesList/name","32","The Massagetae","14","FactionNameOrLabel","ReviewRequired","False","False","","True","Faction names are used by game logic; direct replacement has caused load/runtime failures."
"Content\Config\Primary\Factions.xml","Factions.original.xml","faction","FACTION_NEUTRALS","duplicateFactionNamesList/name","33","The Aspasioi","12","FactionNameOrLabel","ReviewRequired","False","False","","True","Faction names are used by game logic; direct replacement has caused load/runtime failures."
"Content\Config\Primary\Factions.xml","Factions.original.xml","faction","FACTION_NEUTRALS","duplicateFactionNamesList/name","34","The Dahae","9","FactionNameOrLabel","ReviewRequired","False","False","","True","Faction names are used by game logic; direct replacement has caused load/runtime failures."
"Content\Config\Primary\Factions.xml","Factions.original.xml","faction","FACTION_NEUTRALS","duplicateFactionNamesList/name","35","The Issedones","13","FactionNameOrLabel","ReviewRequired","False","False","","True","Faction names are used by game logic; direct replacement has caused load/runtime failures."
"Content\Config\Primary\Factions.xml","Factions.original.xml","faction","FACTION_NEUTRALS","duplicateFactionNamesList/name","36","The Wusun","9","FactionNameOrLabel","ReviewRequired","False","False","","True","Faction names are used by game logic; direct replacement has caused load/runtime failures."
"Content\Config\Primary\Factions.xml","Factions.original.xml","faction","FACTION_NEUTRALS","duplicateFactionNamesList/name","37","The Sacae","9","FactionNameOrLabel","ReviewRequired","False","False","","True","Faction names are used by game logic; direct replacement has caused load/runtime failures."
"Content\Config\Primary\Factions.xml","Factions.original.xml","faction","FACTION_NEUTRALS","duplicateFactionNamesList/name","38","The Varini","10","FactionNameOrLabel","ReviewRequired","False","False","","True","Faction names are used by game logic; direct replacement has caused load/runtime failures."
"Content\Config\Primary\Factions.xml","Factions.original.xml","faction","FACTION_NEUTRALS","duplicateFactionNamesList/name","39","The Carini","10","FactionNameOrLabel","ReviewRequired","False","False","","True","Faction names are used by game logic; direct replacement has caused load/runtime failures."
"Content\Config\Primary\Factions.xml","Factions.original.xml","faction","FACTION_NEUTRALS","duplicateFactionNamesList/name","40","The Gutones","11","FactionNameOrLabel","ReviewRequired","False","False","","True","Faction names are used by game logic; direct replacement has caused load/runtime failures."
"Content\Config\Primary\Factions.xml","Factions.original.xml","faction","FACTION_NEUTRALS","duplicateFactionNamesList/name","41","The Cimbri","10","FactionNameOrLabel","ReviewRequired","False","False","","True","Faction names are used by game logic; direct replacement has caused load/runtime failures."
"Content\Config\Primary\Factions.xml","Factions.original.xml","faction","FACTION_NEUTRALS","duplicateFactionNamesList/name","42","The Teutons","11","FactionNameOrLabel","ReviewRequired","False","False","","True","Faction names are used by game logic; direct replacement has caused load/runtime failures."
"Content\Config\Primary\Factions.xml","Factions.original.xml","faction","FACTION_NEUTRALS","duplicateFactionNamesList/name","43","The Chauci","10","FactionNameOrLabel","ReviewRequired","False","False","","True","Faction names are used by game logic; direct replacement has caused load/runtime failures."
"Content\Config\Primary\Factions.xml","Factions.original.xml","faction","FACTION_NEUTRALS","duplicateFactionNamesList/name","44","The Lemovii","11","FactionNameOrLabel","ReviewRequired","False","False","","True","Faction names are used by game logic; direct replacement has caused load/runtime failures."
"Content\Config\Primary\Factions.xml","Factions.original.xml","faction","FACTION_NEUTRALS","duplicateFactionNamesList/name","45","The Quadi","9","FactionNameOrLabel","ReviewRequired","False","False","","True","Faction names are used by game logic; direct replacement has caused load/runtime failures."
"Content\Config\Primary\Factions.xml","Factions.original.xml","faction","FACTION_NEUTRALS","duplicateFactionNamesList/name","46","The Iazyges","11","FactionNameOrLabel","ReviewRequired","False","False","","True","Faction names are used by game logic; direct replacement has caused load/runtime failures."
"Content\Config\Primary\Factions.xml","Factions.original.xml","faction","FACTION_NEUTRALS","duplicateFactionNamesList/name","47","The Marcomanni","14","FactionNameOrLabel","ReviewRequired","False","False","","True","Faction names are used by game logic; direct replacement has caused load/runtime failures."
"Content\Config\Primary\Factions.xml","Factions.original.xml","faction","FACTION_NEUTRALS","duplicateFactionNamesList/name","48","The Costoboci","13","FactionNameOrLabel","ReviewRequired","False","False","","True","Faction names are used by game logic; direct replacement has caused load/runtime failures."
"Content\Config\Primary\Factions.xml","Factions.original.xml","faction","FACTION_NEUTRALS","duplicateFactionNamesList/name","49","The Hasdingi","12","FactionNameOrLabel","ReviewRequired","False","False","","True","Faction names are used by game logic; direct replacement has caused load/runtime failures."
"Content\Config\Primary\Factions.xml","Factions.original.xml","faction","FACTION_NEUTRALS","duplicateFactionNamesList/name","50","The Lacringi","12","FactionNameOrLabel","ReviewRequired","False","False","","True","Faction names are used by game logic; direct replacement has caused load/runtime failures."
"Content\Config\Primary\Factions.xml","Factions.original.xml","faction","FACTION_NEUTRALS","duplicateFactionNamesList/name","51","The Buri","8","FactionNameOrLabel","ReviewRequired","False","False","","True","Faction names are used by game logic; direct replacement has caused load/runtime failures."
"Content\Config\Primary\Factions.xml","Factions.original.xml","faction","FACTION_NEUTRALS","duplicateFactionNamesList/name","52","The Cotini","10","FactionNameOrLabel","ReviewRequired","False","False","","True","Faction names are used by game logic; direct replacement has caused load/runtime failures."
"Content\Config\Primary\Factions.xml","Factions.original.xml","faction","FACTION_NEUTRALS","duplicateFactionNamesList/name","53","The Carpi","9","FactionNameOrLabel","ReviewRequired","False","False","","True","Faction names are used by game logic; direct replacement has caused load/runtime failures."
"Content\Config\Primary\Factions.xml","Factions.original.xml","faction","FACTION_NEUTRALS","duplicateFactionNamesList/name","54","The Taifali","11","FactionNameOrLabel","ReviewRequired","False","False","","True","Faction names are used by game logic; direct replacement has caused load/runtime failures."
"Content\Config\Primary\Factions.xml","Factions.original.xml","faction","FACTION_NEUTRALS","duplicateFactionNamesList/name","55","The Victohali","13","FactionNameOrLabel","ReviewRequired","False","False","","True","Faction names are used by game logic; direct replacement has caused load/runtime failures."
"Content\Config\Primary\Factions.xml","Factions.original.xml","faction","FACTION_NEUTRALS","duplicateFactionNamesList/name","56","The Salians","11","FactionNameOrLabel","ReviewRequired","False","False","","True","Faction names are used by game logic; direct replacement has caused load/runtime failures."
"Content\Config\Primary\Factions.xml","Factions.original.xml","faction","FACTION_NEUTRALS","shortName","","Ntr","3","CodeOrAbbreviation","DoNotPatchHere","False","False","","False","Likely a compact UI code or logic abbreviation."
"Content\Config\Primary\Factions.xml","Factions.original.xml","faction","FACTION_NEUTRALS","adjective","","Neutral","7","FactionNameOrLabel","ReviewRequired","False","False","","False","Faction names are used by game logic; direct replacement has caused load/runtime failures."
"Content\Config\Primary\Factions.xml","Factions.original.xml","faction","FACTION_NEUTRALS","city/name","","Minor Tribe","11","FactionNameOrLabel","ReviewRequired","False","False","","False","Faction names are used by game logic; direct replacement has caused load/runtime failures."
"Content\Config\Primary\Factions.xml","Factions.original.xml","faction","FACTION_BANDITS","name","","Bandits","7","FactionNameOrLabel","ReviewRequired","False","False","","False","Faction names are used by game logic; direct replacement has caused load/runtime failures."
"Content\Config\Primary\Factions.xml","Factions.original.xml","faction","FACTION_BANDITS","description","","TODO","4","TodoPlaceholder","Skip","False","False","","False","Developer placeholder, not player-facing prose."
"Content\Config\Primary\Factions.xml","Factions.original.xml","faction","FACTION_BANDITS","duplicateFactionNamesList/name","0","Bandits 1","9","FactionNameOrLabel","ReviewRequired","False","False","","False","Faction names are used by game logic; direct replacement has caused load/runtime failures."
"Content\Config\Primary\Factions.xml","Factions.original.xml","faction","FACTION_BANDITS","duplicateFactionNamesList/name","1","Bandits 2","9","FactionNameOrLabel","ReviewRequired","False","False","","False","Faction names are used by game logic; direct replacement has caused load/runtime failures."
"Content\Config\Primary\Factions.xml","Factions.original.xml","faction","FACTION_BANDITS","duplicateFactionNamesList/name","2","Bandits 3","9","FactionNameOrLabel","ReviewRequired","False","False","","False","Faction names are used by game logic; direct replacement has caused load/runtime failures."
"Content\Config\Primary\Factions.xml","Factions.original.xml","faction","FACTION_BANDITS","duplicateFactionNamesList/name","3","Bandits 4","9","FactionNameOrLabel","ReviewRequired","False","False","","False","Faction names are used by game logic; direct replacement has caused load/runtime failures."
"Content\Config\Primary\Factions.xml","Factions.original.xml","faction","FACTION_BANDITS","duplicateFactionNamesList/name","4","Bandits 5","9","FactionNameOrLabel","ReviewRequired","False","False","","False","Faction names are used by game logic; direct replacement has caused load/runtime failures."
"Content\Config\Primary\Factions.xml","Factions.original.xml","faction","FACTION_BANDITS","shortName","","Bnd","3","CodeOrAbbreviation","DoNotPatchHere","False","False","","False","Likely a compact UI code or logic abbreviation."
"Content\Config\Primary\Factions.xml","Factions.original.xml","faction","FACTION_BANDITS","adjective","","Bandit","6","FactionNameOrLabel","ReviewRequired","False","False","","False","Faction names are used by game logic; direct replacement has caused load/runtime failures."
"Content\Config\Primary\Factions.xml","Factions.original.xml","faction","FACTION_WESTERN_ROME_REBELS","name","","Western Roman Rebels","20","FactionNameOrLabel","ReviewRequired","False","False","","False","Faction names are used by game logic; direct replacement has caused load/runtime failures."
"Content\Config\Primary\Factions.xml","Factions.original.xml","faction","FACTION_WESTERN_ROME_REBELS","description","","TODO","4","TodoPlaceholder","Skip","False","False","","False","Developer placeholder, not player-facing prose."
"Content\Config\Primary\Factions.xml","Factions.original.xml","faction","FACTION_WESTERN_ROME_REBELS","shortName","","WRR","3","CodeOrAbbreviation","DoNotPatchHere","False","False","","False","Likely a compact UI code or logic abbreviation."
"Content\Config\Primary\Factions.xml","Factions.original.xml","faction","FACTION_WESTERN_ROME_REBELS","adjective","","Western Roman (R)","17","FactionNameOrLabel","ReviewRequired","False","False","(R)","False","Faction names are used by game logic; direct replacement has caused load/runtime failures."
"Content\Config\Primary\Factions.xml","Factions.original.xml","faction","FACTION_WESTERN_ROME_INDEPENDENTS","name","","Western Roman Independents","26","FactionNameOrLabel","ReviewRequired","False","False","","False","Faction names are used by game logic; direct replacement has caused load/runtime failures."
"Content\Config\Primary\Factions.xml","Factions.original.xml","faction","FACTION_WESTERN_ROME_INDEPENDENTS","description","","TODO","4","TodoPlaceholder","Skip","False","False","","False","Developer placeholder, not player-facing prose."
"Content\Config\Primary\Factions.xml","Factions.original.xml","faction","FACTION_WESTERN_ROME_INDEPENDENTS","shortName","","WRI","3","CodeOrAbbreviation","DoNotPatchHere","False","False","","False","Likely a compact UI code or logic abbreviation."
"Content\Config\Primary\Factions.xml","Factions.original.xml","faction","FACTION_WESTERN_ROME_INDEPENDENTS","adjective","","Western Roman (I)","17","FactionNameOrLabel","ReviewRequired","False","False","(I)","False","Faction names are used by game logic; direct replacement has caused load/runtime failures."
"Content\Config\Primary\Factions.xml","Factions.original.xml","faction","FACTION_WESTERN_ROME","name","","The Western Roman Empire","24","FactionNameOrLabel","ReviewRequired","False","False","","False","Faction names are used by game logic; direct replacement has caused load/runtime failures."
"Content\Config\Primary\Factions.xml","Factions.original.xml","faction","FACTION_WESTERN_ROME","description","","TODO","4","TodoPlaceholder","Skip","False","False","","False","Developer placeholder, not player-facing prose."
"Content\Config\Primary\Factions.xml","Factions.original.xml","faction","FACTION_WESTERN_ROME","shortName","","WRm","3","CodeOrAbbreviation","DoNotPatchHere","False","False","","False","Likely a compact UI code or logic abbreviation."
"Content\Config\Primary\Factions.xml","Factions.original.xml","faction","FACTION_WESTERN_ROME","adjective","","Western Roman","13","FactionNameOrLabel","ReviewRequired","False","False","","False","Faction names are used by game logic; direct replacement has caused load/runtime failures."
"Content\Config\Primary\Factions.xml","Factions.original.xml","faction","FACTION_WESTERN_ROME","city/name","0","Rome","4","FactionNameOrLabel","ReviewRequired","False","False","","False","Faction names are used by game logic; direct replacement has caused load/runtime failures."
"Content\Config\Primary\Factions.xml","Factions.original.xml","faction","FACTION_WESTERN_ROME","city/name","1","Milan","5","FactionNameOrLabel","ReviewRequired","False","False","","False","Faction names are used by game logic; direct replacement has caused load/runtime failures."
"Content\Config\Primary\Factions.xml","Factions.original.xml","faction","FACTION_WESTERN_ROME","city/name","2","Ravenna","7","FactionNameOrLabel","ReviewRequired","False","False","","False","Faction names are used by game logic; direct replacement has caused load/runtime failures."
"Content\Config\Primary\Factions.xml","Factions.original.xml","faction","FACTION_WESTERN_ROME","city/name","3","Trier","5","FactionNameOrLabel","ReviewRequired","False","False","","False","Faction names are used by game logic; direct replacement has caused load/runtime failures."
"Content\Config\Primary\Factions.xml","Factions.original.xml","faction","FACTION_WESTERN_ROME","city/name","4","Aquileia","8","FactionNameOrLabel","ReviewRequired","False","False","","False","Faction names are used by game logic; direct replacement has caused load/runtime failures."
"Content\Config\Primary\Factions.xml","Factions.original.xml","faction","FACTION_WESTERN_ROME","city/name","5","Lugdunum","8","FactionNameOrLabel","ReviewRequired","False","False","","False","Faction names are used by game logic; direct replacement has caused load/runtime failures."
"Content\Config\Primary\Factions.xml","Factions.original.xml","faction","FACTION_WESTERN_ROME","city/name","6","Massilia","8","FactionNameOrLabel","ReviewRequired","False","False","","False","Faction names are used by game logic; direct replacement has caused load/runtime failures."
"Content\Config\Primary\Factions.xml","Factions.original.xml","faction","FACTION_WESTERN_ROME","city/name","7","Carthage","8","FactionNameOrLabel","ReviewRequired","False","False","","False","Faction names are used by game logic; direct replacement has caused load/runtime failures."
"Content\Config\Primary\Factions.xml","Factions.original.xml","faction","FACTION_WESTERN_ROME","city/name","8","Londinium","9","FactionNameOrLabel","ReviewRequired","False","False","","False","Faction names are used by game logic; direct replacement has caused load/runtime failures."
"Content\Config\Primary\Factions.xml","Factions.original.xml","faction","FACTION_WESTERN_ROME","city/name","9","Leptis Magna","12","FactionNameOrLabel","ReviewRequired","False","False","","False","Faction names are used by game logic; direct replacement has caused load/runtime failures."
"Content\Config\Primary\Factions.xml","Factions.original.xml","faction","FACTION_WESTERN_ROME","city/name","10","Carthago Nova","13","FactionNameOrLabel","ReviewRequired","False","False","","False","Faction names are used by game logic; direct replacement has caused load/runtime failures."
"Content\Config\Primary\Factions.xml","Factions.original.xml","faction","FACTION_EASTERN_ROME_REBELS","name","","Eastern Roman Rebels","20","FactionNameOrLabel","ReviewRequired","False","False","","False","Faction names are used by game logic; direct replacement has caused load/runtime failures."
"Content\Config\Primary\Factions.xml","Factions.original.xml","faction","FACTION_EASTERN_ROME_REBELS","description","","TODO","4","TodoPlaceholder","Skip","False","False","","False","Developer placeholder, not player-facing prose."
"Content\Config\Primary\Factions.xml","Factions.original.xml","faction","FACTION_EASTERN_ROME_REBELS","shortName","","ERR","3","CodeOrAbbreviation","DoNotPatchHere","False","False","","False","Likely a compact UI code or logic abbreviation."
"Content\Config\Primary\Factions.xml","Factions.original.xml","faction","FACTION_EASTERN_ROME_REBELS","adjective","","Eastern Roman (R)","17","FactionNameOrLabel","ReviewRequired","False","False","(R)","False","Faction names are used by game logic; direct replacement has caused load/runtime failures."
"Content\Config\Primary\Factions.xml","Factions.original.xml","faction","FACTION_EASTERN_ROME_INDEPENDENTS","name","","Eastern Roman Independents","26","FactionNameOrLabel","ReviewRequired","False","False","","False","Faction names are used by game logic; direct replacement has caused load/runtime failures."
"Content\Config\Primary\Factions.xml","Factions.original.xml","faction","FACTION_EASTERN_ROME_INDEPENDENTS","description","","TODO","4","TodoPlaceholder","Skip","False","False","","False","Developer placeholder, not player-facing prose."
"Content\Config\Primary\Factions.xml","Factions.original.xml","faction","FACTION_EASTERN_ROME_INDEPENDENTS","shortName","","ERI","3","CodeOrAbbreviation","DoNotPatchHere","False","False","","False","Likely a compact UI code or logic abbreviation."
"Content\Config\Primary\Factions.xml","Factions.original.xml","faction","FACTION_EASTERN_ROME_INDEPENDENTS","adjective","","Eastern Roman (I)","17","FactionNameOrLabel","ReviewRequired","False","False","(I)","False","Faction names are used by game logic; direct replacement has caused load/runtime failures."
"Content\Config\Primary\Factions.xml","Factions.original.xml","faction","FACTION_EASTERN_ROME","name","","The Eastern Roman Empire","24","FactionNameOrLabel","ReviewRequired","False","False","","False","Faction names are used by game logic; direct replacement has caused load/runtime failures."
"Content\Config\Primary\Factions.xml","Factions.original.xml","faction","FACTION_EASTERN_ROME","description","","TODO","4","TodoPlaceholder","Skip","False","False","","False","Developer placeholder, not player-facing prose."
"Content\Config\Primary\Factions.xml","Factions.original.xml","faction","FACTION_EASTERN_ROME","shortName","","ERm","3","CodeOrAbbreviation","DoNotPatchHere","False","False","","False","Likely a compact UI code or logic abbreviation."
"Content\Config\Primary\Factions.xml","Factions.original.xml","faction","FACTION_EASTERN_ROME","adjective","","Eastern Roman","13","FactionNameOrLabel","ReviewRequired","False","False","","False","Faction names are used by game logic; direct replacement has caused load/runtime failures."
"Content\Config\Primary\Factions.xml","Factions.original.xml","faction","FACTION_EASTERN_ROME","city/name","0","Constantinople","14","FactionNameOrLabel","ReviewRequired","False","False","","False","Faction names are used by game logic; direct replacement has caused load/runtime failures."
"Content\Config\Primary\Factions.xml","Factions.original.xml","faction","FACTION_EASTERN_ROME","city/name","1","Athens","6","FactionNameOrLabel","ReviewRequired","False","False","","False","Faction names are used by game logic; direct replacement has caused load/runtime failures."
"Content\Config\Primary\Factions.xml","Factions.original.xml","faction","FACTION_EASTERN_ROME","city/name","2","Damascus","8","FactionNameOrLabel","ReviewRequired","False","False","","False","Faction names are used by game logic; direct replacement has caused load/runtime failures."
"Content\Config\Primary\Factions.xml","Factions.original.xml","faction","FACTION_EASTERN_ROME","city/name","3","Pergamum","8","FactionNameOrLabel","ReviewRequired","False","False","","False","Faction names are used by game logic; direct replacement has caused load/runtime failures."
"Content\Config\Primary\Factions.xml","Factions.original.xml","faction","FACTION_EASTERN_ROME","city/name","4","Smyrna","6","FactionNameOrLabel","ReviewRequired","False","False","","False","Faction names are used by game logic; direct replacement has caused load/runtime failures."
"Content\Config\Primary\Factions.xml","Factions.original.xml","faction","FACTION_EASTERN_ROME","city/name","5","Alexandria","10","FactionNameOrLabel","ReviewRequired","False","False","","False","Faction names are used by game logic; direct replacement has caused load/runtime failures."
"Content\Config\Primary\Factions.xml","Factions.original.xml","faction","FACTION_EASTERN_ROME","city/name","6","Corinth","7","FactionNameOrLabel","ReviewRequired","False","False","","False","Faction names are used by game logic; direct replacement has caused load/runtime failures."
"Content\Config\Primary\Factions.xml","Factions.original.xml","faction","FACTION_EASTERN_ROME","city/name","7","Antioch","7","FactionNameOrLabel","ReviewRequired","False","False","","False","Faction names are used by game logic; direct replacement has caused load/runtime failures."
"Content\Config\Primary\Factions.xml","Factions.original.xml","faction","FACTION_EASTERN_ROME","city/name","8","Ephesus","7","FactionNameOrLabel","ReviewRequired","False","False","","False","Faction names are used by game logic; direct replacement has caused load/runtime failures."
"Content\Config\Primary\Factions.xml","Factions.original.xml","faction","FACTION_EASTERN_ROME","city/name","9","Jerusalem","9","FactionNameOrLabel","ReviewRequired","False","False","","False","Faction names are used by game logic; direct replacement has caused load/runtime failures."
"Content\Config\Primary\Factions.xml","Factions.original.xml","faction","FACTION_EASTERN_ROME","city/name","10","Sirmium","7","FactionNameOrLabel","ReviewRequired","False","False","","False","Faction names are used by game logic; direct replacement has caused load/runtime failures."
"Content\Config\Primary\Factions.xml","Factions.original.xml","faction","FACTION_GOTHS","name","","The Goths","9","FactionNameOrLabel","ReviewRequired","False","False","","False","Faction names are used by game logic; direct replacement has caused load/runtime failures."
"Content\Config\Primary\Factions.xml","Factions.original.xml","faction","FACTION_GOTHS","description","","TEXT.Faction.FactionTraitDescription.Goths","42","TextKeyReference","DoNotPatchHere","False","False","","False","This is a key/reference; translate the resolved text entry instead."
"Content\Config\Primary\Factions.xml","Factions.original.xml","faction","FACTION_GOTHS","shortName","","Gth","3","CodeOrAbbreviation","DoNotPatchHere","False","False","","False","Likely a compact UI code or logic abbreviation."
"Content\Config\Primary\Factions.xml","Factions.original.xml","faction","FACTION_GOTHS","adjective","","Gothic","6","FactionNameOrLabel","ReviewRequired","False","False","","False","Faction names are used by game logic; direct replacement has caused load/runtime failures."
"Content\Config\Primary\Factions.xml","Factions.original.xml","faction","FACTION_GOTHS","city/name","","The Goths","9","FactionNameOrLabel","ReviewRequired","False","False","","False","Faction names are used by game logic; direct replacement has caused load/runtime failures."
"Content\Config\Primary\Factions.xml","Factions.original.xml","faction","FACTION_HUNS","name","","The Huns","8","FactionNameOrLabel","ReviewRequired","False","False","","False","Faction names are used by game logic; direct replacement has caused load/runtime failures."
"Content\Config\Primary\Factions.xml","Factions.original.xml","faction","FACTION_HUNS","description","","TEXT.Faction.FactionTraitDescription.Huns","41","TextKeyReference","DoNotPatchHere","False","False","","False","This is a key/reference; translate the resolved text entry instead."
"Content\Config\Primary\Factions.xml","Factions.original.xml","faction","FACTION_HUNS","shortName","","Hun","3","CodeOrAbbreviation","DoNotPatchHere","False","False","","False","Likely a compact UI code or logic abbreviation."
"Content\Config\Primary\Factions.xml","Factions.original.xml","faction","FACTION_HUNS","adjective","","Hunnic","6","FactionNameOrLabel","ReviewRequired","False","False","","False","Faction names are used by game logic; direct replacement has caused load/runtime failures."
"Content\Config\Primary\Factions.xml","Factions.original.xml","faction","FACTION_HUNS","city/name","","The Huns","8","FactionNameOrLabel","ReviewRequired","False","False","","False","Faction names are used by game logic; direct replacement has caused load/runtime failures."
"Content\Config\Primary\Factions.xml","Factions.original.xml","faction","FACTION_VANDALS","name","","The Vandals","11","FactionNameOrLabel","ReviewRequired","False","False","","False","Faction names are used by game logic; direct replacement has caused load/runtime failures."
"Content\Config\Primary\Factions.xml","Factions.original.xml","faction","FACTION_VANDALS","description","","TEXT.Faction.FactionTraitDescription.Vandals","44","TextKeyReference","DoNotPatchHere","False","False","","False","This is a key/reference; translate the resolved text entry instead."
"Content\Config\Primary\Factions.xml","Factions.original.xml","faction","FACTION_VANDALS","shortName","","Vdl","3","CodeOrAbbreviation","DoNotPatchHere","False","False","","False","Likely a compact UI code or logic abbreviation."
"Content\Config\Primary\Factions.xml","Factions.original.xml","faction","FACTION_VANDALS","adjective","","Vandal","6","FactionNameOrLabel","ReviewRequired","False","False","","False","Faction names are used by game logic; direct replacement has caused load/runtime failures."
"Content\Config\Primary\Factions.xml","Factions.original.xml","faction","FACTION_VANDALS","city/name","","The Vandals","11","FactionNameOrLabel","ReviewRequired","False","False","","False","Faction names are used by game logic; direct replacement has caused load/runtime failures."
"Content\Config\Primary\Factions.xml","Factions.original.xml","faction","FACTION_ALEMANNI","name","","The Alemanni","12","FactionNameOrLabel","ReviewRequired","False","False","","False","Faction names are used by game logic; direct replacement has caused load/runtime failures."
"Content\Config\Primary\Factions.xml","Factions.original.xml","faction","FACTION_ALEMANNI","description","","TEXT.Faction.FactionTraitDescription.Alemanni","45","TextKeyReference","DoNotPatchHere","False","False","","False","This is a key/reference; translate the resolved text entry instead."
"Content\Config\Primary\Factions.xml","Factions.original.xml","faction","FACTION_ALEMANNI","shortName","","Alm","3","CodeOrAbbreviation","DoNotPatchHere","False","False","","False","Likely a compact UI code or logic abbreviation."
"Content\Config\Primary\Factions.xml","Factions.original.xml","faction","FACTION_ALEMANNI","adjective","","Alemanni","8","FactionNameOrLabel","ReviewRequired","False","False","","False","Faction names are used by game logic; direct replacement has caused load/runtime failures."
"Content\Config\Primary\Factions.xml","Factions.original.xml","faction","FACTION_ALEMANNI","city/name","","The Alemanni","12","FactionNameOrLabel","ReviewRequired","False","False","","False","Faction names are used by game logic; direct replacement has caused load/runtime failures."
"Content\Config\Primary\Factions.xml","Factions.original.xml","faction","FACTION_PICTS","name","","The Picts","9","FactionNameOrLabel","ReviewRequired","False","False","","False","Faction names are used by game logic; direct replacement has caused load/runtime failures."
"Content\Config\Primary\Factions.xml","Factions.original.xml","faction","FACTION_PICTS","description","","TEXT.Faction.FactionTraitDescription.Picts","42","TextKeyReference","DoNotPatchHere","False","False","","False","This is a key/reference; translate the resolved text entry instead."
"Content\Config\Primary\Factions.xml","Factions.original.xml","faction","FACTION_PICTS","shortName","","Pct","3","CodeOrAbbreviation","DoNotPatchHere","False","False","","False","Likely a compact UI code or logic abbreviation."
"Content\Config\Primary\Factions.xml","Factions.original.xml","faction","FACTION_PICTS","adjective","","Pictish","7","FactionNameOrLabel","ReviewRequired","False","False","","False","Faction names are used by game logic; direct replacement has caused load/runtime failures."
"Content\Config\Primary\Factions.xml","Factions.original.xml","faction","FACTION_PICTS","city/name","","The Picts","9","FactionNameOrLabel","ReviewRequired","False","False","","False","Faction names are used by game logic; direct replacement has caused load/runtime failures."
"Content\Config\Primary\Factions.xml","Factions.original.xml","faction","FACTION_LOMBARDS","name","","The Lombards","12","FactionNameOrLabel","ReviewRequired","False","False","","False","Faction names are used by game logic; direct replacement has caused load/runtime failures."
"Content\Config\Primary\Factions.xml","Factions.original.xml","faction","FACTION_LOMBARDS","description","","TEXT.Faction.FactionTraitDescription.Lombards","45","TextKeyReference","DoNotPatchHere","False","False","","False","This is a key/reference; translate the resolved text entry instead."
"Content\Config\Primary\Factions.xml","Factions.original.xml","faction","FACTION_LOMBARDS","shortName","","Lmb","3","CodeOrAbbreviation","DoNotPatchHere","False","False","","False","Likely a compact UI code or logic abbreviation."
"Content\Config\Primary\Factions.xml","Factions.original.xml","faction","FACTION_LOMBARDS","adjective","","Lombardian","10","FactionNameOrLabel","ReviewRequired","False","False","","False","Faction names are used by game logic; direct replacement has caused load/runtime failures."
"Content\Config\Primary\Factions.xml","Factions.original.xml","faction","FACTION_LOMBARDS","city/name","","The Lombards","12","FactionNameOrLabel","ReviewRequired","False","False","","False","Faction names are used by game logic; direct replacement has caused load/runtime failures."
"Content\Config\Primary\Factions.xml","Factions.original.xml","faction","FACTION_FRANKS","name","","The Franks","10","FactionNameOrLabel","ReviewRequired","False","False","","False","Faction names are used by game logic; direct replacement has caused load/runtime failures."
"Content\Config\Primary\Factions.xml","Factions.original.xml","faction","FACTION_FRANKS","description","","TEXT.Faction.FactionTraitDescription.Franks","43","TextKeyReference","DoNotPatchHere","False","False","","False","This is a key/reference; translate the resolved text entry instead."
"Content\Config\Primary\Factions.xml","Factions.original.xml","faction","FACTION_FRANKS","shortName","","Frk","3","CodeOrAbbreviation","DoNotPatchHere","False","False","","False","Likely a compact UI code or logic abbreviation."
"Content\Config\Primary\Factions.xml","Factions.original.xml","faction","FACTION_FRANKS","adjective","","Frankish","8","FactionNameOrLabel","ReviewRequired","False","False","","False","Faction names are used by game logic; direct replacement has caused load/runtime failures."
"Content\Config\Primary\Factions.xml","Factions.original.xml","faction","FACTION_FRANKS","city/name","","The Franks","10","FactionNameOrLabel","ReviewRequired","False","False","","False","Faction names are used by game logic; direct replacement has caused load/runtime failures."
"Content\Config\Primary\Factions.xml","Factions.original.xml","faction","FACTION_SLAVS","name","","The Slavs","9","FactionNameOrLabel","ReviewRequired","False","False","","False","Faction names are used by game logic; direct replacement has caused load/runtime failures."
"Content\Config\Primary\Factions.xml","Factions.original.xml","faction","FACTION_SLAVS","description","","TEXT.Faction.FactionTraitDescription.Slavs","42","TextKeyReference","DoNotPatchHere","False","False","","False","This is a key/reference; translate the resolved text entry instead."
"Content\Config\Primary\Factions.xml","Factions.original.xml","faction","FACTION_SLAVS","shortName","","Slv","3","CodeOrAbbreviation","DoNotPatchHere","False","False","","False","Likely a compact UI code or logic abbreviation."
"Content\Config\Primary\Factions.xml","Factions.original.xml","faction","FACTION_SLAVS","adjective","","Slavic","6","FactionNameOrLabel","ReviewRequired","False","False","","False","Faction names are used by game logic; direct replacement has caused load/runtime failures."
"Content\Config\Primary\Factions.xml","Factions.original.xml","faction","FACTION_SLAVS","city/name","","The Slavs","9","FactionNameOrLabel","ReviewRequired","False","False","","False","Faction names are used by game logic; direct replacement has caused load/runtime failures."
"Content\Config\Primary\Factions.xml","Factions.original.xml","faction","FACTION_SAXONS","name","","The Saxons","10","FactionNameOrLabel","ReviewRequired","False","False","","False","Faction names are used by game logic; direct replacement has caused load/runtime failures."
"Content\Config\Primary\Factions.xml","Factions.original.xml","faction","FACTION_SAXONS","description","","TEXT.Faction.FactionTraitDescription.Saxons","43","TextKeyReference","DoNotPatchHere","False","False","","False","This is a key/reference; translate the resolved text entry instead."
"Content\Config\Primary\Factions.xml","Factions.original.xml","faction","FACTION_SAXONS","shortName","","Sxn","3","CodeOrAbbreviation","DoNotPatchHere","False","False","","False","Likely a compact UI code or logic abbreviation."
"Content\Config\Primary\Factions.xml","Factions.original.xml","faction","FACTION_SAXONS","adjective","","Saxon","5","FactionNameOrLabel","ReviewRequired","False","False","","False","Faction names are used by game logic; direct replacement has caused load/runtime failures."
"Content\Config\Primary\Factions.xml","Factions.original.xml","faction","FACTION_SAXONS","city/name","","The Saxons","10","FactionNameOrLabel","ReviewRequired","False","False","","False","Faction names are used by game logic; direct replacement has caused load/runtime failures."
"Content\Config\Primary\Factions.xml","Factions.original.xml","faction","FACTION_AVARS","name","","The Avars","9","FactionNameOrLabel","ReviewRequired","False","False","","False","Faction names are used by game logic; direct replacement has caused load/runtime failures."
"Content\Config\Primary\Factions.xml","Factions.original.xml","faction","FACTION_AVARS","description","","TEXT.Faction.FactionTraitDescription.Avars","42","TextKeyReference","DoNotPatchHere","False","False","","False","This is a key/reference; translate the resolved text entry instead."
"Content\Config\Primary\Factions.xml","Factions.original.xml","faction","FACTION_AVARS","shortName","","Avr","3","CodeOrAbbreviation","DoNotPatchHere","False","False","","False","Likely a compact UI code or logic abbreviation."
"Content\Config\Primary\Factions.xml","Factions.original.xml","faction","FACTION_AVARS","adjective","","Avar","4","FactionNameOrLabel","ReviewRequired","False","False","","False","Faction names are used by game logic; direct replacement has caused load/runtime failures."
"Content\Config\Primary\Factions.xml","Factions.original.xml","faction","FACTION_AVARS","city/name","","The Avars","9","FactionNameOrLabel","ReviewRequired","False","False","","False","Faction names are used by game logic; direct replacement has caused load/runtime failures."
"Content\Config\Primary\FactionTraits.xml","FactionTraits.original.xml","factionTrait","FACTIONTRAIT_MINOR","name","","TEXT.Name.FactionTrait.Minor","28","TextKeyReference","DoNotPatchHere","False","False","","False","This is a key/reference; translate the resolved text entry instead."
"Content\Config\Primary\FactionTraits.xml","FactionTraits.original.xml","factionTrait","FACTIONTRAIT_MINOR","shortName","","ROME","4","CodeOrAbbreviation","DoNotPatchHere","False","False","","False","Likely a compact UI code or logic abbreviation."
"Content\Config\Primary\FactionTraits.xml","FactionTraits.original.xml","factionTrait","FACTIONTRAIT_MINOR","description","","TEXT.Description.Minor","22","TextKeyReference","DoNotPatchHere","False","False","","False","This is a key/reference; translate the resolved text entry instead."
"Content\Config\Primary\FactionTraits.xml","FactionTraits.original.xml","factionTrait","FACTIONTRAIT_ROMAN","name","","TEXT.Name.FactionTrait.Roman","28","TextKeyReference","DoNotPatchHere","False","False","","False","This is a key/reference; translate the resolved text entry instead."
"Content\Config\Primary\FactionTraits.xml","FactionTraits.original.xml","factionTrait","FACTIONTRAIT_ROMAN","shortName","","ROME","4","CodeOrAbbreviation","DoNotPatchHere","False","False","","False","Likely a compact UI code or logic abbreviation."
"Content\Config\Primary\FactionTraits.xml","FactionTraits.original.xml","factionTrait","FACTIONTRAIT_ROMAN","description","","TEXT.Description.Roman","22","TextKeyReference","DoNotPatchHere","False","False","","False","This is a key/reference; translate the resolved text entry instead."
"Content\Config\Primary\FactionTraits.xml","FactionTraits.original.xml","factionTrait","FACTIONTRAIT_HORSEMEN","name","","TEXT.Name.FactionTrait.Horsemen","31","TextKeyReference","DoNotPatchHere","False","False","","False","This is a key/reference; translate the resolved text entry instead."
"Content\Config\Primary\FactionTraits.xml","FactionTraits.original.xml","factionTrait","FACTIONTRAIT_HORSEMEN","shortName","","HRSM","4","CodeOrAbbreviation","DoNotPatchHere","False","False","","False","Likely a compact UI code or logic abbreviation."
"Content\Config\Primary\FactionTraits.xml","FactionTraits.original.xml","factionTrait","FACTIONTRAIT_HORSEMEN","description","","TEXT.Description.Horsemen","25","TextKeyReference","DoNotPatchHere","False","False","","False","This is a key/reference; translate the resolved text entry instead."
"Content\Config\Primary\FactionTraits.xml","FactionTraits.original.xml","factionTrait","FACTIONTRAIT_MARITIME","name","","TEXT.Name.FactionTrait.Maritime","31","TextKeyReference","DoNotPatchHere","False","False","","False","This is a key/reference; translate the resolved text entry instead."
"Content\Config\Primary\FactionTraits.xml","FactionTraits.original.xml","factionTrait","FACTIONTRAIT_MARITIME","shortName","","MRTM","4","CodeOrAbbreviation","DoNotPatchHere","False","False","","False","Likely a compact UI code or logic abbreviation."
"Content\Config\Primary\FactionTraits.xml","FactionTraits.original.xml","factionTrait","FACTIONTRAIT_MARITIME","description","","TEXT.Description.Maritime","25","TextKeyReference","DoNotPatchHere","False","False","","False","This is a key/reference; translate the resolved text entry instead."
"Content\Config\Primary\FactionTraits.xml","FactionTraits.original.xml","factionTrait","FACTIONTRAIT_KNOWLEDGE_LARGEPENALTY","name","","TEXT.Name.FactionTrait.Knowledge.LargePenalty","45","TextKeyReference","DoNotPatchHere","False","False","","False","This is a key/reference; translate the resolved text entry instead."
"Content\Config\Primary\FactionTraits.xml","FactionTraits.original.xml","factionTrait","FACTIONTRAIT_KNOWLEDGE_LARGEPENALTY","shortName","","KN-2","4","CodeOrAbbreviation","DoNotPatchHere","False","False","","False","Likely a compact UI code or logic abbreviation."
"Content\Config\Primary\FactionTraits.xml","FactionTraits.original.xml","factionTrait","FACTIONTRAIT_KNOWLEDGE_LARGEPENALTY","description","","TEXT.Description.Knowledge.LargePenalty","39","TextKeyReference","DoNotPatchHere","False","False","","False","This is a key/reference; translate the resolved text entry instead."
"Content\Config\Primary\FactionTraits.xml","FactionTraits.original.xml","factionTrait","FACTIONTRAIT_KNOWLEDGE_PENALTY","name","","TEXT.Name.FactionTrait.Knowledge.Penalty","40","TextKeyReference","DoNotPatchHere","False","False","","False","This is a key/reference; translate the resolved text entry instead."
"Content\Config\Primary\FactionTraits.xml","FactionTraits.original.xml","factionTrait","FACTIONTRAIT_KNOWLEDGE_PENALTY","shortName","","KN-1","4","CodeOrAbbreviation","DoNotPatchHere","False","False","","False","Likely a compact UI code or logic abbreviation."
"Content\Config\Primary\FactionTraits.xml","FactionTraits.original.xml","factionTrait","FACTIONTRAIT_KNOWLEDGE_PENALTY","description","","TEXT.Description.Knowledge.Penalty","34","TextKeyReference","DoNotPatchHere","False","False","","False","This is a key/reference; translate the resolved text entry instead."
"Content\Config\Primary\FactionTraits.xml","FactionTraits.original.xml","factionTrait","FACTIONTRAIT_KNOWLEDGE_BONUS","name","","TEXT.Name.FactionTrait.Knowledge.Bonus","38","TextKeyReference","DoNotPatchHere","False","False","","False","This is a key/reference; translate the resolved text entry instead."
"Content\Config\Primary\FactionTraits.xml","FactionTraits.original.xml","factionTrait","FACTIONTRAIT_KNOWLEDGE_BONUS","shortName","","KN+1","4","CodeOrAbbreviation","DoNotPatchHere","False","False","","False","Likely a compact UI code or logic abbreviation."
"Content\Config\Primary\FactionTraits.xml","FactionTraits.original.xml","factionTrait","FACTIONTRAIT_KNOWLEDGE_BONUS","description","","TEXT.Description.Knowledge.Bonus","32","TextKeyReference","DoNotPatchHere","False","False","","False","This is a key/reference; translate the resolved text entry instead."
"Content\Config\Primary\FactionTraits.xml","FactionTraits.original.xml","factionTrait","FACTIONTRAIT_KNOWLEDGE_LARGEBONUS","name","","TEXT.Name.FactionTrait.Knowledge.LargeBonus","43","TextKeyReference","DoNotPatchHere","False","False","","False","This is a key/reference; translate the resolved text entry instead."
"Content\Config\Primary\FactionTraits.xml","FactionTraits.original.xml","factionTrait","FACTIONTRAIT_KNOWLEDGE_LARGEBONUS","shortName","","KN+2","4","CodeOrAbbreviation","DoNotPatchHere","False","False","","False","Likely a compact UI code or logic abbreviation."
"Content\Config\Primary\FactionTraits.xml","FactionTraits.original.xml","factionTrait","FACTIONTRAIT_KNOWLEDGE_LARGEBONUS","description","","TEXT.Description.Knowledge.LargeBonus","37","TextKeyReference","DoNotPatchHere","False","False","","False","This is a key/reference; translate the resolved text entry instead."
"Content\Config\Primary\FactionTraits.xml","FactionTraits.original.xml","factionTrait","FACTIONTRAIT_ECONOMY_LARGEPENALTY","name","","TEXT.Name.FactionTrait.Economy.LargePenalty","43","TextKeyReference","DoNotPatchHere","False","False","","False","This is a key/reference; translate the resolved text entry instead."
"Content\Config\Primary\FactionTraits.xml","FactionTraits.original.xml","factionTrait","FACTIONTRAIT_ECONOMY_LARGEPENALTY","shortName","","EC-2","4","CodeOrAbbreviation","DoNotPatchHere","False","False","","False","Likely a compact UI code or logic abbreviation."
"Content\Config\Primary\FactionTraits.xml","FactionTraits.original.xml","factionTrait","FACTIONTRAIT_ECONOMY_LARGEPENALTY","description","","TEXT.Description.Economy.LargePenalty","37","TextKeyReference","DoNotPatchHere","False","False","","False","This is a key/reference; translate the resolved text entry instead."
"Content\Config\Primary\FactionTraits.xml","FactionTraits.original.xml","factionTrait","FACTIONTRAIT_ECONOMY_PENALTY","name","","TEXT.Name.FactionTrait.Economy.Penalty","38","TextKeyReference","DoNotPatchHere","False","False","","False","This is a key/reference; translate the resolved text entry instead."
"Content\Config\Primary\FactionTraits.xml","FactionTraits.original.xml","factionTrait","FACTIONTRAIT_ECONOMY_PENALTY","shortName","","EC-1","4","CodeOrAbbreviation","DoNotPatchHere","False","False","","False","Likely a compact UI code or logic abbreviation."
"Content\Config\Primary\FactionTraits.xml","FactionTraits.original.xml","factionTrait","FACTIONTRAIT_ECONOMY_PENALTY","description","","TEXT.Description.Economy.Penalty","32","TextKeyReference","DoNotPatchHere","False","False","","False","This is a key/reference; translate the resolved text entry instead."
"Content\Config\Primary\FactionTraits.xml","FactionTraits.original.xml","factionTrait","FACTIONTRAIT_ECONOMY_BONUS","name","","TEXT.Name.FactionTrait.Economy.Bonus","36","TextKeyReference","DoNotPatchHere","False","False","","False","This is a key/reference; translate the resolved text entry instead."
"Content\Config\Primary\FactionTraits.xml","FactionTraits.original.xml","factionTrait","FACTIONTRAIT_ECONOMY_BONUS","shortName","","EC+1","4","CodeOrAbbreviation","DoNotPatchHere","False","False","","False","Likely a compact UI code or logic abbreviation."
"Content\Config\Primary\FactionTraits.xml","FactionTraits.original.xml","factionTrait","FACTIONTRAIT_ECONOMY_BONUS","description","","TEXT.Description.Economy.Bonus","30","TextKeyReference","DoNotPatchHere","False","False","","False","This is a key/reference; translate the resolved text entry instead."
"Content\Config\Primary\FactionTraits.xml","FactionTraits.original.xml","factionTrait","FACTIONTRAIT_ECONOMY_LARGEBONUS","name","","TEXT.Name.FactionTrait.Economy.LargeBonus","41","TextKeyReference","DoNotPatchHere","False","False","","False","This is a key/reference; translate the resolved text entry instead."
"Content\Config\Primary\FactionTraits.xml","FactionTraits.original.xml","factionTrait","FACTIONTRAIT_ECONOMY_LARGEBONUS","shortName","","EC+2","4","CodeOrAbbreviation","DoNotPatchHere","False","False","","False","Likely a compact UI code or logic abbreviation."
"Content\Config\Primary\FactionTraits.xml","FactionTraits.original.xml","factionTrait","FACTIONTRAIT_ECONOMY_LARGEBONUS","description","","TEXT.Description.Economy.LargeBonus","35","TextKeyReference","DoNotPatchHere","False","False","","False","This is a key/reference; translate the resolved text entry instead."
"Content\Config\Primary\FactionTraits.xml","FactionTraits.original.xml","factionTrait","FACTIONTRAIT_OUTPOSTS_LARGEPENALTY","name","","TEXT.Name.FactionTrait.Outposts.LargePenalty","44","TextKeyReference","DoNotPatchHere","False","False","","False","This is a key/reference; translate the resolved text entry instead."
"Content\Config\Primary\FactionTraits.xml","FactionTraits.original.xml","factionTrait","FACTIONTRAIT_OUTPOSTS_LARGEPENALTY","shortName","","OP-2","4","CodeOrAbbreviation","DoNotPatchHere","False","False","","False","Likely a compact UI code or logic abbreviation."
"Content\Config\Primary\FactionTraits.xml","FactionTraits.original.xml","factionTrait","FACTIONTRAIT_OUTPOSTS_LARGEPENALTY","description","","TEXT.Description.Outposts.LargePenalty","38","TextKeyReference","DoNotPatchHere","False","False","","False","This is a key/reference; translate the resolved text entry instead."
"Content\Config\Primary\FactionTraits.xml","FactionTraits.original.xml","factionTrait","FACTIONTRAIT_OUTPOSTS_PENALTY","name","","TEXT.Name.FactionTrait.Outposts.Penalty","39","TextKeyReference","DoNotPatchHere","False","False","","False","This is a key/reference; translate the resolved text entry instead."
"Content\Config\Primary\FactionTraits.xml","FactionTraits.original.xml","factionTrait","FACTIONTRAIT_OUTPOSTS_PENALTY","shortName","","OP-1","4","CodeOrAbbreviation","DoNotPatchHere","False","False","","False","Likely a compact UI code or logic abbreviation."
"Content\Config\Primary\FactionTraits.xml","FactionTraits.original.xml","factionTrait","FACTIONTRAIT_OUTPOSTS_PENALTY","description","","TEXT.Description.Outposts.Penalty","33","TextKeyReference","DoNotPatchHere","False","False","","False","This is a key/reference; translate the resolved text entry instead."
"Content\Config\Primary\FactionTraits.xml","FactionTraits.original.xml","factionTrait","FACTIONTRAIT_OUTPOSTS_BONUS","name","","TEXT.Name.FactionTrait.Outposts.Bonus","37","TextKeyReference","DoNotPatchHere","False","False","","False","This is a key/reference; translate the resolved text entry instead."
"Content\Config\Primary\FactionTraits.xml","FactionTraits.original.xml","factionTrait","FACTIONTRAIT_OUTPOSTS_BONUS","shortName","","OP+1","4","CodeOrAbbreviation","DoNotPatchHere","False","False","","False","Likely a compact UI code or logic abbreviation."
"Content\Config\Primary\FactionTraits.xml","FactionTraits.original.xml","factionTrait","FACTIONTRAIT_OUTPOSTS_BONUS","description","","TEXT.Description.Outposts.Bonus","31","TextKeyReference","DoNotPatchHere","False","False","","False","This is a key/reference; translate the resolved text entry instead."
"Content\Config\Primary\FactionTraits.xml","FactionTraits.original.xml","factionTrait","FACTIONTRAIT_OUTPOSTS_LARGEBONUS","name","","TEXT.Name.FactionTrait.Outposts.LargeBonus","42","TextKeyReference","DoNotPatchHere","False","False","","False","This is a key/reference; translate the resolved text entry instead."
"Content\Config\Primary\FactionTraits.xml","FactionTraits.original.xml","factionTrait","FACTIONTRAIT_OUTPOSTS_LARGEBONUS","shortName","","OP+2","4","CodeOrAbbreviation","DoNotPatchHere","False","False","","False","Likely a compact UI code or logic abbreviation."
"Content\Config\Primary\FactionTraits.xml","FactionTraits.original.xml","factionTrait","FACTIONTRAIT_OUTPOSTS_LARGEBONUS","description","","TEXT.Description.Outposts.LargeBonus","36","TextKeyReference","DoNotPatchHere","False","False","","False","This is a key/reference; translate the resolved text entry instead."
"Content\Config\Primary\FactionTraits.xml","FactionTraits.original.xml","factionTrait","FACTIONTRAIT_MILITARY_LARGEPENALTY","name","","TEXT.Name.FactionTrait.Military.LargePenalty","44","TextKeyReference","DoNotPatchHere","False","False","","False","This is a key/reference; translate the resolved text entry instead."
"Content\Config\Primary\FactionTraits.xml","FactionTraits.original.xml","factionTrait","FACTIONTRAIT_MILITARY_LARGEPENALTY","shortName","","ML-2","4","CodeOrAbbreviation","DoNotPatchHere","False","False","","False","Likely a compact UI code or logic abbreviation."
"Content\Config\Primary\FactionTraits.xml","FactionTraits.original.xml","factionTrait","FACTIONTRAIT_MILITARY_LARGEPENALTY","description","","TEXT.Description.Military.LargePenalty","38","TextKeyReference","DoNotPatchHere","False","False","","False","This is a key/reference; translate the resolved text entry instead."
"Content\Config\Primary\FactionTraits.xml","FactionTraits.original.xml","factionTrait","FACTIONTRAIT_MILITARY_PENALTY","name","","TEXT.Name.FactionTrait.Military.Penalty","39","TextKeyReference","DoNotPatchHere","False","False","","False","This is a key/reference; translate the resolved text entry instead."
"Content\Config\Primary\FactionTraits.xml","FactionTraits.original.xml","factionTrait","FACTIONTRAIT_MILITARY_PENALTY","shortName","","ML-1","4","CodeOrAbbreviation","DoNotPatchHere","False","False","","False","Likely a compact UI code or logic abbreviation."
"Content\Config\Primary\FactionTraits.xml","FactionTraits.original.xml","factionTrait","FACTIONTRAIT_MILITARY_PENALTY","description","","TEXT.Description.Military.Penalty","33","TextKeyReference","DoNotPatchHere","False","False","","False","This is a key/reference; translate the resolved text entry instead."
"Content\Config\Primary\FactionTraits.xml","FactionTraits.original.xml","factionTrait","FACTIONTRAIT_MILITARY_BONUS","name","","TEXT.Name.FactionTrait.Military.Bonus","37","TextKeyReference","DoNotPatchHere","False","False","","False","This is a key/reference; translate the resolved text entry instead."
"Content\Config\Primary\FactionTraits.xml","FactionTraits.original.xml","factionTrait","FACTIONTRAIT_MILITARY_BONUS","shortName","","ML+1","4","CodeOrAbbreviation","DoNotPatchHere","False","False","","False","Likely a compact UI code or logic abbreviation."
"Content\Config\Primary\FactionTraits.xml","FactionTraits.original.xml","factionTrait","FACTIONTRAIT_MILITARY_BONUS","description","","TEXT.Description.Military.Bonus","31","TextKeyReference","DoNotPatchHere","False","False","","False","This is a key/reference; translate the resolved text entry instead."
"Content\Config\Primary\FactionTraits.xml","FactionTraits.original.xml","factionTrait","FACTIONTRAIT_MILITARY_LARGEBONUS","name","","TEXT.Name.FactionTrait.Military.LargeBonus","42","TextKeyReference","DoNotPatchHere","False","False","","False","This is a key/reference; translate the resolved text entry instead."
"Content\Config\Primary\FactionTraits.xml","FactionTraits.original.xml","factionTrait","FACTIONTRAIT_MILITARY_LARGEBONUS","shortName","","ML+2","4","CodeOrAbbreviation","DoNotPatchHere","False","False","","False","Likely a compact UI code or logic abbreviation."
"Content\Config\Primary\FactionTraits.xml","FactionTraits.original.xml","factionTrait","FACTIONTRAIT_MILITARY_LARGEBONUS","description","","TEXT.Description.Military.LargeBonus","36","TextKeyReference","DoNotPatchHere","False","False","","False","This is a key/reference; translate the resolved text entry instead."
"Content\Config\Primary\FactionTraits.xml","FactionTraits.original.xml","factionTrait","FACTIONTRAIT_POPULATION_LARGEPENALTY","name","","TEXT.Name.FactionTrait.Population.LargePenalty","46","TextKeyReference","DoNotPatchHere","False","False","","False","This is a key/reference; translate the resolved text entry instead."
"Content\Config\Primary\FactionTraits.xml","FactionTraits.original.xml","factionTrait","FACTIONTRAIT_POPULATION_LARGEPENALTY","shortName","","PO-2","4","CodeOrAbbreviation","DoNotPatchHere","False","False","","False","Likely a compact UI code or logic abbreviation."
"Content\Config\Primary\FactionTraits.xml","FactionTraits.original.xml","factionTrait","FACTIONTRAIT_POPULATION_LARGEPENALTY","description","","TEXT.Description.Population.LargePenalty","40","TextKeyReference","DoNotPatchHere","False","False","","False","This is a key/reference; translate the resolved text entry instead."
"Content\Config\Primary\FactionTraits.xml","FactionTraits.original.xml","factionTrait","FACTIONTRAIT_POPULATION_PENALTY","name","","TEXT.Name.FactionTrait.Population.Penalty","41","TextKeyReference","DoNotPatchHere","False","False","","False","This is a key/reference; translate the resolved text entry instead."
"Content\Config\Primary\FactionTraits.xml","FactionTraits.original.xml","factionTrait","FACTIONTRAIT_POPULATION_PENALTY","shortName","","PO-1","4","CodeOrAbbreviation","DoNotPatchHere","False","False","","False","Likely a compact UI code or logic abbreviation."
"Content\Config\Primary\FactionTraits.xml","FactionTraits.original.xml","factionTrait","FACTIONTRAIT_POPULATION_PENALTY","description","","TEXT.Description.Population.Penalty","35","TextKeyReference","DoNotPatchHere","False","False","","False","This is a key/reference; translate the resolved text entry instead."
"Content\Config\Primary\FactionTraits.xml","FactionTraits.original.xml","factionTrait","FACTIONTRAIT_POPULATION_BONUS","name","","TEXT.Name.FactionTrait.Population.Bonus","39","TextKeyReference","DoNotPatchHere","False","False","","False","This is a key/reference; translate the resolved text entry instead."
"Content\Config\Primary\FactionTraits.xml","FactionTraits.original.xml","factionTrait","FACTIONTRAIT_POPULATION_BONUS","shortName","","PO+1","4","CodeOrAbbreviation","DoNotPatchHere","False","False","","False","Likely a compact UI code or logic abbreviation."
"Content\Config\Primary\FactionTraits.xml","FactionTraits.original.xml","factionTrait","FACTIONTRAIT_POPULATION_BONUS","description","","TEXT.Description.Population.Bonus","33","TextKeyReference","DoNotPatchHere","False","False","","False","This is a key/reference; translate the resolved text entry instead."
"Content\Config\Primary\FactionTraits.xml","FactionTraits.original.xml","factionTrait","FACTIONTRAIT_POPULATION_LARGEBONUS","name","","TEXT.Name.FactionTrait.Population.LargeBonus","44","TextKeyReference","DoNotPatchHere","False","False","","False","This is a key/reference; translate the resolved text entry instead."
"Content\Config\Primary\FactionTraits.xml","FactionTraits.original.xml","factionTrait","FACTIONTRAIT_POPULATION_LARGEBONUS","shortName","","PO+2","4","CodeOrAbbreviation","DoNotPatchHere","False","False","","False","Likely a compact UI code or logic abbreviation."
"Content\Config\Primary\FactionTraits.xml","FactionTraits.original.xml","factionTrait","FACTIONTRAIT_POPULATION_LARGEBONUS","description","","TEXT.Description.Population.LargeBonus","38","TextKeyReference","DoNotPatchHere","False","False","","False","This is a key/reference; translate the resolved text entry instead."
"Content\Config\Primary\FactionTraits.xml","FactionTraits.original.xml","factionTrait","FACTIONTRAIT_STOCKPILE_LARGEPENALTY","name","","TEXT.Name.FactionTrait.Stockpile.LargePenalty","45","TextKeyReference","DoNotPatchHere","False","False","","False","This is a key/reference; translate the resolved text entry instead."
"Content\Config\Primary\FactionTraits.xml","FactionTraits.original.xml","factionTrait","FACTIONTRAIT_STOCKPILE_LARGEPENALTY","shortName","","RS-2","4","CodeOrAbbreviation","DoNotPatchHere","False","False","","False","Likely a compact UI code or logic abbreviation."
"Content\Config\Primary\FactionTraits.xml","FactionTraits.original.xml","factionTrait","FACTIONTRAIT_STOCKPILE_LARGEPENALTY","description","","TEXT.Description.Stockpile.LargePenalty","39","TextKeyReference","DoNotPatchHere","False","False","","False","This is a key/reference; translate the resolved text entry instead."
"Content\Config\Primary\FactionTraits.xml","FactionTraits.original.xml","factionTrait","FACTIONTRAIT_STOCKPILE_PENALTY","name","","TEXT.Name.FactionTrait.Stockpile.Penalty","40","TextKeyReference","DoNotPatchHere","False","False","","False","This is a key/reference; translate the resolved text entry instead."
"Content\Config\Primary\FactionTraits.xml","FactionTraits.original.xml","factionTrait","FACTIONTRAIT_STOCKPILE_PENALTY","shortName","","RS-1","4","CodeOrAbbreviation","DoNotPatchHere","False","False","","False","Likely a compact UI code or logic abbreviation."
"Content\Config\Primary\FactionTraits.xml","FactionTraits.original.xml","factionTrait","FACTIONTRAIT_STOCKPILE_PENALTY","description","","TEXT.Description.Stockpile.Penalty","34","TextKeyReference","DoNotPatchHere","False","False","","False","This is a key/reference; translate the resolved text entry instead."
"Content\Config\Primary\FactionTraits.xml","FactionTraits.original.xml","factionTrait","FACTIONTRAIT_STOCKPILE_BONUS","name","","TEXT.Name.FactionTrait.Stockpile.Bonus","38","TextKeyReference","DoNotPatchHere","False","False","","False","This is a key/reference; translate the resolved text entry instead."
"Content\Config\Primary\FactionTraits.xml","FactionTraits.original.xml","factionTrait","FACTIONTRAIT_STOCKPILE_BONUS","shortName","","RS+1","4","CodeOrAbbreviation","DoNotPatchHere","False","False","","False","Likely a compact UI code or logic abbreviation."
"Content\Config\Primary\FactionTraits.xml","FactionTraits.original.xml","factionTrait","FACTIONTRAIT_STOCKPILE_BONUS","description","","TEXT.Description.Stockpile.Bonus","32","TextKeyReference","DoNotPatchHere","False","False","","False","This is a key/reference; translate the resolved text entry instead."
"Content\Config\Primary\FactionTraits.xml","FactionTraits.original.xml","factionTrait","FACTIONTRAIT_STOCKPILE_LARGEBONUS","name","","TEXT.Name.FactionTrait.Stockpile.LargeBonus","43","TextKeyReference","DoNotPatchHere","False","False","","False","This is a key/reference; translate the resolved text entry instead."
"Content\Config\Primary\FactionTraits.xml","FactionTraits.original.xml","factionTrait","FACTIONTRAIT_STOCKPILE_LARGEBONUS","shortName","","RS+2","4","CodeOrAbbreviation","DoNotPatchHere","False","False","","False","Likely a compact UI code or logic abbreviation."
"Content\Config\Primary\FactionTraits.xml","FactionTraits.original.xml","factionTrait","FACTIONTRAIT_STOCKPILE_LARGEBONUS","description","","TEXT.Description.Stockpile.LargeBonus","37","TextKeyReference","DoNotPatchHere","False","False","","False","This is a key/reference; translate the resolved text entry instead."
"Content\Config\Primary\Leaders.xml","Leaders.original.xml","leader","LEADER_ATTILA","name","","Attila","6","UnclassifiedLiteral","ReviewRequired","False","False","","False","No established safe patching rule yet."
"Content\Config\Primary\Leaders.xml","Leaders.original.xml","leader","LEADER_ATTILA","description","","TODO","4","TodoPlaceholder","Skip","False","False","","False","Developer placeholder, not player-facing prose."
"Content\Config\Primary\Leaders.xml","Leaders.original.xml","leader","LEADER_GENSERIC","name","","Genseric","8","UnclassifiedLiteral","ReviewRequired","False","False","","False","No established safe patching rule yet."
"Content\Config\Primary\Leaders.xml","Leaders.original.xml","leader","LEADER_GENSERIC","description","","TODO","4","TodoPlaceholder","Skip","False","False","","False","Developer placeholder, not player-facing prose."
"Content\Config\Primary\Leaders.xml","Leaders.original.xml","leader","LEADER_KROKUS","name","","Krokus","6","UnclassifiedLiteral","ReviewRequired","False","False","","False","No established safe patching rule yet."
"Content\Config\Primary\Leaders.xml","Leaders.original.xml","leader","LEADER_KROKUS","description","","TODO","4","TodoPlaceholder","Skip","False","False","","False","Developer placeholder, not player-facing prose."
"Content\Config\Primary\Leaders.xml","Leaders.original.xml","leader","LEADER_DREST","name","","Drest","5","UnclassifiedLiteral","ReviewRequired","False","False","","False","No established safe patching rule yet."
"Content\Config\Primary\Leaders.xml","Leaders.original.xml","leader","LEADER_DREST","description","","TODO","4","TodoPlaceholder","Skip","False","False","","False","Developer placeholder, not player-facing prose."
"Content\Config\Primary\Leaders.xml","Leaders.original.xml","leader","LEADER_ALBOIN","name","","Alboin","6","UnclassifiedLiteral","ReviewRequired","False","False","","False","No established safe patching rule yet."
"Content\Config\Primary\Leaders.xml","Leaders.original.xml","leader","LEADER_ALBOIN","description","","TODO","4","TodoPlaceholder","Skip","False","False","","False","Developer placeholder, not player-facing prose."
"Content\Config\Primary\Leaders.xml","Leaders.original.xml","leader","LEADER_ALARIC","name","","Alaric","6","UnclassifiedLiteral","ReviewRequired","False","False","","False","No established safe patching rule yet."
"Content\Config\Primary\Leaders.xml","Leaders.original.xml","leader","LEADER_ALARIC","description","","TODO","4","TodoPlaceholder","Skip","False","False","","False","Developer placeholder, not player-facing prose."
"Content\Config\Primary\Leaders.xml","Leaders.original.xml","leader","LEADER_CLOVIS","name","","Clovis","6","UnclassifiedLiteral","ReviewRequired","False","False","","False","No established safe patching rule yet."
"Content\Config\Primary\Leaders.xml","Leaders.original.xml","leader","LEADER_CLOVIS","description","","TODO","4","TodoPlaceholder","Skip","False","False","","False","Developer placeholder, not player-facing prose."
"Content\Config\Primary\Leaders.xml","Leaders.original.xml","leader","LEADER_SAMO","name","","Samo","4","UnclassifiedLiteral","ReviewRequired","False","False","","False","No established safe patching rule yet."
"Content\Config\Primary\Leaders.xml","Leaders.original.xml","leader","LEADER_SAMO","description","","TODO","4","TodoPlaceholder","Skip","False","False","","False","Developer placeholder, not player-facing prose."
"Content\Config\Primary\Leaders.xml","Leaders.original.xml","leader","LEADER_CERDIC","name","","Cerdic","6","UnclassifiedLiteral","ReviewRequired","False","False","","False","No established safe patching rule yet."
"Content\Config\Primary\Leaders.xml","Leaders.original.xml","leader","LEADER_CERDIC","description","","TODO","4","TodoPlaceholder","Skip","False","False","","False","Developer placeholder, not player-facing prose."
"Content\Config\Primary\Leaders.xml","Leaders.original.xml","leader","LEADER_BAYAN","name","","Bayan","5","UnclassifiedLiteral","ReviewRequired","False","False","","False","No established safe patching rule yet."
"Content\Config\Primary\Leaders.xml","Leaders.original.xml","leader","LEADER_BAYAN","description","","TODO","4","TodoPlaceholder","Skip","False","False","","False","Developer placeholder, not player-facing prose."
"Content\Config\Primary\Leaders.xml","Leaders.original.xml","leader","LEADER_WESTERN_ROME","name","","Emperor Gratian","15","UnclassifiedLiteral","ReviewRequired","False","False","","False","No established safe patching rule yet."
"Content\Config\Primary\Leaders.xml","Leaders.original.xml","leader","LEADER_WESTERN_ROME","description","","TODO","4","TodoPlaceholder","Skip","False","False","","False","Developer placeholder, not player-facing prose."
"Content\Config\Primary\Leaders.xml","Leaders.original.xml","leader","LEADER_EASTERN_ROME","name","","Emperor Valens","14","UnclassifiedLiteral","ReviewRequired","False","False","","False","No established safe patching rule yet."
"Content\Config\Primary\Leaders.xml","Leaders.original.xml","leader","LEADER_EASTERN_ROME","description","","TODO","4","TodoPlaceholder","Skip","False","False","","False","Developer placeholder, not player-facing prose."
"Content\Config\Primary\Leaders.xml","Leaders.original.xml","leader","LEADER_MINOR","name","","Minor Leader","12","UnclassifiedLiteral","ReviewRequired","False","False","","False","No established safe patching rule yet."
"Content\Config\Primary\Leaders.xml","Leaders.original.xml","leader","LEADER_MINOR","description","","TODO","4","TodoPlaceholder","Skip","False","False","","False","Developer placeholder, not player-facing prose."
"Content\Config\Primary\Leaders.xml","Leaders.original.xml","leader","LEADER_BANDIT","name","","Bandit Leader","13","UnclassifiedLiteral","ReviewRequired","False","False","","False","No established safe patching rule yet."
"Content\Config\Primary\Leaders.xml","Leaders.original.xml","leader","LEADER_BANDIT","description","","TODO","4","TodoPlaceholder","Skip","False","False","","False","Developer placeholder, not player-facing prose."
"Content\Config\Primary\LeaderTraits.xml","LeaderTraits.original.xml","leaderTrait","LEADERTRAIT_ROMAN","name","","Roman","5","UnclassifiedLiteral","ReviewRequired","False","False","","False","No established safe patching rule yet."
"Content\Config\Primary\LeaderTraits.xml","LeaderTraits.original.xml","leaderTrait","LEADERTRAIT_ROMAN","description","","Roman","5","UnclassifiedLiteral","ReviewRequired","False","False","","False","No established safe patching rule yet."
"Content\Config\Primary\LeaderTraits.xml","LeaderTraits.original.xml","leaderTrait","LEADERTRAIT_AGREEABLE","name","","TEXT.Name.LeaderTrait.Agreeable","31","TextKeyReference","DoNotPatchHere","False","False","","False","This is a key/reference; translate the resolved text entry instead."
"Content\Config\Primary\LeaderTraits.xml","LeaderTraits.original.xml","leaderTrait","LEADERTRAIT_AGREEABLE","description","","TEXT.Description.LeaderTrait.Agreeable","38","TextKeyReference","DoNotPatchHere","False","False","","False","This is a key/reference; translate the resolved text entry instead."
"Content\Config\Primary\LeaderTraits.xml","LeaderTraits.original.xml","leaderTrait","LEADERTRAIT_AMBITIOUS","name","","TEXT.Name.LeaderTrait.Ambitious","31","TextKeyReference","DoNotPatchHere","False","False","","False","This is a key/reference; translate the resolved text entry instead."
"Content\Config\Primary\LeaderTraits.xml","LeaderTraits.original.xml","leaderTrait","LEADERTRAIT_AMBITIOUS","description","","TEXT.Description.LeaderTrait.Ambitious","38","TextKeyReference","DoNotPatchHere","False","False","","False","This is a key/reference; translate the resolved text entry instead."
"Content\Config\Primary\LeaderTraits.xml","LeaderTraits.original.xml","leaderTrait","LEADERTRAIT_ASCETIC","name","","TEXT.Name.LeaderTrait.Ascetic","29","TextKeyReference","DoNotPatchHere","False","False","","False","This is a key/reference; translate the resolved text entry instead."
"Content\Config\Primary\LeaderTraits.xml","LeaderTraits.original.xml","leaderTrait","LEADERTRAIT_ASCETIC","description","","TEXT.Description.LeaderTrait.Ascetic","36","TextKeyReference","DoNotPatchHere","False","False","","False","This is a key/reference; translate the resolved text entry instead."
"Content\Config\Primary\LeaderTraits.xml","LeaderTraits.original.xml","leaderTrait","LEADERTRAIT_BELLIGERENT","name","","TEXT.Name.LeaderTrait.Belligerent","33","TextKeyReference","DoNotPatchHere","False","False","","False","This is a key/reference; translate the resolved text entry instead."
"Content\Config\Primary\LeaderTraits.xml","LeaderTraits.original.xml","leaderTrait","LEADERTRAIT_BELLIGERENT","description","","TEXT.Description.LeaderTrait.Belligerent","40","TextKeyReference","DoNotPatchHere","False","False","","False","This is a key/reference; translate the resolved text entry instead."
"Content\Config\Primary\LeaderTraits.xml","LeaderTraits.original.xml","leaderTrait","LEADERTRAIT_BENEVOLENT","name","","TEXT.Name.LeaderTrait.Benevolent","32","TextKeyReference","DoNotPatchHere","False","False","","False","This is a key/reference; translate the resolved text entry instead."
"Content\Config\Primary\LeaderTraits.xml","LeaderTraits.original.xml","leaderTrait","LEADERTRAIT_BENEVOLENT","description","","TEXT.Description.LeaderTrait.Benevolent","39","TextKeyReference","DoNotPatchHere","False","False","","False","This is a key/reference; translate the resolved text entry instead."
"Content\Config\Primary\LeaderTraits.xml","LeaderTraits.original.xml","leaderTrait","LEADERTRAIT_CALM","name","","TEXT.Name.LeaderTrait.Calm","26","TextKeyReference","DoNotPatchHere","False","False","","False","This is a key/reference; translate the resolved text entry instead."
"Content\Config\Primary\LeaderTraits.xml","LeaderTraits.original.xml","leaderTrait","LEADERTRAIT_CALM","description","","TEXT.Description.LeaderTrait.Calm","33","TextKeyReference","DoNotPatchHere","False","False","","False","This is a key/reference; translate the resolved text entry instead."
"Content\Config\Primary\LeaderTraits.xml","LeaderTraits.original.xml","leaderTrait","LEADERTRAIT_CAUTIOUS","name","","TEXT.Name.LeaderTrait.Cautious","30","TextKeyReference","DoNotPatchHere","False","False","","False","This is a key/reference; translate the resolved text entry instead."
"Content\Config\Primary\LeaderTraits.xml","LeaderTraits.original.xml","leaderTrait","LEADERTRAIT_CAUTIOUS","description","","TEXT.Description.LeaderTrait.Cautious","37","TextKeyReference","DoNotPatchHere","False","False","","False","This is a key/reference; translate the resolved text entry instead."
"Content\Config\Primary\LeaderTraits.xml","LeaderTraits.original.xml","leaderTrait","LEADERTRAIT_COMPETITIVE","name","","TEXT.Name.LeaderTrait.Competitive","33","TextKeyReference","DoNotPatchHere","False","False","","False","This is a key/reference; translate the resolved text entry instead."
"Content\Config\Primary\LeaderTraits.xml","LeaderTraits.original.xml","leaderTrait","LEADERTRAIT_COMPETITIVE","description","","TEXT.Description.LeaderTrait.Competitive","40","TextKeyReference","DoNotPatchHere","False","False","","False","This is a key/reference; translate the resolved text entry instead."
"Content\Config\Primary\LeaderTraits.xml","LeaderTraits.original.xml","leaderTrait","LEADERTRAIT_CONFIDENT","name","","TEXT.Name.LeaderTrait.Confident","31","TextKeyReference","DoNotPatchHere","False","False","","False","This is a key/reference; translate the resolved text entry instead."
"Content\Config\Primary\LeaderTraits.xml","LeaderTraits.original.xml","leaderTrait","LEADERTRAIT_CONFIDENT","description","","TEXT.Description.LeaderTrait.Confident","38","TextKeyReference","DoNotPatchHere","False","False","","False","This is a key/reference; translate the resolved text entry instead."
"Content\Config\Primary\LeaderTraits.xml","LeaderTraits.original.xml","leaderTrait","LEADERTRAIT_CRUEL","name","","TEXT.Name.LeaderTrait.Cruel","27","TextKeyReference","DoNotPatchHere","False","False","","False","This is a key/reference; translate the resolved text entry instead."
"Content\Config\Primary\LeaderTraits.xml","LeaderTraits.original.xml","leaderTrait","LEADERTRAIT_CRUEL","description","","TEXT.Description.LeaderTrait.Cruel","34","TextKeyReference","DoNotPatchHere","False","False","","False","This is a key/reference; translate the resolved text entry instead."
"Content\Config\Primary\LeaderTraits.xml","LeaderTraits.original.xml","leaderTrait","LEADERTRAIT_CYNICAL","name","","TEXT.Name.LeaderTrait.Cynical","29","TextKeyReference","DoNotPatchHere","False","False","","False","This is a key/reference; translate the resolved text entry instead."
"Content\Config\Primary\LeaderTraits.xml","LeaderTraits.original.xml","leaderTrait","LEADERTRAIT_CYNICAL","description","","TEXT.Description.LeaderTrait.Cynical","36","TextKeyReference","DoNotPatchHere","False","False","","False","This is a key/reference; translate the resolved text entry instead."
"Content\Config\Primary\LeaderTraits.xml","LeaderTraits.original.xml","leaderTrait","LEADERTRAIT_DARING","name","","TEXT.Name.LeaderTrait.Daring","28","TextKeyReference","DoNotPatchHere","False","False","","False","This is a key/reference; translate the resolved text entry instead."
"Content\Config\Primary\LeaderTraits.xml","LeaderTraits.original.xml","leaderTrait","LEADERTRAIT_DARING","description","","TEXT.Description.LeaderTrait.Daring","35","TextKeyReference","DoNotPatchHere","False","False","","False","This is a key/reference; translate the resolved text entry instead."
"Content\Config\Primary\LeaderTraits.xml","LeaderTraits.original.xml","leaderTrait","LEADERTRAIT_DECADENT","name","","TEXT.Name.LeaderTrait.Decadent","30","TextKeyReference","DoNotPatchHere","False","False","","False","This is a key/reference; translate the resolved text entry instead."
"Content\Config\Primary\LeaderTraits.xml","LeaderTraits.original.xml","leaderTrait","LEADERTRAIT_DECADENT","description","","TEXT.Description.LeaderTrait.Decadent","37","TextKeyReference","DoNotPatchHere","False","False","","False","This is a key/reference; translate the resolved text entry instead."
"Content\Config\Primary\LeaderTraits.xml","LeaderTraits.original.xml","leaderTrait","LEADERTRAIT_DECEITFUL","name","","TEXT.Name.LeaderTrait.Deceitful","31","TextKeyReference","DoNotPatchHere","False","False","","False","This is a key/reference; translate the resolved text entry instead."
"Content\Config\Primary\LeaderTraits.xml","LeaderTraits.original.xml","leaderTrait","LEADERTRAIT_DECEITFUL","description","","TEXT.Description.LeaderTrait.Deceitful","38","TextKeyReference","DoNotPatchHere","False","False","","False","This is a key/reference; translate the resolved text entry instead."
"Content\Config\Primary\LeaderTraits.xml","LeaderTraits.original.xml","leaderTrait","LEADERTRAIT_ERRATIC","name","","TEXT.Name.LeaderTrait.Erratic","29","TextKeyReference","DoNotPatchHere","False","False","","False","This is a key/reference; translate the resolved text entry instead."
"Content\Config\Primary\LeaderTraits.xml","LeaderTraits.original.xml","leaderTrait","LEADERTRAIT_ERRATIC","description","","TEXT.Description.LeaderTrait.Erratic","36","TextKeyReference","DoNotPatchHere","False","False","","False","This is a key/reference; translate the resolved text entry instead."
"Content\Config\Primary\LeaderTraits.xml","LeaderTraits.original.xml","leaderTrait","LEADERTRAIT_FAITHLESS","name","","TEXT.Name.LeaderTrait.Faithless","31","TextKeyReference","DoNotPatchHere","False","False","","False","This is a key/reference; translate the resolved text entry instead."
"Content\Config\Primary\LeaderTraits.xml","LeaderTraits.original.xml","leaderTrait","LEADERTRAIT_FAITHLESS","description","","TEXT.Description.LeaderTrait.Faithless","38","TextKeyReference","DoNotPatchHere","False","False","","False","This is a key/reference; translate the resolved text entry instead."
"Content\Config\Primary\LeaderTraits.xml","LeaderTraits.original.xml","leaderTrait","LEADERTRAIT_GREEDY","name","","TEXT.Name.LeaderTrait.Greedy","28","TextKeyReference","DoNotPatchHere","False","False","","False","This is a key/reference; translate the resolved text entry instead."
"Content\Config\Primary\LeaderTraits.xml","LeaderTraits.original.xml","leaderTrait","LEADERTRAIT_GREEDY","description","","TEXT.Description.LeaderTrait.Greedy","35","TextKeyReference","DoNotPatchHere","False","False","","False","This is a key/reference; translate the resolved text entry instead."
"Content\Config\Primary\LeaderTraits.xml","LeaderTraits.original.xml","leaderTrait","LEADERTRAIT_HAUGHTY","name","","TEXT.Name.LeaderTrait.Haughty","29","TextKeyReference","DoNotPatchHere","False","False","","False","This is a key/reference; translate the resolved text entry instead."
"Content\Config\Primary\LeaderTraits.xml","LeaderTraits.original.xml","leaderTrait","LEADERTRAIT_HAUGHTY","description","","TEXT.Description.LeaderTrait.Haughty","36","TextKeyReference","DoNotPatchHere","False","False","","False","This is a key/reference; translate the resolved text entry instead."
"Content\Config\Primary\LeaderTraits.xml","LeaderTraits.original.xml","leaderTrait","LEADERTRAIT_HELPFUL","name","","TEXT.Name.LeaderTrait.Helpful","29","TextKeyReference","DoNotPatchHere","False","False","","False","This is a key/reference; translate the resolved text entry instead."
"Content\Config\Primary\LeaderTraits.xml","LeaderTraits.original.xml","leaderTrait","LEADERTRAIT_HELPFUL","description","","TEXT.Description.LeaderTrait.Helpful","36","TextKeyReference","DoNotPatchHere","False","False","","False","This is a key/reference; translate the resolved text entry instead."
"Content\Config\Primary\LeaderTraits.xml","LeaderTraits.original.xml","leaderTrait","LEADERTRAIT_JEALOUS","name","","TEXT.Name.LeaderTrait.Jealous","29","TextKeyReference","DoNotPatchHere","False","False","","False","This is a key/reference; translate the resolved text entry instead."
"Content\Config\Primary\LeaderTraits.xml","LeaderTraits.original.xml","leaderTrait","LEADERTRAIT_JEALOUS","description","","TEXT.Description.LeaderTrait.Jealous","36","TextKeyReference","DoNotPatchHere","False","False","","False","This is a key/reference; translate the resolved text entry instead."
"Content\Config\Primary\LeaderTraits.xml","LeaderTraits.original.xml","leaderTrait","LEADERTRAIT_LOGICAL","name","","TEXT.Name.LeaderTrait.Logical","29","TextKeyReference","DoNotPatchHere","False","False","","False","This is a key/reference; translate the resolved text entry instead."
"Content\Config\Primary\LeaderTraits.xml","LeaderTraits.original.xml","leaderTrait","LEADERTRAIT_LOGICAL","description","","TEXT.Description.LeaderTrait.Logical","36","TextKeyReference","DoNotPatchHere","False","False","","False","This is a key/reference; translate the resolved text entry instead."
"Content\Config\Primary\LeaderTraits.xml","LeaderTraits.original.xml","leaderTrait","LEADERTRAIT_MEEK","name","","TEXT.Name.LeaderTrait.Meek","26","TextKeyReference","DoNotPatchHere","False","False","","False","This is a key/reference; translate the resolved text entry instead."
"Content\Config\Primary\LeaderTraits.xml","LeaderTraits.original.xml","leaderTrait","LEADERTRAIT_MEEK","description","","TEXT.Description.LeaderTrait.Meek","33","TextKeyReference","DoNotPatchHere","False","False","","False","This is a key/reference; translate the resolved text entry instead."
"Content\Config\Primary\LeaderTraits.xml","LeaderTraits.original.xml","leaderTrait","LEADERTRAIT_NERVOUS","name","","TEXT.Name.LeaderTrait.Nervous","29","TextKeyReference","DoNotPatchHere","False","False","","False","This is a key/reference; translate the resolved text entry instead."
"Content\Config\Primary\LeaderTraits.xml","LeaderTraits.original.xml","leaderTrait","LEADERTRAIT_NERVOUS","description","","TEXT.Description.LeaderTrait.Nervous","36","TextKeyReference","DoNotPatchHere","False","False","","False","This is a key/reference; translate the resolved text entry instead."
"Content\Config\Primary\LeaderTraits.xml","LeaderTraits.original.xml","leaderTrait","LEADERTRAIT_PIOUS","name","","TEXT.Name.LeaderTrait.Pious","27","TextKeyReference","DoNotPatchHere","False","False","","False","This is a key/reference; translate the resolved text entry instead."
"Content\Config\Primary\LeaderTraits.xml","LeaderTraits.original.xml","leaderTrait","LEADERTRAIT_PIOUS","description","","TEXT.Description.LeaderTrait.Pious","34","TextKeyReference","DoNotPatchHere","False","False","","False","This is a key/reference; translate the resolved text entry instead."
"Content\Config\Primary\LeaderTraits.xml","LeaderTraits.original.xml","leaderTrait","LEADERTRAIT_PRAGMATIC","name","","TEXT.Name.LeaderTrait.Pragmatic","31","TextKeyReference","DoNotPatchHere","False","False","","False","This is a key/reference; translate the resolved text entry instead."
"Content\Config\Primary\LeaderTraits.xml","LeaderTraits.original.xml","leaderTrait","LEADERTRAIT_PRAGMATIC","description","","TEXT.Description.LeaderTrait.Pragmatic","38","TextKeyReference","DoNotPatchHere","False","False","","False","This is a key/reference; translate the resolved text entry instead."
"Content\Config\Primary\LeaderTraits.xml","LeaderTraits.original.xml","leaderTrait","LEADERTRAIT_PROTECTIVE","name","","TEXT.Name.LeaderTrait.Protective","32","TextKeyReference","DoNotPatchHere","False","False","","False","This is a key/reference; translate the resolved text entry instead."
"Content\Config\Primary\LeaderTraits.xml","LeaderTraits.original.xml","leaderTrait","LEADERTRAIT_PROTECTIVE","description","","TEXT.Description.LeaderTrait.Protective","39","TextKeyReference","DoNotPatchHere","False","False","","False","This is a key/reference; translate the resolved text entry instead."
"Content\Config\Primary\LeaderTraits.xml","LeaderTraits.original.xml","leaderTrait","LEADERTRAIT_RESERVED","name","","TEXT.Name.LeaderTrait.Reserved","30","TextKeyReference","DoNotPatchHere","False","False","","False","This is a key/reference; translate the resolved text entry instead."
"Content\Config\Primary\LeaderTraits.xml","LeaderTraits.original.xml","leaderTrait","LEADERTRAIT_RESERVED","description","","TEXT.Description.LeaderTrait.Reserved","37","TextKeyReference","DoNotPatchHere","False","False","","False","This is a key/reference; translate the resolved text entry instead."
"Content\Config\Primary\LeaderTraits.xml","LeaderTraits.original.xml","leaderTrait","LEADERTRAIT_SENSITIVE","name","","TEXT.Name.LeaderTrait.Sensitive","31","TextKeyReference","DoNotPatchHere","False","False","","False","This is a key/reference; translate the resolved text entry instead."
"Content\Config\Primary\LeaderTraits.xml","LeaderTraits.original.xml","leaderTrait","LEADERTRAIT_SENSITIVE","description","","TEXT.Description.LeaderTrait.Sensitive","38","TextKeyReference","DoNotPatchHere","False","False","","False","This is a key/reference; translate the resolved text entry instead."
"Content\Config\Primary\LeaderTraits.xml","LeaderTraits.original.xml","leaderTrait","LEADERTRAIT_SOCIABLE","name","","TEXT.Name.LeaderTrait.Sociable","30","TextKeyReference","DoNotPatchHere","False","False","","False","This is a key/reference; translate the resolved text entry instead."
"Content\Config\Primary\LeaderTraits.xml","LeaderTraits.original.xml","leaderTrait","LEADERTRAIT_SOCIABLE","description","","TEXT.Description.LeaderTrait.Sociable","37","TextKeyReference","DoNotPatchHere","False","False","","False","This is a key/reference; translate the resolved text entry instead."
"Content\Config\Primary\LeaderTraits.xml","LeaderTraits.original.xml","leaderTrait","LEADERTRAIT_STOIC","name","","TEXT.Name.LeaderTrait.Stoic","27","TextKeyReference","DoNotPatchHere","False","False","","False","This is a key/reference; translate the resolved text entry instead."
"Content\Config\Primary\LeaderTraits.xml","LeaderTraits.original.xml","leaderTrait","LEADERTRAIT_STOIC","description","","TEXT.Description.LeaderTrait.Stoic","34","TextKeyReference","DoNotPatchHere","False","False","","False","This is a key/reference; translate the resolved text entry instead."
"Content\Config\Primary\LeaderTraits.xml","LeaderTraits.original.xml","leaderTrait","LEADERTRAIT_STUBBORN","name","","TEXT.Name.LeaderTrait.Stubborn","30","TextKeyReference","DoNotPatchHere","False","False","","False","This is a key/reference; translate the resolved text entry instead."
"Content\Config\Primary\LeaderTraits.xml","LeaderTraits.original.xml","leaderTrait","LEADERTRAIT_STUBBORN","description","","TEXT.Description.LeaderTrait.Stubborn","37","TextKeyReference","DoNotPatchHere","False","False","","False","This is a key/reference; translate the resolved text entry instead."
"Content\Config\Primary\LeaderTraits.xml","LeaderTraits.original.xml","leaderTrait","LEADERTRAIT_SUSPICIOUS","name","","TEXT.Name.LeaderTrait.Suspicious","32","TextKeyReference","DoNotPatchHere","False","False","","False","This is a key/reference; translate the resolved text entry instead."
"Content\Config\Primary\LeaderTraits.xml","LeaderTraits.original.xml","leaderTrait","LEADERTRAIT_SUSPICIOUS","description","","TEXT.Description.LeaderTrait.Suspicious","39","TextKeyReference","DoNotPatchHere","False","False","","False","This is a key/reference; translate the resolved text entry instead."
"Content\Config\Primary\LeaderTraits.xml","LeaderTraits.original.xml","leaderTrait","LEADERTRAIT_VINDICTIVE","name","","TEXT.Name.LeaderTrait.Vindictive","32","TextKeyReference","DoNotPatchHere","False","False","","False","This is a key/reference; translate the resolved text entry instead."
"Content\Config\Primary\LeaderTraits.xml","LeaderTraits.original.xml","leaderTrait","LEADERTRAIT_VINDICTIVE","description","","TEXT.Description.LeaderTrait.Vindictive","39","TextKeyReference","DoNotPatchHere","False","False","","False","This is a key/reference; translate the resolved text entry instead."
"Content\Config\Primary\LeaderTraits.xml","LeaderTraits.original.xml","leaderTrait","LEADERTRAIT_AGGRESSIVE","name","","Aggressive","10","UnclassifiedLiteral","ReviewRequired","False","False","","False","No established safe patching rule yet."
"Content\Config\Primary\LeaderTraits.xml","LeaderTraits.original.xml","leaderTrait","LEADERTRAIT_AGGRESSIVE","description","","Aggressive Leaders eagerly seek out a fight, whether internally or externally. They often assume the throne as the result of a violent succession. Their ambition and confidence often makes them Popular.","202","UnclassifiedLiteral","ReviewRequired","False","False","","False","No established safe patching rule yet."
"Content\Config\Primary\LeaderTraits.xml","LeaderTraits.original.xml","leaderTrait","LEADERTRAIT_CHILD","name","","Child","5","UnclassifiedLiteral","ReviewRequired","False","False","","False","No established safe patching rule yet."
"Content\Config\Primary\LeaderTraits.xml","LeaderTraits.original.xml","leaderTrait","LEADERTRAIT_CHILD","description","","Child Leaders are typically weak and have trouble keeping the Empire unified. If they live long enough they will grow up, and their personality may change.","155","UnclassifiedLiteral","ReviewRequired","False","False","","False","No established safe patching rule yet."
"Content\Config\Primary\LeaderTraits.xml","LeaderTraits.original.xml","leaderTrait","LEADERTRAIT_COWARD","name","","Coward","6","UnclassifiedLiteral","ReviewRequired","False","False","","False","No established safe patching rule yet."
"Content\Config\Primary\LeaderTraits.xml","LeaderTraits.original.xml","leaderTrait","LEADERTRAIT_COWARD","description","","Cowardly Leaders avoid fights whenever possible. This increases the chance of rebellion, particularly among the legions. Their lack of confidence and ambition often makes them Unpopular.","186","UnclassifiedLiteral","ReviewRequired","False","False","","False","No established safe patching rule yet."
"Content\Config\Primary\LeaderTraits.xml","LeaderTraits.original.xml","leaderTrait","LEADERTRAIT_HERETIC","name","","Heretic","7","UnclassifiedLiteral","ReviewRequired","False","False","","False","No established safe patching rule yet."
"Content\Config\Primary\LeaderTraits.xml","LeaderTraits.original.xml","leaderTrait","LEADERTRAIT_HERETIC","description","","Heretic Leaders forcibly and unnaturally switch the religion of the Empire, causing great turmoil. They are often Unpopular and sometimes Illegitimate.","151","UnclassifiedLiteral","ReviewRequired","False","False","","False","No established safe patching rule yet."
"Content\Config\Primary\LeaderTraits.xml","LeaderTraits.original.xml","leaderTrait","LEADERTRAIT_ILLEGITIMATE","name","","Illegitimate","12","UnclassifiedLiteral","ReviewRequired","False","False","","False","No established safe patching rule yet."
"Content\Config\Primary\LeaderTraits.xml","LeaderTraits.original.xml","leaderTrait","LEADERTRAIT_ILLEGITIMATE","description","","Illegitimate Leaders are sometimes Unpopular and attract the ire of the other half of the Empire. They often succeed Infertile Leaders.","135","UnclassifiedLiteral","ReviewRequired","False","False","","False","No established safe patching rule yet."
"Content\Config\Primary\LeaderTraits.xml","LeaderTraits.original.xml","leaderTrait","LEADERTRAIT_INFERTILE","name","","Infertile","9","UnclassifiedLiteral","ReviewRequired","False","False","","False","No established safe patching rule yet."
"Content\Config\Primary\LeaderTraits.xml","LeaderTraits.original.xml","leaderTrait","LEADERTRAIT_INFERTILE","description","","Leaders being Infertile often results in a destabilizing succession crisis. However, the ability to manage this turmoil and select advisors based on merit often also makes them more capable.","190","UnclassifiedLiteral","ReviewRequired","False","False","","False","No established safe patching rule yet."
"Content\Config\Primary\LeaderTraits.xml","LeaderTraits.original.xml","leaderTrait","LEADERTRAIT_INSANE","name","","Insane","6","UnclassifiedLiteral","ReviewRequired","False","False","","False","No established safe patching rule yet."
"Content\Config\Primary\LeaderTraits.xml","LeaderTraits.original.xml","leaderTrait","LEADERTRAIT_INSANE","description","","Insane Leaders are unpredictable and dangerous. They are usually Unpopular and often Aggressive or Sick.","104","UnclassifiedLiteral","ReviewRequired","False","False","","False","No established safe patching rule yet."
"Content\Config\Primary\LeaderTraits.xml","LeaderTraits.original.xml","leaderTrait","LEADERTRAIT_POPULAR","name","","Popular","7","UnclassifiedLiteral","ReviewRequired","False","False","","False","No established safe patching rule yet."
"Content\Config\Primary\LeaderTraits.xml","LeaderTraits.original.xml","leaderTrait","LEADERTRAIT_POPULAR","description","","Popular Leaders are more secure on the throne, which results in fewer rebellions and other destabilizing events.","112","UnclassifiedLiteral","ReviewRequired","False","False","","False","No established safe patching rule yet."
"Content\Config\Primary\LeaderTraits.xml","LeaderTraits.original.xml","leaderTrait","LEADERTRAIT_PUPPET","name","","Puppet","6","UnclassifiedLiteral","ReviewRequired","False","False","","False","No established safe patching rule yet."
"Content\Config\Primary\LeaderTraits.xml","LeaderTraits.original.xml","leaderTrait","LEADERTRAIT_PUPPET","description","","Puppet Leaders mask the true power behind the throne. They tend to be weak, and civil wars under their watch are common.","120","UnclassifiedLiteral","ReviewRequired","False","False","","False","No established safe patching rule yet."
"Content\Config\Primary\LeaderTraits.xml","LeaderTraits.original.xml","leaderTrait","LEADERTRAIT_SICK","name","","Sick","4","UnclassifiedLiteral","ReviewRequired","False","False","","False","No established safe patching rule yet."
"Content\Config\Primary\LeaderTraits.xml","LeaderTraits.original.xml","leaderTrait","LEADERTRAIT_SICK","description","","Sick Leaders are usually weak, have shorter lifespans and a small chance of simply keeling over at any time. They're often also afflicted with other ailments, such as Infertility and Insanity.","192","UnclassifiedLiteral","ReviewRequired","False","False","","False","No established safe patching rule yet."
"Content\Config\Primary\LeaderTraits.xml","LeaderTraits.original.xml","leaderTrait","LEADERTRAIT_STRONG","name","","Strong","6","UnclassifiedLiteral","ReviewRequired","False","False","","False","No established safe patching rule yet."
"Content\Config\Primary\LeaderTraits.xml","LeaderTraits.original.xml","leaderTrait","LEADERTRAIT_STRONG","description","","Strong Leaders have a firm hold on the state, dramatically reducing the chances of rebellion. They are often Popular and Aggressive.","132","UnclassifiedLiteral","ReviewRequired","False","False","","False","No established safe patching rule yet."
"Content\Config\Primary\LeaderTraits.xml","LeaderTraits.original.xml","leaderTrait","LEADERTRAIT_UNPOPULAR","name","","Unpopular","9","UnclassifiedLiteral","ReviewRequired","False","False","","False","No established safe patching rule yet."
"Content\Config\Primary\LeaderTraits.xml","LeaderTraits.original.xml","leaderTrait","LEADERTRAIT_UNPOPULAR","description","","An Leader being Unpopular increases the chance of unrest.","57","UnclassifiedLiteral","ReviewRequired","False","False","","False","No established safe patching rule yet."
"Content\Config\Primary\LeaderTraits.xml","LeaderTraits.original.xml","leaderTrait","LEADERTRAIT_USURPER","name","","Usurper","7","UnclassifiedLiteral","ReviewRequired","False","False","","False","No established safe patching rule yet."
"Content\Config\Primary\LeaderTraits.xml","LeaderTraits.original.xml","leaderTrait","LEADERTRAIT_USURPER","description","","Leaders who have Usurped the throne are usually strong but also divisive, and a destabilizing force within the Empire.","118","UnclassifiedLiteral","ReviewRequired","False","False","","False","No established safe patching rule yet."
"Content\Config\Primary\LeaderTraits.xml","LeaderTraits.original.xml","leaderTrait","LEADERTRAIT_WEAK","name","","Weak","4","UnclassifiedLiteral","ReviewRequired","False","False","","False","No established safe patching rule yet."
"Content\Config\Primary\LeaderTraits.xml","LeaderTraits.original.xml","leaderTrait","LEADERTRAIT_WEAK","description","","Weak Leaders have a tenuous hold on the throne. The threat of rebellion or assassination is ever present during their reign.","124","UnclassifiedLiteral","ReviewRequired","False","False","","False","No established safe patching rule yet."
"Content\Config\Primary\Resources.xml","Resources.original.xml","resource","RESOURCE_SCORE","name","","TEXT.Name.Resource.Score","24","TextKeyReference","DoNotPatchHere","False","False","","False","This is a key/reference; translate the resolved text entry instead."
"Content\Config\Primary\Resources.xml","Resources.original.xml","resource","RESOURCE_SCORE","description","","TEXT.Description.Resource.Score","31","TextKeyReference","DoNotPatchHere","False","False","","False","This is a key/reference; translate the resolved text entry instead."
"Content\Config\Primary\Resources.xml","Resources.original.xml","resource","RESOURCE_FAME","name","","TEXT.Name.Resource.Fame","23","TextKeyReference","DoNotPatchHere","False","False","","False","This is a key/reference; translate the resolved text entry instead."
"Content\Config\Primary\Resources.xml","Resources.original.xml","resource","RESOURCE_FAME","description","","TEXT.Description.Resource.Fame","30","TextKeyReference","DoNotPatchHere","False","False","","False","This is a key/reference; translate the resolved text entry instead."
"Content\Config\Primary\Resources.xml","Resources.original.xml","resource","RESOURCE_PRESTIGE","name","","TEXT.Name.Resource.Prestige","27","TextKeyReference","DoNotPatchHere","False","False","","False","This is a key/reference; translate the resolved text entry instead."
"Content\Config\Primary\Resources.xml","Resources.original.xml","resource","RESOURCE_PRESTIGE","description","","TEXT.Description.Resource.Prestige","34","TextKeyReference","DoNotPatchHere","False","False","","False","This is a key/reference; translate the resolved text entry instead."
"Content\Config\Primary\Resources.xml","Resources.original.xml","resource","RESOURCE_KNOWLEDGE","name","","TEXT.Name.Resource.Knowledge","28","TextKeyReference","DoNotPatchHere","False","False","","False","This is a key/reference; translate the resolved text entry instead."
"Content\Config\Primary\Resources.xml","Resources.original.xml","resource","RESOURCE_KNOWLEDGE","description","","TEXT.Description.Resource.Knowledge","35","TextKeyReference","DoNotPatchHere","False","False","","False","This is a key/reference; translate the resolved text entry instead."
"Content\Config\Primary\Resources.xml","Resources.original.xml","resource","RESOURCE_TREASURE","name","","TEXT.Name.Resource.Treasure","27","TextKeyReference","DoNotPatchHere","False","False","","False","This is a key/reference; translate the resolved text entry instead."
"Content\Config\Primary\Resources.xml","Resources.original.xml","resource","RESOURCE_TREASURE","description","","TEXT.Description.Resource.Treasure","34","TextKeyReference","DoNotPatchHere","False","False","","False","This is a key/reference; translate the resolved text entry instead."
"Content\Config\Primary\Resources.xml","Resources.original.xml","resource","RESOURCE_FOOD","name","","TEXT.Name.Resource.Food","23","TextKeyReference","DoNotPatchHere","False","False","","False","This is a key/reference; translate the resolved text entry instead."
"Content\Config\Primary\Resources.xml","Resources.original.xml","resource","RESOURCE_FOOD","description","","TEXT.Description.Resource.Food","30","TextKeyReference","DoNotPatchHere","False","False","","False","This is a key/reference; translate the resolved text entry instead."
"Content\Config\Primary\Resources.xml","Resources.original.xml","resource","RESOURCE_WHEAT","name","","TEXT.Name.Resource.Wheat","24","TextKeyReference","DoNotPatchHere","False","False","","False","This is a key/reference; translate the resolved text entry instead."
"Content\Config\Primary\Resources.xml","Resources.original.xml","resource","RESOURCE_WHEAT","description","","TEXT.Description.Resource.Wheat","31","TextKeyReference","DoNotPatchHere","False","False","","False","This is a key/reference; translate the resolved text entry instead."
"Content\Config\Primary\Resources.xml","Resources.original.xml","resource","RESOURCE_FRUIT","name","","TEXT.Name.Resource.Fruit","24","TextKeyReference","DoNotPatchHere","False","False","","False","This is a key/reference; translate the resolved text entry instead."
"Content\Config\Primary\Resources.xml","Resources.original.xml","resource","RESOURCE_FRUIT","description","","TEXT.Description.Resource.Fruit","31","TextKeyReference","DoNotPatchHere","False","False","","False","This is a key/reference; translate the resolved text entry instead."
"Content\Config\Primary\Resources.xml","Resources.original.xml","resource","RESOURCE_GRAPES","name","","TEXT.Name.Resource.Grapes","25","TextKeyReference","DoNotPatchHere","False","False","","False","This is a key/reference; translate the resolved text entry instead."
"Content\Config\Primary\Resources.xml","Resources.original.xml","resource","RESOURCE_GRAPES","description","","TEXT.Description.Resource.Grapes","32","TextKeyReference","DoNotPatchHere","False","False","","False","This is a key/reference; translate the resolved text entry instead."
"Content\Config\Primary\Resources.xml","Resources.original.xml","resource","RESOURCE_OLIVES","name","","TEXT.Name.Resource.Olives","25","TextKeyReference","DoNotPatchHere","False","False","","False","This is a key/reference; translate the resolved text entry instead."
"Content\Config\Primary\Resources.xml","Resources.original.xml","resource","RESOURCE_OLIVES","description","","TEXT.Description.Resource.Olives","32","TextKeyReference","DoNotPatchHere","False","False","","False","This is a key/reference; translate the resolved text entry instead."
"Content\Config\Primary\Resources.xml","Resources.original.xml","resource","RESOURCE_BARLEY","name","","TEXT.Name.Resource.Barley","25","TextKeyReference","DoNotPatchHere","False","False","","False","This is a key/reference; translate the resolved text entry instead."
"Content\Config\Primary\Resources.xml","Resources.original.xml","resource","RESOURCE_BARLEY","description","","TEXT.Description.Resource.Barley","32","TextKeyReference","DoNotPatchHere","False","False","","False","This is a key/reference; translate the resolved text entry instead."
"Content\Config\Primary\Resources.xml","Resources.original.xml","resource","RESOURCE_HONEY","name","","TEXT.Name.Resource.Honey","24","TextKeyReference","DoNotPatchHere","False","False","","False","This is a key/reference; translate the resolved text entry instead."
"Content\Config\Primary\Resources.xml","Resources.original.xml","resource","RESOURCE_HONEY","description","","TEXT.Description.Resource.Honey","31","TextKeyReference","DoNotPatchHere","False","False","","False","This is a key/reference; translate the resolved text entry instead."
"Content\Config\Primary\Resources.xml","Resources.original.xml","resource","RESOURCE_FISH","name","","TEXT.Name.Resource.Fish","23","TextKeyReference","DoNotPatchHere","False","False","","False","This is a key/reference; translate the resolved text entry instead."
"Content\Config\Primary\Resources.xml","Resources.original.xml","resource","RESOURCE_FISH","description","","TEXT.Description.Resource.Fish","30","TextKeyReference","DoNotPatchHere","False","False","","False","This is a key/reference; translate the resolved text entry instead."
"Content\Config\Primary\Resources.xml","Resources.original.xml","resource","RESOURCE_MEAT","name","","TEXT.Name.Resource.Meat","23","TextKeyReference","DoNotPatchHere","False","False","","False","This is a key/reference; translate the resolved text entry instead."
"Content\Config\Primary\Resources.xml","Resources.original.xml","resource","RESOURCE_MEAT","description","","TEXT.Description.Resource.Meat","30","TextKeyReference","DoNotPatchHere","False","False","","False","This is a key/reference; translate the resolved text entry instead."
"Content\Config\Primary\Resources.xml","Resources.original.xml","resource","RESOURCE_CHEESE","name","","TEXT.Name.Resource.Cheese","25","TextKeyReference","DoNotPatchHere","False","False","","False","This is a key/reference; translate the resolved text entry instead."
"Content\Config\Primary\Resources.xml","Resources.original.xml","resource","RESOURCE_CHEESE","description","","TEXT.Description.Resource.Cheese","32","TextKeyReference","DoNotPatchHere","False","False","","False","This is a key/reference; translate the resolved text entry instead."
"Content\Config\Primary\Resources.xml","Resources.original.xml","resource","RESOURCE_HORSES","name","","TEXT.Name.Resource.Horse","24","TextKeyReference","DoNotPatchHere","False","False","","False","This is a key/reference; translate the resolved text entry instead."
"Content\Config\Primary\Resources.xml","Resources.original.xml","resource","RESOURCE_HORSES","description","","TEXT.Description.Resource.Horse","31","TextKeyReference","DoNotPatchHere","False","False","","False","This is a key/reference; translate the resolved text entry instead."
"Content\Config\Primary\Resources.xml","Resources.original.xml","resource","RESOURCE_SHEEP","name","","TEXT.Name.Resource.Sheep","24","TextKeyReference","DoNotPatchHere","False","False","","False","This is a key/reference; translate the resolved text entry instead."
"Content\Config\Primary\Resources.xml","Resources.original.xml","resource","RESOURCE_SHEEP","description","","TEXT.Description.Resource.Sheep","31","TextKeyReference","DoNotPatchHere","False","False","","False","This is a key/reference; translate the resolved text entry instead."
"Content\Config\Primary\Resources.xml","Resources.original.xml","resource","RESOURCE_CATTLE","name","","TEXT.Name.Resource.Cattle","25","TextKeyReference","DoNotPatchHere","False","False","","False","This is a key/reference; translate the resolved text entry instead."
"Content\Config\Primary\Resources.xml","Resources.original.xml","resource","RESOURCE_CATTLE","description","","TEXT.Description.Resource.Cattle","32","TextKeyReference","DoNotPatchHere","False","False","","False","This is a key/reference; translate the resolved text entry instead."
"Content\Config\Primary\Resources.xml","Resources.original.xml","resource","RESOURCE_PIGS","name","","TEXT.Name.Resource.Pig","22","TextKeyReference","DoNotPatchHere","False","False","","False","This is a key/reference; translate the resolved text entry instead."
"Content\Config\Primary\Resources.xml","Resources.original.xml","resource","RESOURCE_PIGS","description","","TEXT.Description.Resource.Pig","29","TextKeyReference","DoNotPatchHere","False","False","","False","This is a key/reference; translate the resolved text entry instead."
"Content\Config\Primary\Resources.xml","Resources.original.xml","resource","RESOURCE_DEER","name","","TEXT.Name.Resource.Deer","23","TextKeyReference","DoNotPatchHere","False","False","","False","This is a key/reference; translate the resolved text entry instead."
"Content\Config\Primary\Resources.xml","Resources.original.xml","resource","RESOURCE_DEER","description","","TEXT.Description.Resource.Deer","30","TextKeyReference","DoNotPatchHere","False","False","","False","This is a key/reference; translate the resolved text entry instead."
"Content\Config\Primary\Resources.xml","Resources.original.xml","resource","RESOURCE_WEAPONS","name","","TEXT.Name.Resource.Weapon","25","TextKeyReference","DoNotPatchHere","False","False","","False","This is a key/reference; translate the resolved text entry instead."
"Content\Config\Primary\Resources.xml","Resources.original.xml","resource","RESOURCE_WEAPONS","description","","TEXT.Description.Resource.Weapons","33","TextKeyReference","DoNotPatchHere","False","False","","False","This is a key/reference; translate the resolved text entry instead."
"Content\Config\Primary\Resources.xml","Resources.original.xml","resource","RESOURCE_TOOLS","name","","TEXT.Name.Resource.Tool","23","TextKeyReference","DoNotPatchHere","False","False","","False","This is a key/reference; translate the resolved text entry instead."
"Content\Config\Primary\Resources.xml","Resources.original.xml","resource","RESOURCE_TOOLS","description","","TEXT.Description.Resource.Tool","30","TextKeyReference","DoNotPatchHere","False","False","","False","This is a key/reference; translate the resolved text entry instead."
"Content\Config\Primary\Resources.xml","Resources.original.xml","resource","RESOURCE_TIMBER","name","","TEXT.Name.Resource.Timber","25","TextKeyReference","DoNotPatchHere","False","False","","False","This is a key/reference; translate the resolved text entry instead."
"Content\Config\Primary\Resources.xml","Resources.original.xml","resource","RESOURCE_TIMBER","description","","TEXT.Description.Resource.Timber","32","TextKeyReference","DoNotPatchHere","False","False","","False","This is a key/reference; translate the resolved text entry instead."
"Content\Config\Primary\Resources.xml","Resources.original.xml","resource","RESOURCE_CLOTH","name","","TEXT.Name.Resource.Cloth","24","TextKeyReference","DoNotPatchHere","False","False","","False","This is a key/reference; translate the resolved text entry instead."
"Content\Config\Primary\Resources.xml","Resources.original.xml","resource","RESOURCE_CLOTH","description","","TEXT.Description.Resource.Cloth","31","TextKeyReference","DoNotPatchHere","False","False","","False","This is a key/reference; translate the resolved text entry instead."
"Content\Config\Primary\Resources.xml","Resources.original.xml","resource","RESOURCE_FLAX","name","","TEXT.Name.Resource.Flax","23","TextKeyReference","DoNotPatchHere","False","False","","False","This is a key/reference; translate the resolved text entry instead."
"Content\Config\Primary\Resources.xml","Resources.original.xml","resource","RESOURCE_FLAX","description","","TEXT.Description.Resource.Flax","30","TextKeyReference","DoNotPatchHere","False","False","","False","This is a key/reference; translate the resolved text entry instead."
"Content\Config\Primary\Resources.xml","Resources.original.xml","resource","RESOURCE_WOOL","name","","TEXT.Name.Resource.Wool","23","TextKeyReference","DoNotPatchHere","False","False","","False","This is a key/reference; translate the resolved text entry instead."
"Content\Config\Primary\Resources.xml","Resources.original.xml","resource","RESOURCE_WOOL","description","","TEXT.Description.Resource.Wool","30","TextKeyReference","DoNotPatchHere","False","False","","False","This is a key/reference; translate the resolved text entry instead."
"Content\Config\Primary\Resources.xml","Resources.original.xml","resource","RESOURCE_IRON","name","","TEXT.Name.Resource.Iron","23","TextKeyReference","DoNotPatchHere","False","False","","False","This is a key/reference; translate the resolved text entry instead."
"Content\Config\Primary\Resources.xml","Resources.original.xml","resource","RESOURCE_IRON","description","","TEXT.Description.Resource.Iron","30","TextKeyReference","DoNotPatchHere","False","False","","False","This is a key/reference; translate the resolved text entry instead."
"Content\Config\Primary\Resources.xml","Resources.original.xml","resource","RESOURCE_COAL","name","","TEXT.Name.Resource.Coal","23","TextKeyReference","DoNotPatchHere","False","False","","False","This is a key/reference; translate the resolved text entry instead."
"Content\Config\Primary\Resources.xml","Resources.original.xml","resource","RESOURCE_COAL","description","","TEXT.Description.Resource.Coal","30","TextKeyReference","DoNotPatchHere","False","False","","False","This is a key/reference; translate the resolved text entry instead."
"Content\Config\Primary\Resources.xml","Resources.original.xml","resource","RESOURCE_STONE","name","","TEXT.Name.Resource.Stone","24","TextKeyReference","DoNotPatchHere","False","False","","False","This is a key/reference; translate the resolved text entry instead."
"Content\Config\Primary\Resources.xml","Resources.original.xml","resource","RESOURCE_STONE","description","","TEXT.Description.Resource.Stone","31","TextKeyReference","DoNotPatchHere","False","False","","False","This is a key/reference; translate the resolved text entry instead."
"Content\Config\Primary\Resources.xml","Resources.original.xml","resource","RESOURCE_BOARDS","name","","TEXT.Name.Resource.Board","24","TextKeyReference","DoNotPatchHere","False","False","","False","This is a key/reference; translate the resolved text entry instead."
"Content\Config\Primary\Resources.xml","Resources.original.xml","resource","RESOURCE_BOARDS","description","","TEXT.Description.Resource.Board","31","TextKeyReference","DoNotPatchHere","False","False","","False","This is a key/reference; translate the resolved text entry instead."
"Content\Config\Primary\Resources.xml","Resources.original.xml","resource","RESOURCE_ALCOHOL","name","","TEXT.Name.Resource.Alcohol","26","TextKeyReference","DoNotPatchHere","False","False","","False","This is a key/reference; translate the resolved text entry instead."
"Content\Config\Primary\Resources.xml","Resources.original.xml","resource","RESOURCE_ALCOHOL","description","","TEXT.Description.Resource.Alcohol","33","TextKeyReference","DoNotPatchHere","False","False","","False","This is a key/reference; translate the resolved text entry instead."
"Content\Config\Primary\Resources.xml","Resources.original.xml","resource","RESOURCE_OIL","name","","TEXT.Name.Resource.Oil","22","TextKeyReference","DoNotPatchHere","False","False","","False","This is a key/reference; translate the resolved text entry instead."
"Content\Config\Primary\Resources.xml","Resources.original.xml","resource","RESOURCE_OIL","description","","TEXT.Description.Resource.Oil","29","TextKeyReference","DoNotPatchHere","False","False","","False","This is a key/reference; translate the resolved text entry instead."
"Content\Config\Primary\Resources.xml","Resources.original.xml","resource","RESOURCE_PARCHMENT","name","","TEXT.Name.Resource.Parchment","28","TextKeyReference","DoNotPatchHere","False","False","","False","This is a key/reference; translate the resolved text entry instead."
"Content\Config\Primary\Resources.xml","Resources.original.xml","resource","RESOURCE_PARCHMENT","description","","TEXT.Description.Resource.Parchment","35","TextKeyReference","DoNotPatchHere","False","False","","False","This is a key/reference; translate the resolved text entry instead."
"Content\Config\Primary\Resources.xml","Resources.original.xml","resource","RESOURCE_WARHORSES","name","","TEXT.Name.Resource.Warhorse","27","TextKeyReference","DoNotPatchHere","False","False","","False","This is a key/reference; translate the resolved text entry instead."
"Content\Config\Primary\Resources.xml","Resources.original.xml","resource","RESOURCE_WARHORSES","description","","TEXT.Description.Resource.Warhorse","34","TextKeyReference","DoNotPatchHere","False","False","","False","This is a key/reference; translate the resolved text entry instead."
"Content\Config\Primary\Resources.xml","Resources.original.xml","resource","RESOURCE_STONE_BLOCKS","name","","TEXT.Name.Resource.StoneBlock","29","TextKeyReference","DoNotPatchHere","False","False","","False","This is a key/reference; translate the resolved text entry instead."
"Content\Config\Primary\Resources.xml","Resources.original.xml","resource","RESOURCE_STONE_BLOCKS","description","","TEXT.Description.Resource.StoneBlock","36","TextKeyReference","DoNotPatchHere","False","False","","False","This is a key/reference; translate the resolved text entry instead."
"Content\Config\Primary\Resources.xml","Resources.original.xml","resource","RESOURCE_ARMOR","name","","TEXT.Name.Resource.Armor","24","TextKeyReference","DoNotPatchHere","False","False","","False","This is a key/reference; translate the resolved text entry instead."
"Content\Config\Primary\Resources.xml","Resources.original.xml","resource","RESOURCE_ARMOR","description","","TEXT.Description.Resource.Armor","31","TextKeyReference","DoNotPatchHere","False","False","","False","This is a key/reference; translate the resolved text entry instead."
"Content\Config\Primary\Resources.xml","Resources.original.xml","resource","RESOURCE_STEEL","name","","TEXT.Name.Resource.Steel","24","TextKeyReference","DoNotPatchHere","False","False","","False","This is a key/reference; translate the resolved text entry instead."
"Content\Config\Primary\Resources.xml","Resources.original.xml","resource","RESOURCE_STEEL","description","","TEXT.Description.Resource.Steel","31","TextKeyReference","DoNotPatchHere","False","False","","False","This is a key/reference; translate the resolved text entry instead."
"Content\Config\Primary\Resources.xml","Resources.original.xml","resource","RESOURCE_SALT","name","","TEXT.Name.Resource.Salt","23","TextKeyReference","DoNotPatchHere","False","False","","False","This is a key/reference; translate the resolved text entry instead."
"Content\Config\Primary\Resources.xml","Resources.original.xml","resource","RESOURCE_SALT","description","","TEXT.Description.Resource.Salt","30","TextKeyReference","DoNotPatchHere","False","False","","False","This is a key/reference; translate the resolved text entry instead."
"Content\Config\Primary\Resources.xml","Resources.original.xml","resource","RESOURCE_FINE_CLOTH","name","","TEXT.Name.Resource.FineCloth","28","TextKeyReference","DoNotPatchHere","False","False","","False","This is a key/reference; translate the resolved text entry instead."
"Content\Config\Primary\Resources.xml","Resources.original.xml","resource","RESOURCE_FINE_CLOTH","description","","TEXT.Description.Resource.FineCloth","35","TextKeyReference","DoNotPatchHere","False","False","","False","This is a key/reference; translate the resolved text entry instead."
"Content\Config\Primary\Resources.xml","Resources.original.xml","resource","RESOURCE_STEEL_TOOLS","name","","TEXT.Name.Resource.SteelTool","28","TextKeyReference","DoNotPatchHere","False","False","","False","This is a key/reference; translate the resolved text entry instead."
"Content\Config\Primary\Resources.xml","Resources.original.xml","resource","RESOURCE_STEEL_TOOLS","description","","TEXT.Description.Resource.SteelTool","35","TextKeyReference","DoNotPatchHere","False","False","","False","This is a key/reference; translate the resolved text entry instead."
"Content\Config\Primary\Resources.xml","Resources.original.xml","resource","RESOURCE_STEEL_WEAPONS","name","","TEXT.Name.Resource.SteelWeapon","30","TextKeyReference","DoNotPatchHere","False","False","","False","This is a key/reference; translate the resolved text entry instead."
"Content\Config\Primary\Resources.xml","Resources.original.xml","resource","RESOURCE_STEEL_WEAPONS","description","","TEXT.Description.Resource.SteelWeapon","37","TextKeyReference","DoNotPatchHere","False","False","","False","This is a key/reference; translate the resolved text entry instead."
"Content\Config\Primary\Resources.xml","Resources.original.xml","resource","RESOURCE_STEEL_ARMOR","name","","TEXT.Name.Resource.SteelArmor","29","TextKeyReference","DoNotPatchHere","False","False","","False","This is a key/reference; translate the resolved text entry instead."
"Content\Config\Primary\Resources.xml","Resources.original.xml","resource","RESOURCE_STEEL_ARMOR","description","","TEXT.Description.Resource.SteelArmor","36","TextKeyReference","DoNotPatchHere","False","False","","False","This is a key/reference; translate the resolved text entry instead."
"Content\Config\Primary\Techs.xml","Techs.original.xml","tech","TECH_WRAPPER_HONOR","name","","TEXT.Name.Discipline.Honor","26","TextKeyReference","DoNotPatchHere","False","False","","False","This is a key/reference; translate the resolved text entry instead."
"Content\Config\Primary\Techs.xml","Techs.original.xml","tech","TECH_WRAPPER_HONOR","description","","[Learning|LEARN] this [Tech|TECH] will allow you to [Study|STUDY] new [Professions|PROFESSION] and [Upgrades|UPGRADE] in [HONOR].[BLANK-LINE]Once finished it also provides you a one-time opportunity to give a [Settled|SETTLED] [Clan|CLAN] 2 free [Levels|LEVEL] in [HONOR], reducing the number of [Turns|TURN] needed to [Train|TRAIN] it in Professions within that [Discipline|DISCIPLINE].","387","UnclassifiedLiteral","ReviewRequired","False","False","[Learning|LEARN] [Tech|TECH] [Study|STUDY] [Professions|PROFESSION] [Upgrades|UPGRADE] [HONOR] [BLANK-LINE] [Settled|SETTLED] [Clan|CLAN] [Levels|LEVEL] [Turns|TURN] [Train|TRAIN] [Discipline|DISCIPLINE]","True","No established safe patching rule yet."
"Content\Config\Primary\Techs.xml","Techs.original.xml","tech","TECH_WRAPPER_AGRICULTURE","name","","TEXT.Name.Discipline.Agriculture","32","TextKeyReference","DoNotPatchHere","False","False","","False","This is a key/reference; translate the resolved text entry instead."
"Content\Config\Primary\Techs.xml","Techs.original.xml","tech","TECH_WRAPPER_AGRICULTURE","description","","[Learning|LEARN] this [Tech|TECH] will allow you to [Study|STUDY] new [Professions|PROFESSION] and [Upgrades|UPGRADE] in [AGRICULTURE].[BLANK-LINE]Once finished it also provides you a one-time opportunity to give a [Settled|SETTLED] [Clan|CLAN] 2 free [Levels|LEVEL] in [AGRICULTURE], reducing the number of [Turns|TURN] needed to [Train|TRAIN] it in Professions within that [Discipline|DISCIPLINE].","399","UnclassifiedLiteral","ReviewRequired","False","False","[Learning|LEARN] [Tech|TECH] [Study|STUDY] [Professions|PROFESSION] [Upgrades|UPGRADE] [AGRICULTURE] [BLANK-LINE] [Settled|SETTLED] [Clan|CLAN] [Levels|LEVEL] [Turns|TURN] [Train|TRAIN] [Discipline|DISCIPLINE]","True","No established safe patching rule yet."
"Content\Config\Primary\Techs.xml","Techs.original.xml","tech","TECH_WRAPPER_LIVESTOCK","name","","TEXT.Name.Discipline.Livestock","30","TextKeyReference","DoNotPatchHere","False","False","","False","This is a key/reference; translate the resolved text entry instead."
"Content\Config\Primary\Techs.xml","Techs.original.xml","tech","TECH_WRAPPER_LIVESTOCK","description","","[Learning|LEARN] this [Tech|TECH] will allow you to [Study|STUDY] new [Professions|PROFESSION] and [Upgrades|UPGRADE] in [LIVESTOCK].[BLANK-LINE]Once finished it also provides you a one-time opportunity to give a [Settled|SETTLED] [Clan|CLAN] 2 free [Levels|LEVEL] in [LIVESTOCK], reducing the number of [Turns|TURN] needed to [Train|TRAIN] it in Professions within that [Discipline|DISCIPLINE].","395","UnclassifiedLiteral","ReviewRequired","False","False","[Learning|LEARN] [Tech|TECH] [Study|STUDY] [Professions|PROFESSION] [Upgrades|UPGRADE] [LIVESTOCK] [BLANK-LINE] [Settled|SETTLED] [Clan|CLAN] [Levels|LEVEL] [Turns|TURN] [Train|TRAIN] [Discipline|DISCIPLINE]","True","No established safe patching rule yet."
"Content\Config\Primary\Techs.xml","Techs.original.xml","tech","TECH_WRAPPER_METALWORKING","name","","TEXT.Name.Discipline.Metalworking","33","TextKeyReference","DoNotPatchHere","False","False","","False","This is a key/reference; translate the resolved text entry instead."
"Content\Config\Primary\Techs.xml","Techs.original.xml","tech","TECH_WRAPPER_METALWORKING","description","","[Learning|LEARN] this [Tech|TECH] will allow you to [Study|STUDY] new [Professions|PROFESSION] and [Upgrades|UPGRADE] in [METALWORKING].[BLANK-LINE]Once finished it also provides you a one-time opportunity to give a [Settled|SETTLED] [Clan|CLAN] 2 free [Levels|LEVEL] in [METALWORKING], reducing the number of [Turns|TURN] needed to [Train|TRAIN] it in Professions within that [Discipline|DISCIPLINE].","401","UnclassifiedLiteral","ReviewRequired","False","False","[Learning|LEARN] [Tech|TECH] [Study|STUDY] [Professions|PROFESSION] [Upgrades|UPGRADE] [METALWORKING] [BLANK-LINE] [Settled|SETTLED] [Clan|CLAN] [Levels|LEVEL] [Turns|TURN] [Train|TRAIN] [Discipline|DISCIPLINE]","True","No established safe patching rule yet."
"Content\Config\Primary\Techs.xml","Techs.original.xml","tech","TECH_WRAPPER_CRAFTING","name","","TEXT.Name.Discipline.Crafting","29","TextKeyReference","DoNotPatchHere","False","False","","False","This is a key/reference; translate the resolved text entry instead."
"Content\Config\Primary\Techs.xml","Techs.original.xml","tech","TECH_WRAPPER_CRAFTING","description","","[Learning|LEARN] this [Tech|TECH] will allow you to [Study|STUDY] new [Professions|PROFESSION] and [Upgrades|UPGRADE] in [CRAFTING].[BLANK-LINE]Once finished it also provides you a one-time opportunity to give a [Settled|SETTLED] [Clan|CLAN] 2 free [Levels|LEVEL] in [CRAFTING], reducing the number of [Turns|TURN] needed to [Train|TRAIN] it in Professions within that [Discipline|DISCIPLINE].","393","UnclassifiedLiteral","ReviewRequired","False","False","[Learning|LEARN] [Tech|TECH] [Study|STUDY] [Professions|PROFESSION] [Upgrades|UPGRADE] [CRAFTING] [BLANK-LINE] [Settled|SETTLED] [Clan|CLAN] [Levels|LEVEL] [Turns|TURN] [Train|TRAIN] [Discipline|DISCIPLINE]","True","No established safe patching rule yet."
"Content\Config\Primary\Techs.xml","Techs.original.xml","tech","TECH_WRAPPER_DISCOVERY","name","","TEXT.Name.Discipline.Discovery","30","TextKeyReference","DoNotPatchHere","False","False","","False","This is a key/reference; translate the resolved text entry instead."
"Content\Config\Primary\Techs.xml","Techs.original.xml","tech","TECH_WRAPPER_DISCOVERY","description","","[Learning|LEARN] this [Tech|TECH] will allow you to [Study|STUDY] new [Professions|PROFESSION] and [Upgrades|UPGRADE] in [DISCOVERY].[BLANK-LINE]Once finished it also provides you a one-time opportunity to give a [Settled|SETTLED] [Clan|CLAN] 2 free [Levels|LEVEL] in [DISCOVERY], reducing the number of [Turns|TURN] needed to [Train|TRAIN] it in Professions within that [Discipline|DISCIPLINE].","395","UnclassifiedLiteral","ReviewRequired","False","False","[Learning|LEARN] [Tech|TECH] [Study|STUDY] [Professions|PROFESSION] [Upgrades|UPGRADE] [DISCOVERY] [BLANK-LINE] [Settled|SETTLED] [Clan|CLAN] [Levels|LEVEL] [Turns|TURN] [Train|TRAIN] [Discipline|DISCIPLINE]","True","No established safe patching rule yet."
"Content\Config\Primary\Techs.xml","Techs.original.xml","tech","TECH_HUNTER_UPGRADE_1","name","","TEXT.Name.Tech.Upgrade.1","24","TextKeyReference","DoNotPatchHere","False","False","","False","This is a key/reference; translate the resolved text entry instead."
"Content\Config\Primary\Techs.xml","Techs.original.xml","tech","TECH_HUNTER_UPGRADE_1","description","","TEXT.Description.Tech.Upgrade.1","31","TextKeyReference","DoNotPatchHere","False","False","","False","This is a key/reference; translate the resolved text entry instead."
"Content\Config\Primary\Techs.xml","Techs.original.xml","tech","TECH_HUNTER_UPGRADE_2","name","","TEXT.Name.Tech.Upgrade.2","24","TextKeyReference","DoNotPatchHere","False","False","","False","This is a key/reference; translate the resolved text entry instead."
"Content\Config\Primary\Techs.xml","Techs.original.xml","tech","TECH_HUNTER_UPGRADE_2","description","","TEXT.Description.Tech.Upgrade.2","31","TextKeyReference","DoNotPatchHere","False","False","","False","This is a key/reference; translate the resolved text entry instead."
"Content\Config\Primary\Techs.xml","Techs.original.xml","tech","TECH_ARCHER_UPGRADE_1","name","","TEXT.Name.Tech.Upgrade.1","24","TextKeyReference","DoNotPatchHere","False","False","","False","This is a key/reference; translate the resolved text entry instead."
"Content\Config\Primary\Techs.xml","Techs.original.xml","tech","TECH_ARCHER_UPGRADE_1","description","","TEXT.Description.Tech.Upgrade.1","31","TextKeyReference","DoNotPatchHere","False","False","","False","This is a key/reference; translate the resolved text entry instead."
"Content\Config\Primary\Techs.xml","Techs.original.xml","tech","TECH_ARCHER_UPGRADE_2","name","","TEXT.Name.Tech.Upgrade.2","24","TextKeyReference","DoNotPatchHere","False","False","","False","This is a key/reference; translate the resolved text entry instead."
"Content\Config\Primary\Techs.xml","Techs.original.xml","tech","TECH_ARCHER_UPGRADE_2","description","","TEXT.Description.Tech.Upgrade.2","31","TextKeyReference","DoNotPatchHere","False","False","","False","This is a key/reference; translate the resolved text entry instead."
"Content\Config\Primary\Techs.xml","Techs.original.xml","tech","TECH_FEAST_MASTER_UPGRADE_1","name","","TEXT.Name.Tech.Upgrade.1","24","TextKeyReference","DoNotPatchHere","False","False","","False","This is a key/reference; translate the resolved text entry instead."
"Content\Config\Primary\Techs.xml","Techs.original.xml","tech","TECH_FEAST_MASTER_UPGRADE_1","description","","TEXT.Description.Tech.Upgrade.1","31","TextKeyReference","DoNotPatchHere","False","False","","False","This is a key/reference; translate the resolved text entry instead."
"Content\Config\Primary\Techs.xml","Techs.original.xml","tech","TECH_FEAST_MASTER_UPGRADE_2","name","","TEXT.Name.Tech.Upgrade.2","24","TextKeyReference","DoNotPatchHere","False","False","","False","This is a key/reference; translate the resolved text entry instead."
"Content\Config\Primary\Techs.xml","Techs.original.xml","tech","TECH_FEAST_MASTER_UPGRADE_2","description","","TEXT.Description.Tech.Upgrade.2","31","TextKeyReference","DoNotPatchHere","False","False","","False","This is a key/reference; translate the resolved text entry instead."
"Content\Config\Primary\Techs.xml","Techs.original.xml","tech","TECH_HUNTSMAN_UPGRADE_1","name","","TEXT.Name.Tech.Upgrade.1","24","TextKeyReference","DoNotPatchHere","False","False","","False","This is a key/reference; translate the resolved text entry instead."
"Content\Config\Primary\Techs.xml","Techs.original.xml","tech","TECH_HUNTSMAN_UPGRADE_1","description","","TEXT.Description.Tech.Upgrade.1","31","TextKeyReference","DoNotPatchHere","False","False","","False","This is a key/reference; translate the resolved text entry instead."
"Content\Config\Primary\Techs.xml","Techs.original.xml","tech","TECH_HUNTSMAN_UPGRADE_2","name","","TEXT.Name.Tech.Upgrade.2","24","TextKeyReference","DoNotPatchHere","False","False","","False","This is a key/reference; translate the resolved text entry instead."
"Content\Config\Primary\Techs.xml","Techs.original.xml","tech","TECH_HUNTSMAN_UPGRADE_2","description","","TEXT.Description.Tech.Upgrade.2","31","TextKeyReference","DoNotPatchHere","False","False","","False","This is a key/reference; translate the resolved text entry instead."
"Content\Config\Primary\Techs.xml","Techs.original.xml","tech","TECH_GLOBAL_MILITIA_TRAINING","name","","TEXT.Name.Tech.MilitiaTraining","30","TextKeyReference","DoNotPatchHere","False","False","","False","This is a key/reference; translate the resolved text entry instead."
"Content\Config\Primary\Techs.xml","Techs.original.xml","tech","TECH_GLOBAL_MILITIA_TRAINING","description","","TEXT.Description.Tech.MilitiaTraining","37","TextKeyReference","DoNotPatchHere","False","False","","False","This is a key/reference; translate the resolved text entry instead."
"Content\Config\Primary\Techs.xml","Techs.original.xml","tech","TECH_SPEARMAN_UPGRADE_1","name","","TEXT.Name.Tech.Upgrade.1","24","TextKeyReference","DoNotPatchHere","False","False","","False","This is a key/reference; translate the resolved text entry instead."
"Content\Config\Primary\Techs.xml","Techs.original.xml","tech","TECH_SPEARMAN_UPGRADE_1","description","","TEXT.Description.Tech.Upgrade.1","31","TextKeyReference","DoNotPatchHere","False","False","","False","This is a key/reference; translate the resolved text entry instead."
"Content\Config\Primary\Techs.xml","Techs.original.xml","tech","TECH_SPEARMAN_UPGRADE_2","name","","TEXT.Name.Tech.Upgrade.2","24","TextKeyReference","DoNotPatchHere","False","False","","False","This is a key/reference; translate the resolved text entry instead."
"Content\Config\Primary\Techs.xml","Techs.original.xml","tech","TECH_SPEARMAN_UPGRADE_2","description","","TEXT.Description.Tech.Upgrade.2","31","TextKeyReference","DoNotPatchHere","False","False","","False","This is a key/reference; translate the resolved text entry instead."
"Content\Config\Primary\Techs.xml","Techs.original.xml","tech","TECH_LIGHT_CAVALRY_UPGRADE_1","name","","TEXT.Name.Tech.Upgrade.1","24","TextKeyReference","DoNotPatchHere","False","False","","False","This is a key/reference; translate the resolved text entry instead."
"Content\Config\Primary\Techs.xml","Techs.original.xml","tech","TECH_LIGHT_CAVALRY_UPGRADE_1","description","","TEXT.Description.Tech.Upgrade.1","31","TextKeyReference","DoNotPatchHere","False","False","","False","This is a key/reference; translate the resolved text entry instead."
"Content\Config\Primary\Techs.xml","Techs.original.xml","tech","TECH_LIGHT_CAVALRY_UPGRADE_2","name","","TEXT.Name.Tech.Upgrade.2","24","TextKeyReference","DoNotPatchHere","False","False","","False","This is a key/reference; translate the resolved text entry instead."
"Content\Config\Primary\Techs.xml","Techs.original.xml","tech","TECH_LIGHT_CAVALRY_UPGRADE_2","description","","TEXT.Description.Tech.Upgrade.2","31","TextKeyReference","DoNotPatchHere","False","False","","False","This is a key/reference; translate the resolved text entry instead."
"Content\Config\Primary\Techs.xml","Techs.original.xml","tech","TECH_HONOR_GUARD_UPGRADE_1","name","","TEXT.Name.Tech.Upgrade.1","24","TextKeyReference","DoNotPatchHere","False","False","","False","This is a key/reference; translate the resolved text entry instead."
"Content\Config\Primary\Techs.xml","Techs.original.xml","tech","TECH_HONOR_GUARD_UPGRADE_1","description","","TEXT.Description.Tech.Upgrade.1","31","TextKeyReference","DoNotPatchHere","False","False","","False","This is a key/reference; translate the resolved text entry instead."
"Content\Config\Primary\Techs.xml","Techs.original.xml","tech","TECH_HONOR_GUARD_UPGRADE_2","name","","TEXT.Name.Tech.Upgrade.2","24","TextKeyReference","DoNotPatchHere","False","False","","False","This is a key/reference; translate the resolved text entry instead."
"Content\Config\Primary\Techs.xml","Techs.original.xml","tech","TECH_HONOR_GUARD_UPGRADE_2","description","","TEXT.Description.Tech.Upgrade.2","31","TextKeyReference","DoNotPatchHere","False","False","","False","This is a key/reference; translate the resolved text entry instead."
"Content\Config\Primary\Techs.xml","Techs.original.xml","tech","TECH_PRIEST_UPGRADE_1","name","","TEXT.Name.Tech.Upgrade.1","24","TextKeyReference","DoNotPatchHere","False","False","","False","This is a key/reference; translate the resolved text entry instead."
"Content\Config\Primary\Techs.xml","Techs.original.xml","tech","TECH_PRIEST_UPGRADE_1","description","","TEXT.Description.Tech.Upgrade.1","31","TextKeyReference","DoNotPatchHere","False","False","","False","This is a key/reference; translate the resolved text entry instead."
"Content\Config\Primary\Techs.xml","Techs.original.xml","tech","TECH_PRIEST_UPGRADE_2","name","","TEXT.Name.Tech.Upgrade.2","24","TextKeyReference","DoNotPatchHere","False","False","","False","This is a key/reference; translate the resolved text entry instead."
"Content\Config\Primary\Techs.xml","Techs.original.xml","tech","TECH_PRIEST_UPGRADE_2","description","","TEXT.Description.Tech.Upgrade.2","31","TextKeyReference","DoNotPatchHere","False","False","","False","This is a key/reference; translate the resolved text entry instead."
"Content\Config\Primary\Techs.xml","Techs.original.xml","tech","TECH_GUILDMASTER_UPGRADE_1","name","","TEXT.Name.Tech.Upgrade.1","24","TextKeyReference","DoNotPatchHere","False","False","","False","This is a key/reference; translate the resolved text entry instead."
"Content\Config\Primary\Techs.xml","Techs.original.xml","tech","TECH_GUILDMASTER_UPGRADE_1","description","","TEXT.Description.Tech.Upgrade.1","31","TextKeyReference","DoNotPatchHere","False","False","","False","This is a key/reference; translate the resolved text entry instead."
"Content\Config\Primary\Techs.xml","Techs.original.xml","tech","TECH_GUILDMASTER_UPGRADE_2","name","","TEXT.Name.Tech.Upgrade.2","24","TextKeyReference","DoNotPatchHere","False","False","","False","This is a key/reference; translate the resolved text entry instead."
"Content\Config\Primary\Techs.xml","Techs.original.xml","tech","TECH_GUILDMASTER_UPGRADE_2","description","","TEXT.Description.Tech.Upgrade.2","31","TextKeyReference","DoNotPatchHere","False","False","","False","This is a key/reference; translate the resolved text entry instead."
"Content\Config\Primary\Techs.xml","Techs.original.xml","tech","TECH_GLOBAL_CEREMONIAL_RITES","name","","TEXT.Name.Tech.CeremonialRites","30","TextKeyReference","DoNotPatchHere","False","False","","False","This is a key/reference; translate the resolved text entry instead."
"Content\Config\Primary\Techs.xml","Techs.original.xml","tech","TECH_GLOBAL_CEREMONIAL_RITES","description","","TEXT.Description.Tech.CeremonialRites","37","TextKeyReference","DoNotPatchHere","False","False","","False","This is a key/reference; translate the resolved text entry instead."
"Content\Config\Primary\Techs.xml","Techs.original.xml","tech","TECH_HEAVY_INFANTRY_UPGRADE_1","name","","TEXT.Name.Tech.Upgrade.1","24","TextKeyReference","DoNotPatchHere","False","False","","False","This is a key/reference; translate the resolved text entry instead."
"Content\Config\Primary\Techs.xml","Techs.original.xml","tech","TECH_HEAVY_INFANTRY_UPGRADE_1","description","","TEXT.Description.Tech.Upgrade.1","31","TextKeyReference","DoNotPatchHere","False","False","","False","This is a key/reference; translate the resolved text entry instead."
"Content\Config\Primary\Techs.xml","Techs.original.xml","tech","TECH_HEAVY_INFANTRY_UPGRADE_2","name","","TEXT.Name.Tech.Upgrade.2","24","TextKeyReference","DoNotPatchHere","False","False","","False","This is a key/reference; translate the resolved text entry instead."
"Content\Config\Primary\Techs.xml","Techs.original.xml","tech","TECH_HEAVY_INFANTRY_UPGRADE_2","description","","TEXT.Description.Tech.Upgrade.2","31","TextKeyReference","DoNotPatchHere","False","False","","False","This is a key/reference; translate the resolved text entry instead."
"Content\Config\Primary\Techs.xml","Techs.original.xml","tech","TECH_TARIFF_COLLECTOR_UPGRADE_1","name","","TEXT.Name.Tech.Upgrade.1","24","TextKeyReference","DoNotPatchHere","False","False","","False","This is a key/reference; translate the resolved text entry instead."
"Content\Config\Primary\Techs.xml","Techs.original.xml","tech","TECH_TARIFF_COLLECTOR_UPGRADE_1","description","","TEXT.Description.Tech.Upgrade.1","31","TextKeyReference","DoNotPatchHere","False","False","","False","This is a key/reference; translate the resolved text entry instead."
"Content\Config\Primary\Techs.xml","Techs.original.xml","tech","TECH_TARIFF_COLLECTOR_UPGRADE_2","name","","TEXT.Name.Tech.Upgrade.2","24","TextKeyReference","DoNotPatchHere","False","False","","False","This is a key/reference; translate the resolved text entry instead."
"Content\Config\Primary\Techs.xml","Techs.original.xml","tech","TECH_TARIFF_COLLECTOR_UPGRADE_2","description","","TEXT.Description.Tech.Upgrade.2","31","TextKeyReference","DoNotPatchHere","False","False","","False","This is a key/reference; translate the resolved text entry instead."
"Content\Config\Primary\Techs.xml","Techs.original.xml","tech","TECH_MASTER_OF_CEREMONIES_UPGRADE_1","name","","TEXT.Name.Tech.Upgrade.1","24","TextKeyReference","DoNotPatchHere","False","False","","False","This is a key/reference; translate the resolved text entry instead."
"Content\Config\Primary\Techs.xml","Techs.original.xml","tech","TECH_MASTER_OF_CEREMONIES_UPGRADE_1","description","","TEXT.Description.Tech.Upgrade.1","31","TextKeyReference","DoNotPatchHere","False","False","","False","This is a key/reference; translate the resolved text entry instead."
"Content\Config\Primary\Techs.xml","Techs.original.xml","tech","TECH_MASTER_OF_CEREMONIES_UPGRADE_2","name","","TEXT.Name.Tech.Upgrade.2","24","TextKeyReference","DoNotPatchHere","False","False","","False","This is a key/reference; translate the resolved text entry instead."
"Content\Config\Primary\Techs.xml","Techs.original.xml","tech","TECH_MASTER_OF_CEREMONIES_UPGRADE_2","description","","TEXT.Description.Tech.Upgrade.2","31","TextKeyReference","DoNotPatchHere","False","False","","False","This is a key/reference; translate the resolved text entry instead."
"Content\Config\Primary\Techs.xml","Techs.original.xml","tech","TECH_HEAVY_CAVALRY_UPGRADE_1","name","","TEXT.Name.Tech.Upgrade.1","24","TextKeyReference","DoNotPatchHere","False","False","","False","This is a key/reference; translate the resolved text entry instead."
"Content\Config\Primary\Techs.xml","Techs.original.xml","tech","TECH_HEAVY_CAVALRY_UPGRADE_1","description","","TEXT.Description.Tech.Upgrade.1","31","TextKeyReference","DoNotPatchHere","False","False","","False","This is a key/reference; translate the resolved text entry instead."
"Content\Config\Primary\Techs.xml","Techs.original.xml","tech","TECH_HEAVY_CAVALRY_UPGRADE_2","name","","TEXT.Name.Tech.Upgrade.2","24","TextKeyReference","DoNotPatchHere","False","False","","False","This is a key/reference; translate the resolved text entry instead."
"Content\Config\Primary\Techs.xml","Techs.original.xml","tech","TECH_HEAVY_CAVALRY_UPGRADE_2","description","","TEXT.Description.Tech.Upgrade.2","31","TextKeyReference","DoNotPatchHere","False","False","","False","This is a key/reference; translate the resolved text entry instead."
"Content\Config\Primary\Techs.xml","Techs.original.xml","tech","TECH_CLERIC_UPGRADE_1","name","","TEXT.Name.Tech.Upgrade.1","24","TextKeyReference","DoNotPatchHere","False","False","","False","This is a key/reference; translate the resolved text entry instead."
"Content\Config\Primary\Techs.xml","Techs.original.xml","tech","TECH_CLERIC_UPGRADE_1","description","","TEXT.Description.Tech.Upgrade.1","31","TextKeyReference","DoNotPatchHere","False","False","","False","This is a key/reference; translate the resolved text entry instead."
"Content\Config\Primary\Techs.xml","Techs.original.xml","tech","TECH_CLERIC_UPGRADE_2","name","","TEXT.Name.Tech.Upgrade.2","24","TextKeyReference","DoNotPatchHere","False","False","","False","This is a key/reference; translate the resolved text entry instead."
"Content\Config\Primary\Techs.xml","Techs.original.xml","tech","TECH_CLERIC_UPGRADE_2","description","","TEXT.Description.Tech.Upgrade.2","31","TextKeyReference","DoNotPatchHere","False","False","","False","This is a key/reference; translate the resolved text entry instead."
"Content\Config\Primary\Techs.xml","Techs.original.xml","tech","TECH_QUARTERMASTER_UPGRADE_1","name","","TEXT.Name.Tech.Upgrade.1","24","TextKeyReference","DoNotPatchHere","False","False","","False","This is a key/reference; translate the resolved text entry instead."
"Content\Config\Primary\Techs.xml","Techs.original.xml","tech","TECH_QUARTERMASTER_UPGRADE_1","description","","TEXT.Description.Tech.Upgrade.1","31","TextKeyReference","DoNotPatchHere","False","False","","False","This is a key/reference; translate the resolved text entry instead."
"Content\Config\Primary\Techs.xml","Techs.original.xml","tech","TECH_QUARTERMASTER_UPGRADE_2","name","","TEXT.Name.Tech.Upgrade.2","24","TextKeyReference","DoNotPatchHere","False","False","","False","This is a key/reference; translate the resolved text entry instead."
"Content\Config\Primary\Techs.xml","Techs.original.xml","tech","TECH_QUARTERMASTER_UPGRADE_2","description","","TEXT.Description.Tech.Upgrade.2","31","TextKeyReference","DoNotPatchHere","False","False","","False","This is a key/reference; translate the resolved text entry instead."
"Content\Config\Primary\Techs.xml","Techs.original.xml","tech","TECH_GATHERER_UPGRADE_1","name","","TEXT.Name.Tech.Upgrade.1","24","TextKeyReference","DoNotPatchHere","False","False","","False","This is a key/reference; translate the resolved text entry instead."
"Content\Config\Primary\Techs.xml","Techs.original.xml","tech","TECH_GATHERER_UPGRADE_1","description","","TEXT.Description.Tech.Upgrade.1","31","TextKeyReference","DoNotPatchHere","False","False","","False","This is a key/reference; translate the resolved text entry instead."
"Content\Config\Primary\Techs.xml","Techs.original.xml","tech","TECH_GATHERER_UPGRADE_2","name","","TEXT.Name.Tech.Upgrade.2","24","TextKeyReference","DoNotPatchHere","False","False","","False","This is a key/reference; translate the resolved text entry instead."
"Content\Config\Primary\Techs.xml","Techs.original.xml","tech","TECH_GATHERER_UPGRADE_2","description","","TEXT.Description.Tech.Upgrade.2","31","TextKeyReference","DoNotPatchHere","False","False","","False","This is a key/reference; translate the resolved text entry instead."
"Content\Config\Primary\Techs.xml","Techs.original.xml","tech","TECH_REAPER_UPGRADE_1","name","","TEXT.Name.Tech.Upgrade.1","24","TextKeyReference","DoNotPatchHere","False","False","","False","This is a key/reference; translate the resolved text entry instead."
"Content\Config\Primary\Techs.xml","Techs.original.xml","tech","TECH_REAPER_UPGRADE_1","description","","TEXT.Description.Tech.Upgrade.1","31","TextKeyReference","DoNotPatchHere","False","False","","False","This is a key/reference; translate the resolved text entry instead."
"Content\Config\Primary\Techs.xml","Techs.original.xml","tech","TECH_REAPER_UPGRADE_2","name","","TEXT.Name.Tech.Upgrade.2","24","TextKeyReference","DoNotPatchHere","False","False","","False","This is a key/reference; translate the resolved text entry instead."
"Content\Config\Primary\Techs.xml","Techs.original.xml","tech","TECH_REAPER_UPGRADE_2","description","","TEXT.Description.Tech.Upgrade.2","31","TextKeyReference","DoNotPatchHere","False","False","","False","This is a key/reference; translate the resolved text entry instead."
"Content\Config\Primary\Techs.xml","Techs.original.xml","tech","TECH_FARMER_UPGRADE_1","name","","TEXT.Name.Tech.Upgrade.1","24","TextKeyReference","DoNotPatchHere","False","False","","False","This is a key/reference; translate the resolved text entry instead."
"Content\Config\Primary\Techs.xml","Techs.original.xml","tech","TECH_FARMER_UPGRADE_1","description","","TEXT.Description.Tech.Upgrade.1","31","TextKeyReference","DoNotPatchHere","False","False","","False","This is a key/reference; translate the resolved text entry instead."
"Content\Config\Primary\Techs.xml","Techs.original.xml","tech","TECH_FARMER_UPGRADE_2","name","","TEXT.Name.Tech.Upgrade.2","24","TextKeyReference","DoNotPatchHere","False","False","","False","This is a key/reference; translate the resolved text entry instead."
"Content\Config\Primary\Techs.xml","Techs.original.xml","tech","TECH_FARMER_UPGRADE_2","description","","TEXT.Description.Tech.Upgrade.2","31","TextKeyReference","DoNotPatchHere","False","False","","False","This is a key/reference; translate the resolved text entry instead."
"Content\Config\Primary\Techs.xml","Techs.original.xml","tech","TECH_BEEKEEPER_UPGRADE_1","name","","TEXT.Name.Tech.Upgrade.1","24","TextKeyReference","DoNotPatchHere","False","False","","False","This is a key/reference; translate the resolved text entry instead."
"Content\Config\Primary\Techs.xml","Techs.original.xml","tech","TECH_BEEKEEPER_UPGRADE_1","description","","TEXT.Description.Tech.Upgrade.1","31","TextKeyReference","DoNotPatchHere","False","False","","False","This is a key/reference; translate the resolved text entry instead."
"Content\Config\Primary\Techs.xml","Techs.original.xml","tech","TECH_BEEKEEPER_UPGRADE_2","name","","TEXT.Name.Tech.Upgrade.2","24","TextKeyReference","DoNotPatchHere","False","False","","False","This is a key/reference; translate the resolved text entry instead."
"Content\Config\Primary\Techs.xml","Techs.original.xml","tech","TECH_BEEKEEPER_UPGRADE_2","description","","TEXT.Description.Tech.Upgrade.2","31","TextKeyReference","DoNotPatchHere","False","False","","False","This is a key/reference; translate the resolved text entry instead."
"Content\Config\Primary\Techs.xml","Techs.original.xml","tech","TECH_WINEMAKER_UPGRADE_1","name","","TEXT.Name.Tech.Upgrade.1","24","TextKeyReference","DoNotPatchHere","False","False","","False","This is a key/reference; translate the resolved text entry instead."
"Content\Config\Primary\Techs.xml","Techs.original.xml","tech","TECH_WINEMAKER_UPGRADE_1","description","","TEXT.Description.Tech.Upgrade.1","31","TextKeyReference","DoNotPatchHere","False","False","","False","This is a key/reference; translate the resolved text entry instead."
"Content\Config\Primary\Techs.xml","Techs.original.xml","tech","TECH_WINEMAKER_UPGRADE_2","name","","TEXT.Name.Tech.Upgrade.2","24","TextKeyReference","DoNotPatchHere","False","False","","False","This is a key/reference; translate the resolved text entry instead."
"Content\Config\Primary\Techs.xml","Techs.original.xml","tech","TECH_WINEMAKER_UPGRADE_2","description","","TEXT.Description.Tech.Upgrade.2","31","TextKeyReference","DoNotPatchHere","False","False","","False","This is a key/reference; translate the resolved text entry instead."
"Content\Config\Primary\Techs.xml","Techs.original.xml","tech","TECH_BREAD_MAKER_UPGRADE_1","name","","TEXT.Name.Tech.Upgrade.1","24","TextKeyReference","DoNotPatchHere","False","False","","False","This is a key/reference; translate the resolved text entry instead."
"Content\Config\Primary\Techs.xml","Techs.original.xml","tech","TECH_BREAD_MAKER_UPGRADE_1","description","","TEXT.Description.Tech.Upgrade.1","31","TextKeyReference","DoNotPatchHere","False","False","","False","This is a key/reference; translate the resolved text entry instead."
"Content\Config\Primary\Techs.xml","Techs.original.xml","tech","TECH_BREAD_MAKER_UPGRADE_2","name","","TEXT.Name.Tech.Upgrade.2","24","TextKeyReference","DoNotPatchHere","False","False","","False","This is a key/reference; translate the resolved text entry instead."
"Content\Config\Primary\Techs.xml","Techs.original.xml","tech","TECH_BREAD_MAKER_UPGRADE_2","description","","TEXT.Description.Tech.Upgrade.2","31","TextKeyReference","DoNotPatchHere","False","False","","False","This is a key/reference; translate the resolved text entry instead."
"Content\Config\Primary\Techs.xml","Techs.original.xml","tech","TECH_HARVESTER_UPGRADE_1","name","","TEXT.Name.Tech.Upgrade.1","24","TextKeyReference","DoNotPatchHere","False","False","","False","This is a key/reference; translate the resolved text entry instead."
"Content\Config\Primary\Techs.xml","Techs.original.xml","tech","TECH_HARVESTER_UPGRADE_1","description","","TEXT.Description.Tech.Upgrade.1","31","TextKeyReference","DoNotPatchHere","False","False","","False","This is a key/reference; translate the resolved text entry instead."
"Content\Config\Primary\Techs.xml","Techs.original.xml","tech","TECH_HARVESTER_UPGRADE_2","name","","TEXT.Name.Tech.Upgrade.2","24","TextKeyReference","DoNotPatchHere","False","False","","False","This is a key/reference; translate the resolved text entry instead."
"Content\Config\Primary\Techs.xml","Techs.original.xml","tech","TECH_HARVESTER_UPGRADE_2","description","","TEXT.Description.Tech.Upgrade.2","31","TextKeyReference","DoNotPatchHere","False","False","","False","This is a key/reference; translate the resolved text entry instead."
"Content\Config\Primary\Techs.xml","Techs.original.xml","tech","TECH_OIL_PRESSER_UPGRADE_1","name","","TEXT.Name.Tech.Upgrade.1","24","TextKeyReference","DoNotPatchHere","False","False","","False","This is a key/reference; translate the resolved text entry instead."
"Content\Config\Primary\Techs.xml","Techs.original.xml","tech","TECH_OIL_PRESSER_UPGRADE_1","description","","TEXT.Description.Tech.Upgrade.1","31","TextKeyReference","DoNotPatchHere","False","False","","False","This is a key/reference; translate the resolved text entry instead."
"Content\Config\Primary\Techs.xml","Techs.original.xml","tech","TECH_OIL_PRESSER_UPGRADE_2","name","","TEXT.Name.Tech.Upgrade.2","24","TextKeyReference","DoNotPatchHere","False","False","","False","This is a key/reference; translate the resolved text entry instead."
"Content\Config\Primary\Techs.xml","Techs.original.xml","tech","TECH_OIL_PRESSER_UPGRADE_2","description","","TEXT.Description.Tech.Upgrade.2","31","TextKeyReference","DoNotPatchHere","False","False","","False","This is a key/reference; translate the resolved text entry instead."
"Content\Config\Primary\Techs.xml","Techs.original.xml","tech","TECH_ALE_MAKER_UPGRADE_1","name","","TEXT.Name.Tech.Upgrade.1","24","TextKeyReference","DoNotPatchHere","False","False","","False","This is a key/reference; translate the resolved text entry instead."
"Content\Config\Primary\Techs.xml","Techs.original.xml","tech","TECH_ALE_MAKER_UPGRADE_1","description","","TEXT.Description.Tech.Upgrade.1","31","TextKeyReference","DoNotPatchHere","False","False","","False","This is a key/reference; translate the resolved text entry instead."
"Content\Config\Primary\Techs.xml","Techs.original.xml","tech","TECH_ALE_MAKER_UPGRADE_2","name","","TEXT.Name.Tech.Upgrade.2","24","TextKeyReference","DoNotPatchHere","False","False","","False","This is a key/reference; translate the resolved text entry instead."
"Content\Config\Primary\Techs.xml","Techs.original.xml","tech","TECH_ALE_MAKER_UPGRADE_2","description","","TEXT.Description.Tech.Upgrade.2","31","TextKeyReference","DoNotPatchHere","False","False","","False","This is a key/reference; translate the resolved text entry instead."
"Content\Config\Primary\Techs.xml","Techs.original.xml","tech","TECH_BRINER_UPGRADE_1","name","","TEXT.Name.Tech.Upgrade.1","24","TextKeyReference","DoNotPatchHere","False","False","","False","This is a key/reference; translate the resolved text entry instead."
"Content\Config\Primary\Techs.xml","Techs.original.xml","tech","TECH_BRINER_UPGRADE_1","description","","TEXT.Description.Tech.Upgrade.1","31","TextKeyReference","DoNotPatchHere","False","False","","False","This is a key/reference; translate the resolved text entry instead."
"Content\Config\Primary\Techs.xml","Techs.original.xml","tech","TECH_BRINER_UPGRADE_2","name","","TEXT.Name.Tech.Upgrade.2","24","TextKeyReference","DoNotPatchHere","False","False","","False","This is a key/reference; translate the resolved text entry instead."
"Content\Config\Primary\Techs.xml","Techs.original.xml","tech","TECH_BRINER_UPGRADE_2","description","","TEXT.Description.Tech.Upgrade.2","31","TextKeyReference","DoNotPatchHere","False","False","","False","This is a key/reference; translate the resolved text entry instead."
"Content\Config\Primary\Techs.xml","Techs.original.xml","tech","TECH_GARDENER_UPGRADE_1","name","","TEXT.Name.Tech.Upgrade.1","24","TextKeyReference","DoNotPatchHere","False","False","","False","This is a key/reference; translate the resolved text entry instead."
"Content\Config\Primary\Techs.xml","Techs.original.xml","tech","TECH_GARDENER_UPGRADE_1","description","","TEXT.Description.Tech.Upgrade.1","31","TextKeyReference","DoNotPatchHere","False","False","","False","This is a key/reference; translate the resolved text entry instead."
"Content\Config\Primary\Techs.xml","Techs.original.xml","tech","TECH_GARDENER_UPGRADE_2","name","","TEXT.Name.Tech.Upgrade.2","24","TextKeyReference","DoNotPatchHere","False","False","","False","This is a key/reference; translate the resolved text entry instead."
"Content\Config\Primary\Techs.xml","Techs.original.xml","tech","TECH_GARDENER_UPGRADE_2","description","","TEXT.Description.Tech.Upgrade.2","31","TextKeyReference","DoNotPatchHere","False","False","","False","This is a key/reference; translate the resolved text entry instead."
"Content\Config\Primary\Techs.xml","Techs.original.xml","tech","TECH_TILLER_UPGRADE_1","name","","TEXT.Name.Tech.Upgrade.1","24","TextKeyReference","DoNotPatchHere","False","False","","False","This is a key/reference; translate the resolved text entry instead."
"Content\Config\Primary\Techs.xml","Techs.original.xml","tech","TECH_TILLER_UPGRADE_1","description","","TEXT.Description.Tech.Upgrade.1","31","TextKeyReference","DoNotPatchHere","False","False","","False","This is a key/reference; translate the resolved text entry instead."
"Content\Config\Primary\Techs.xml","Techs.original.xml","tech","TECH_TILLER_UPGRADE_2","name","","TEXT.Name.Tech.Upgrade.2","24","TextKeyReference","DoNotPatchHere","False","False","","False","This is a key/reference; translate the resolved text entry instead."
"Content\Config\Primary\Techs.xml","Techs.original.xml","tech","TECH_TILLER_UPGRADE_2","description","","TEXT.Description.Tech.Upgrade.2","31","TextKeyReference","DoNotPatchHere","False","False","","False","This is a key/reference; translate the resolved text entry instead."
"Content\Config\Primary\Techs.xml","Techs.original.xml","tech","TECH_BREWER_UPGRADE_1","name","","TEXT.Name.Tech.Upgrade.1","24","TextKeyReference","DoNotPatchHere","False","False","","False","This is a key/reference; translate the resolved text entry instead."
"Content\Config\Primary\Techs.xml","Techs.original.xml","tech","TECH_BREWER_UPGRADE_1","description","","TEXT.Description.Tech.Upgrade.1","31","TextKeyReference","DoNotPatchHere","False","False","","False","This is a key/reference; translate the resolved text entry instead."
"Content\Config\Primary\Techs.xml","Techs.original.xml","tech","TECH_BREWER_UPGRADE_2","name","","TEXT.Name.Tech.Upgrade.2","24","TextKeyReference","DoNotPatchHere","False","False","","False","This is a key/reference; translate the resolved text entry instead."
"Content\Config\Primary\Techs.xml","Techs.original.xml","tech","TECH_BREWER_UPGRADE_2","description","","TEXT.Description.Tech.Upgrade.2","31","TextKeyReference","DoNotPatchHere","False","False","","False","This is a key/reference; translate the resolved text entry instead."
"Content\Config\Primary\Techs.xml","Techs.original.xml","tech","TECH_WINE_VINTNER_UPGRADE_1","name","","TEXT.Name.Tech.Upgrade.1","24","TextKeyReference","DoNotPatchHere","False","False","","False","This is a key/reference; translate the resolved text entry instead."
"Content\Config\Primary\Techs.xml","Techs.original.xml","tech","TECH_WINE_VINTNER_UPGRADE_1","description","","TEXT.Description.Tech.Upgrade.1","31","TextKeyReference","DoNotPatchHere","False","False","","False","This is a key/reference; translate the resolved text entry instead."
"Content\Config\Primary\Techs.xml","Techs.original.xml","tech","TECH_WINE_VINTNER_UPGRADE_2","name","","TEXT.Name.Tech.Upgrade.2","24","TextKeyReference","DoNotPatchHere","False","False","","False","This is a key/reference; translate the resolved text entry instead."
"Content\Config\Primary\Techs.xml","Techs.original.xml","tech","TECH_WINE_VINTNER_UPGRADE_2","description","","TEXT.Description.Tech.Upgrade.2","31","TextKeyReference","DoNotPatchHere","False","False","","False","This is a key/reference; translate the resolved text entry instead."
"Content\Config\Primary\Techs.xml","Techs.original.xml","tech","TECH_BAKER_UPGRADE_1","name","","TEXT.Name.Tech.Upgrade.1","24","TextKeyReference","DoNotPatchHere","False","False","","False","This is a key/reference; translate the resolved text entry instead."
"Content\Config\Primary\Techs.xml","Techs.original.xml","tech","TECH_BAKER_UPGRADE_1","description","","TEXT.Description.Tech.Upgrade.1","31","TextKeyReference","DoNotPatchHere","False","False","","False","This is a key/reference; translate the resolved text entry instead."
"Content\Config\Primary\Techs.xml","Techs.original.xml","tech","TECH_BAKER_UPGRADE_2","name","","TEXT.Name.Tech.Upgrade.2","24","TextKeyReference","DoNotPatchHere","False","False","","False","This is a key/reference; translate the resolved text entry instead."
"Content\Config\Primary\Techs.xml","Techs.original.xml","tech","TECH_BAKER_UPGRADE_2","description","","TEXT.Description.Tech.Upgrade.2","31","TextKeyReference","DoNotPatchHere","False","False","","False","This is a key/reference; translate the resolved text entry instead."
"Content\Config\Primary\Techs.xml","Techs.original.xml","tech","TECH_OIL_CULTIVAR_UPGRADE_1","name","","TEXT.Name.Tech.Upgrade.1","24","TextKeyReference","DoNotPatchHere","False","False","","False","This is a key/reference; translate the resolved text entry instead."
"Content\Config\Primary\Techs.xml","Techs.original.xml","tech","TECH_OIL_CULTIVAR_UPGRADE_1","description","","TEXT.Description.Tech.Upgrade.1","31","TextKeyReference","DoNotPatchHere","False","False","","False","This is a key/reference; translate the resolved text entry instead."
"Content\Config\Primary\Techs.xml","Techs.original.xml","tech","TECH_OIL_CULTIVAR_UPGRADE_2","name","","TEXT.Name.Tech.Upgrade.2","24","TextKeyReference","DoNotPatchHere","False","False","","False","This is a key/reference; translate the resolved text entry instead."
"Content\Config\Primary\Techs.xml","Techs.original.xml","tech","TECH_OIL_CULTIVAR_UPGRADE_2","description","","TEXT.Description.Tech.Upgrade.2","31","TextKeyReference","DoNotPatchHere","False","False","","False","This is a key/reference; translate the resolved text entry instead."
"Content\Config\Primary\Techs.xml","Techs.original.xml","tech","TECH_PRESERVER_UPGRADE_1","name","","TEXT.Name.Tech.Upgrade.1","24","TextKeyReference","DoNotPatchHere","False","False","","False","This is a key/reference; translate the resolved text entry instead."
"Content\Config\Primary\Techs.xml","Techs.original.xml","tech","TECH_PRESERVER_UPGRADE_1","description","","TEXT.Description.Tech.Upgrade.1","31","TextKeyReference","DoNotPatchHere","False","False","","False","This is a key/reference; translate the resolved text entry instead."
"Content\Config\Primary\Techs.xml","Techs.original.xml","tech","TECH_PRESERVER_UPGRADE_2","name","","TEXT.Name.Tech.Upgrade.2","24","TextKeyReference","DoNotPatchHere","False","False","","False","This is a key/reference; translate the resolved text entry instead."
"Content\Config\Primary\Techs.xml","Techs.original.xml","tech","TECH_PRESERVER_UPGRADE_2","description","","TEXT.Description.Tech.Upgrade.2","31","TextKeyReference","DoNotPatchHere","False","False","","False","This is a key/reference; translate the resolved text entry instead."
"Content\Config\Primary\Techs.xml","Techs.original.xml","tech","TECH_TRAPPER_UPGRADE_1","name","","TEXT.Name.Tech.Upgrade.1","24","TextKeyReference","DoNotPatchHere","False","False","","False","This is a key/reference; translate the resolved text entry instead."
"Content\Config\Primary\Techs.xml","Techs.original.xml","tech","TECH_TRAPPER_UPGRADE_1","description","","TEXT.Description.Tech.Upgrade.1","31","TextKeyReference","DoNotPatchHere","False","False","","False","This is a key/reference; translate the resolved text entry instead."
"Content\Config\Primary\Techs.xml","Techs.original.xml","tech","TECH_TRAPPER_UPGRADE_2","name","","TEXT.Name.Tech.Upgrade.2","24","TextKeyReference","DoNotPatchHere","False","False","","False","This is a key/reference; translate the resolved text entry instead."
"Content\Config\Primary\Techs.xml","Techs.original.xml","tech","TECH_TRAPPER_UPGRADE_2","description","","TEXT.Description.Tech.Upgrade.2","31","TextKeyReference","DoNotPatchHere","False","False","","False","This is a key/reference; translate the resolved text entry instead."
"Content\Config\Primary\Techs.xml","Techs.original.xml","tech","TECH_RANCHER_UPGRADE_1","name","","TEXT.Name.Tech.Upgrade.1","24","TextKeyReference","DoNotPatchHere","False","False","","False","This is a key/reference; translate the resolved text entry instead."
"Content\Config\Primary\Techs.xml","Techs.original.xml","tech","TECH_RANCHER_UPGRADE_1","description","","TEXT.Description.Tech.Upgrade.1","31","TextKeyReference","DoNotPatchHere","False","False","","False","This is a key/reference; translate the resolved text entry instead."
"Content\Config\Primary\Techs.xml","Techs.original.xml","tech","TECH_RANCHER_UPGRADE_2","name","","TEXT.Name.Tech.Upgrade.2","24","TextKeyReference","DoNotPatchHere","False","False","","False","This is a key/reference; translate the resolved text entry instead."
"Content\Config\Primary\Techs.xml","Techs.original.xml","tech","TECH_RANCHER_UPGRADE_2","description","","TEXT.Description.Tech.Upgrade.2","31","TextKeyReference","DoNotPatchHere","False","False","","False","This is a key/reference; translate the resolved text entry instead."
"Content\Config\Primary\Techs.xml","Techs.original.xml","tech","TECH_MEAT_CUTTER_UPGRADE_1","name","","TEXT.Name.Tech.Upgrade.1","24","TextKeyReference","DoNotPatchHere","False","False","","False","This is a key/reference; translate the resolved text entry instead."
"Content\Config\Primary\Techs.xml","Techs.original.xml","tech","TECH_MEAT_CUTTER_UPGRADE_1","description","","TEXT.Description.Tech.Upgrade.1","31","TextKeyReference","DoNotPatchHere","False","False","","False","This is a key/reference; translate the resolved text entry instead."
"Content\Config\Primary\Techs.xml","Techs.original.xml","tech","TECH_MEAT_CUTTER_UPGRADE_2","name","","TEXT.Name.Tech.Upgrade.2","24","TextKeyReference","DoNotPatchHere","False","False","","False","This is a key/reference; translate the resolved text entry instead."
"Content\Config\Primary\Techs.xml","Techs.original.xml","tech","TECH_MEAT_CUTTER_UPGRADE_2","description","","TEXT.Description.Tech.Upgrade.2","31","TextKeyReference","DoNotPatchHere","False","False","","False","This is a key/reference; translate the resolved text entry instead."
"Content\Config\Primary\Techs.xml","Techs.original.xml","tech","TECH_FISHERMAN_UPGRADE_1","name","","TEXT.Name.Tech.Upgrade.1","24","TextKeyReference","DoNotPatchHere","False","False","","False","This is a key/reference; translate the resolved text entry instead."
"Content\Config\Primary\Techs.xml","Techs.original.xml","tech","TECH_FISHERMAN_UPGRADE_1","description","","TEXT.Description.Tech.Upgrade.1","31","TextKeyReference","DoNotPatchHere","False","False","","False","This is a key/reference; translate the resolved text entry instead."
"Content\Config\Primary\Techs.xml","Techs.original.xml","tech","TECH_FISHERMAN_UPGRADE_2","name","","TEXT.Name.Tech.Upgrade.2","24","TextKeyReference","DoNotPatchHere","False","False","","False","This is a key/reference; translate the resolved text entry instead."
"Content\Config\Primary\Techs.xml","Techs.original.xml","tech","TECH_FISHERMAN_UPGRADE_2","description","","TEXT.Description.Tech.Upgrade.2","31","TextKeyReference","DoNotPatchHere","False","False","","False","This is a key/reference; translate the resolved text entry instead."
"Content\Config\Primary\Techs.xml","Techs.original.xml","tech","TECH_SLEDGE_DRIVER_UPGRADE_1","name","","TEXT.Name.Tech.Upgrade.1","24","TextKeyReference","DoNotPatchHere","False","False","","False","This is a key/reference; translate the resolved text entry instead."
"Content\Config\Primary\Techs.xml","Techs.original.xml","tech","TECH_SLEDGE_DRIVER_UPGRADE_1","description","","TEXT.Description.Tech.Upgrade.1","31","TextKeyReference","DoNotPatchHere","False","False","","False","This is a key/reference; translate the resolved text entry instead."
"Content\Config\Primary\Techs.xml","Techs.original.xml","tech","TECH_SLEDGE_DRIVER_UPGRADE_2","name","","TEXT.Name.Tech.Upgrade.2","24","TextKeyReference","DoNotPatchHere","False","False","","False","This is a key/reference; translate the resolved text entry instead."
"Content\Config\Primary\Techs.xml","Techs.original.xml","tech","TECH_SLEDGE_DRIVER_UPGRADE_2","description","","TEXT.Description.Tech.Upgrade.2","31","TextKeyReference","DoNotPatchHere","False","False","","False","This is a key/reference; translate the resolved text entry instead."
"Content\Config\Primary\Techs.xml","Techs.original.xml","tech","TECH_PARCHMENT_MAKER_UPGRADE_1","name","","TEXT.Name.Tech.Upgrade.1","24","TextKeyReference","DoNotPatchHere","False","False","","False","This is a key/reference; translate the resolved text entry instead."
"Content\Config\Primary\Techs.xml","Techs.original.xml","tech","TECH_PARCHMENT_MAKER_UPGRADE_1","description","","TEXT.Description.Tech.Upgrade.1","31","TextKeyReference","DoNotPatchHere","False","False","","False","This is a key/reference; translate the resolved text entry instead."
"Content\Config\Primary\Techs.xml","Techs.original.xml","tech","TECH_PARCHMENT_MAKER_UPGRADE_2","name","","TEXT.Name.Tech.Upgrade.2","24","TextKeyReference","DoNotPatchHere","False","False","","False","This is a key/reference; translate the resolved text entry instead."
"Content\Config\Primary\Techs.xml","Techs.original.xml","tech","TECH_PARCHMENT_MAKER_UPGRADE_2","description","","TEXT.Description.Tech.Upgrade.2","31","TextKeyReference","DoNotPatchHere","False","False","","False","This is a key/reference; translate the resolved text entry instead."
"Content\Config\Primary\Techs.xml","Techs.original.xml","tech","TECH_WOOL_COLLECTOR_UPGRADE_1","name","","TEXT.Name.Tech.Upgrade.1","24","TextKeyReference","DoNotPatchHere","False","False","","False","This is a key/reference; translate the resolved text entry instead."
"Content\Config\Primary\Techs.xml","Techs.original.xml","tech","TECH_WOOL_COLLECTOR_UPGRADE_1","description","","TEXT.Description.Tech.Upgrade.1","31","TextKeyReference","DoNotPatchHere","False","False","","False","This is a key/reference; translate the resolved text entry instead."
"Content\Config\Primary\Techs.xml","Techs.original.xml","tech","TECH_WOOL_COLLECTOR_UPGRADE_2","name","","TEXT.Name.Tech.Upgrade.2","24","TextKeyReference","DoNotPatchHere","False","False","","False","This is a key/reference; translate the resolved text entry instead."
"Content\Config\Primary\Techs.xml","Techs.original.xml","tech","TECH_WOOL_COLLECTOR_UPGRADE_2","description","","TEXT.Description.Tech.Upgrade.2","31","TextKeyReference","DoNotPatchHere","False","False","","False","This is a key/reference; translate the resolved text entry instead."
"Content\Config\Primary\Techs.xml","Techs.original.xml","tech","TECH_HORSE_TRAINER_UPGRADE_1","name","","TEXT.Name.Tech.Upgrade.1","24","TextKeyReference","DoNotPatchHere","False","False","","False","This is a key/reference; translate the resolved text entry instead."
"Content\Config\Primary\Techs.xml","Techs.original.xml","tech","TECH_HORSE_TRAINER_UPGRADE_1","description","","TEXT.Description.Tech.Upgrade.1","31","TextKeyReference","DoNotPatchHere","False","False","","False","This is a key/reference; translate the resolved text entry instead."
"Content\Config\Primary\Techs.xml","Techs.original.xml","tech","TECH_HORSE_TRAINER_UPGRADE_2","name","","TEXT.Name.Tech.Upgrade.2","24","TextKeyReference","DoNotPatchHere","False","False","","False","This is a key/reference; translate the resolved text entry instead."
"Content\Config\Primary\Techs.xml","Techs.original.xml","tech","TECH_HORSE_TRAINER_UPGRADE_2","description","","TEXT.Description.Tech.Upgrade.2","31","TextKeyReference","DoNotPatchHere","False","False","","False","This is a key/reference; translate the resolved text entry instead."
"Content\Config\Primary\Techs.xml","Techs.original.xml","tech","TECH_TRAWLER_UPGRADE_1","name","","TEXT.Name.Tech.Upgrade.1","24","TextKeyReference","DoNotPatchHere","False","False","","False","This is a key/reference; translate the resolved text entry instead."
"Content\Config\Primary\Techs.xml","Techs.original.xml","tech","TECH_TRAWLER_UPGRADE_1","description","","TEXT.Description.Tech.Upgrade.1","31","TextKeyReference","DoNotPatchHere","False","False","","False","This is a key/reference; translate the resolved text entry instead."
"Content\Config\Primary\Techs.xml","Techs.original.xml","tech","TECH_TRAWLER_UPGRADE_2","name","","TEXT.Name.Tech.Upgrade.2","24","TextKeyReference","DoNotPatchHere","False","False","","False","This is a key/reference; translate the resolved text entry instead."
"Content\Config\Primary\Techs.xml","Techs.original.xml","tech","TECH_TRAWLER_UPGRADE_2","description","","TEXT.Description.Tech.Upgrade.2","31","TextKeyReference","DoNotPatchHere","False","False","","False","This is a key/reference; translate the resolved text entry instead."
"Content\Config\Primary\Techs.xml","Techs.original.xml","tech","TECH_PLOUGHER_UPGRADE_1","name","","TEXT.Name.Tech.Upgrade.1","24","TextKeyReference","DoNotPatchHere","False","False","","False","This is a key/reference; translate the resolved text entry instead."
"Content\Config\Primary\Techs.xml","Techs.original.xml","tech","TECH_PLOUGHER_UPGRADE_1","description","","TEXT.Description.Tech.Upgrade.1","31","TextKeyReference","DoNotPatchHere","False","False","","False","This is a key/reference; translate the resolved text entry instead."
"Content\Config\Primary\Techs.xml","Techs.original.xml","tech","TECH_PLOUGHER_UPGRADE_2","name","","TEXT.Name.Tech.Upgrade.2","24","TextKeyReference","DoNotPatchHere","False","False","","False","This is a key/reference; translate the resolved text entry instead."
"Content\Config\Primary\Techs.xml","Techs.original.xml","tech","TECH_PLOUGHER_UPGRADE_2","description","","TEXT.Description.Tech.Upgrade.2","31","TextKeyReference","DoNotPatchHere","False","False","","False","This is a key/reference; translate the resolved text entry instead."
"Content\Config\Primary\Techs.xml","Techs.original.xml","tech","TECH_SHEPHERD_UPGRADE_1","name","","TEXT.Name.Tech.Upgrade.1","24","TextKeyReference","DoNotPatchHere","False","False","","False","This is a key/reference; translate the resolved text entry instead."
"Content\Config\Primary\Techs.xml","Techs.original.xml","tech","TECH_SHEPHERD_UPGRADE_1","description","","TEXT.Description.Tech.Upgrade.1","31","TextKeyReference","DoNotPatchHere","False","False","","False","This is a key/reference; translate the resolved text entry instead."
"Content\Config\Primary\Techs.xml","Techs.original.xml","tech","TECH_SHEPHERD_UPGRADE_2","name","","TEXT.Name.Tech.Upgrade.2","24","TextKeyReference","DoNotPatchHere","False","False","","False","This is a key/reference; translate the resolved text entry instead."
"Content\Config\Primary\Techs.xml","Techs.original.xml","tech","TECH_SHEPHERD_UPGRADE_2","description","","TEXT.Description.Tech.Upgrade.2","31","TextKeyReference","DoNotPatchHere","False","False","","False","This is a key/reference; translate the resolved text entry instead."
"Content\Config\Primary\Techs.xml","Techs.original.xml","tech","TECH_BUTCHER_UPGRADE_1","name","","TEXT.Name.Tech.Upgrade.1","24","TextKeyReference","DoNotPatchHere","False","False","","False","This is a key/reference; translate the resolved text entry instead."
"Content\Config\Primary\Techs.xml","Techs.original.xml","tech","TECH_BUTCHER_UPGRADE_1","description","","TEXT.Description.Tech.Upgrade.1","31","TextKeyReference","DoNotPatchHere","False","False","","False","This is a key/reference; translate the resolved text entry instead."
"Content\Config\Primary\Techs.xml","Techs.original.xml","tech","TECH_BUTCHER_UPGRADE_2","name","","TEXT.Name.Tech.Upgrade.2","24","TextKeyReference","DoNotPatchHere","False","False","","False","This is a key/reference; translate the resolved text entry instead."
"Content\Config\Primary\Techs.xml","Techs.original.xml","tech","TECH_BUTCHER_UPGRADE_2","description","","TEXT.Description.Tech.Upgrade.2","31","TextKeyReference","DoNotPatchHere","False","False","","False","This is a key/reference; translate the resolved text entry instead."
"Content\Config\Primary\Techs.xml","Techs.original.xml","tech","TECH_MEAT_CURER_UPGRADE_1","name","","TEXT.Name.Tech.Upgrade.1","24","TextKeyReference","DoNotPatchHere","False","False","","False","This is a key/reference; translate the resolved text entry instead."
"Content\Config\Primary\Techs.xml","Techs.original.xml","tech","TECH_MEAT_CURER_UPGRADE_1","description","","TEXT.Description.Tech.Upgrade.1","31","TextKeyReference","DoNotPatchHere","False","False","","False","This is a key/reference; translate the resolved text entry instead."
"Content\Config\Primary\Techs.xml","Techs.original.xml","tech","TECH_MEAT_CURER_UPGRADE_2","name","","TEXT.Name.Tech.Upgrade.2","24","TextKeyReference","DoNotPatchHere","False","False","","False","This is a key/reference; translate the resolved text entry instead."
"Content\Config\Primary\Techs.xml","Techs.original.xml","tech","TECH_MEAT_CURER_UPGRADE_2","description","","TEXT.Description.Tech.Upgrade.2","31","TextKeyReference","DoNotPatchHere","False","False","","False","This is a key/reference; translate the resolved text entry instead."
"Content\Config\Primary\Techs.xml","Techs.original.xml","tech","TECH_CHEESEMAKER_UPGRADE_1","name","","TEXT.Name.Tech.Upgrade.1","24","TextKeyReference","DoNotPatchHere","False","False","","False","This is a key/reference; translate the resolved text entry instead."
"Content\Config\Primary\Techs.xml","Techs.original.xml","tech","TECH_CHEESEMAKER_UPGRADE_1","description","","TEXT.Description.Tech.Upgrade.1","31","TextKeyReference","DoNotPatchHere","False","False","","False","This is a key/reference; translate the resolved text entry instead."
"Content\Config\Primary\Techs.xml","Techs.original.xml","tech","TECH_CHEESEMAKER_UPGRADE_2","name","","TEXT.Name.Tech.Upgrade.2","24","TextKeyReference","DoNotPatchHere","False","False","","False","This is a key/reference; translate the resolved text entry instead."
"Content\Config\Primary\Techs.xml","Techs.original.xml","tech","TECH_CHEESEMAKER_UPGRADE_2","description","","TEXT.Description.Tech.Upgrade.2","31","TextKeyReference","DoNotPatchHere","False","False","","False","This is a key/reference; translate the resolved text entry instead."
"Content\Config\Primary\Techs.xml","Techs.original.xml","tech","TECH_VELLUM_MAKER_UPGRADE_1","name","","TEXT.Name.Tech.Upgrade.1","24","TextKeyReference","DoNotPatchHere","False","False","","False","This is a key/reference; translate the resolved text entry instead."
"Content\Config\Primary\Techs.xml","Techs.original.xml","tech","TECH_VELLUM_MAKER_UPGRADE_1","description","","TEXT.Description.Tech.Upgrade.1","31","TextKeyReference","DoNotPatchHere","False","False","","False","This is a key/reference; translate the resolved text entry instead."
"Content\Config\Primary\Techs.xml","Techs.original.xml","tech","TECH_VELLUM_MAKER_UPGRADE_2","name","","TEXT.Name.Tech.Upgrade.2","24","TextKeyReference","DoNotPatchHere","False","False","","False","This is a key/reference; translate the resolved text entry instead."
"Content\Config\Primary\Techs.xml","Techs.original.xml","tech","TECH_VELLUM_MAKER_UPGRADE_2","description","","TEXT.Description.Tech.Upgrade.2","31","TextKeyReference","DoNotPatchHere","False","False","","False","This is a key/reference; translate the resolved text entry instead."
"Content\Config\Primary\Techs.xml","Techs.original.xml","tech","TECH_SHEARER_UPGRADE_1","name","","TEXT.Name.Tech.Upgrade.1","24","TextKeyReference","DoNotPatchHere","False","False","","False","This is a key/reference; translate the resolved text entry instead."
"Content\Config\Primary\Techs.xml","Techs.original.xml","tech","TECH_SHEARER_UPGRADE_1","description","","TEXT.Description.Tech.Upgrade.1","31","TextKeyReference","DoNotPatchHere","False","False","","False","This is a key/reference; translate the resolved text entry instead."
"Content\Config\Primary\Techs.xml","Techs.original.xml","tech","TECH_SHEARER_UPGRADE_2","name","","TEXT.Name.Tech.Upgrade.2","24","TextKeyReference","DoNotPatchHere","False","False","","False","This is a key/reference; translate the resolved text entry instead."
"Content\Config\Primary\Techs.xml","Techs.original.xml","tech","TECH_SHEARER_UPGRADE_2","description","","TEXT.Description.Tech.Upgrade.2","31","TextKeyReference","DoNotPatchHere","False","False","","False","This is a key/reference; translate the resolved text entry instead."
"Content\Config\Primary\Techs.xml","Techs.original.xml","tech","TECH_MEAT_SMOKER_UPGRADE_1","name","","TEXT.Name.Tech.Upgrade.1","24","TextKeyReference","DoNotPatchHere","False","False","","False","This is a key/reference; translate the resolved text entry instead."
"Content\Config\Primary\Techs.xml","Techs.original.xml","tech","TECH_MEAT_SMOKER_UPGRADE_1","description","","TEXT.Description.Tech.Upgrade.1","31","TextKeyReference","DoNotPatchHere","False","False","","False","This is a key/reference; translate the resolved text entry instead."
"Content\Config\Primary\Techs.xml","Techs.original.xml","tech","TECH_MEAT_SMOKER_UPGRADE_2","name","","TEXT.Name.Tech.Upgrade.2","24","TextKeyReference","DoNotPatchHere","False","False","","False","This is a key/reference; translate the resolved text entry instead."
"Content\Config\Primary\Techs.xml","Techs.original.xml","tech","TECH_MEAT_SMOKER_UPGRADE_2","description","","TEXT.Description.Tech.Upgrade.2","31","TextKeyReference","DoNotPatchHere","False","False","","False","This is a key/reference; translate the resolved text entry instead."
"Content\Config\Primary\Techs.xml","Techs.original.xml","tech","TECH_FISHMONGER_UPGRADE_1","name","","TEXT.Name.Tech.Upgrade.1","24","TextKeyReference","DoNotPatchHere","False","False","","False","This is a key/reference; translate the resolved text entry instead."
"Content\Config\Primary\Techs.xml","Techs.original.xml","tech","TECH_FISHMONGER_UPGRADE_1","description","","TEXT.Description.Tech.Upgrade.1","31","TextKeyReference","DoNotPatchHere","False","False","","False","This is a key/reference; translate the resolved text entry instead."
"Content\Config\Primary\Techs.xml","Techs.original.xml","tech","TECH_FISHMONGER_UPGRADE_2","name","","TEXT.Name.Tech.Upgrade.2","24","TextKeyReference","DoNotPatchHere","False","False","","False","This is a key/reference; translate the resolved text entry instead."
"Content\Config\Primary\Techs.xml","Techs.original.xml","tech","TECH_FISHMONGER_UPGRADE_2","description","","TEXT.Description.Tech.Upgrade.2","31","TextKeyReference","DoNotPatchHere","False","False","","False","This is a key/reference; translate the resolved text entry instead."
"Content\Config\Primary\Techs.xml","Techs.original.xml","tech","TECH_DIGGER_UPGRADE_1","name","","TEXT.Name.Tech.Upgrade.1","24","TextKeyReference","DoNotPatchHere","False","False","","False","This is a key/reference; translate the resolved text entry instead."
"Content\Config\Primary\Techs.xml","Techs.original.xml","tech","TECH_DIGGER_UPGRADE_1","description","","TEXT.Description.Tech.Upgrade.1","31","TextKeyReference","DoNotPatchHere","False","False","","False","This is a key/reference; translate the resolved text entry instead."
"Content\Config\Primary\Techs.xml","Techs.original.xml","tech","TECH_DIGGER_UPGRADE_2","name","","TEXT.Name.Tech.Upgrade.2","24","TextKeyReference","DoNotPatchHere","False","False","","False","This is a key/reference; translate the resolved text entry instead."
"Content\Config\Primary\Techs.xml","Techs.original.xml","tech","TECH_DIGGER_UPGRADE_2","description","","TEXT.Description.Tech.Upgrade.2","31","TextKeyReference","DoNotPatchHere","False","False","","False","This is a key/reference; translate the resolved text entry instead."
"Content\Config\Primary\Techs.xml","Techs.original.xml","tech","TECH_MINER_UPGRADE_1","name","","TEXT.Name.Tech.Upgrade.1","24","TextKeyReference","DoNotPatchHere","False","False","","False","This is a key/reference; translate the resolved text entry instead."
"Content\Config\Primary\Techs.xml","Techs.original.xml","tech","TECH_MINER_UPGRADE_1","description","","TEXT.Description.Tech.Upgrade.1","31","TextKeyReference","DoNotPatchHere","False","False","","False","This is a key/reference; translate the resolved text entry instead."
"Content\Config\Primary\Techs.xml","Techs.original.xml","tech","TECH_MINER_UPGRADE_2","name","","TEXT.Name.Tech.Upgrade.2","24","TextKeyReference","DoNotPatchHere","False","False","","False","This is a key/reference; translate the resolved text entry instead."
"Content\Config\Primary\Techs.xml","Techs.original.xml","tech","TECH_MINER_UPGRADE_2","description","","TEXT.Description.Tech.Upgrade.2","31","TextKeyReference","DoNotPatchHere","False","False","","False","This is a key/reference; translate the resolved text entry instead."
"Content\Config\Primary\Techs.xml","Techs.original.xml","tech","TECH_WEAPONSMITH_UPGRADE_1","name","","TEXT.Name.Tech.Upgrade.1","24","TextKeyReference","DoNotPatchHere","False","False","","False","This is a key/reference; translate the resolved text entry instead."
"Content\Config\Primary\Techs.xml","Techs.original.xml","tech","TECH_WEAPONSMITH_UPGRADE_1","description","","TEXT.Description.Tech.Upgrade.1","31","TextKeyReference","DoNotPatchHere","False","False","","False","This is a key/reference; translate the resolved text entry instead."
"Content\Config\Primary\Techs.xml","Techs.original.xml","tech","TECH_WEAPONSMITH_UPGRADE_2","name","","TEXT.Name.Tech.Upgrade.2","24","TextKeyReference","DoNotPatchHere","False","False","","False","This is a key/reference; translate the resolved text entry instead."
"Content\Config\Primary\Techs.xml","Techs.original.xml","tech","TECH_WEAPONSMITH_UPGRADE_2","description","","TEXT.Description.Tech.Upgrade.2","31","TextKeyReference","DoNotPatchHere","False","False","","False","This is a key/reference; translate the resolved text entry instead."
"Content\Config\Primary\Techs.xml","Techs.original.xml","tech","TECH_BLACKSMITH_UPGRADE_1","name","","TEXT.Name.Tech.Upgrade.1","24","TextKeyReference","DoNotPatchHere","False","False","","False","This is a key/reference; translate the resolved text entry instead."
"Content\Config\Primary\Techs.xml","Techs.original.xml","tech","TECH_BLACKSMITH_UPGRADE_1","description","","TEXT.Description.Tech.Upgrade.1","31","TextKeyReference","DoNotPatchHere","False","False","","False","This is a key/reference; translate the resolved text entry instead."
"Content\Config\Primary\Techs.xml","Techs.original.xml","tech","TECH_BLACKSMITH_UPGRADE_2","name","","TEXT.Name.Tech.Upgrade.2","24","TextKeyReference","DoNotPatchHere","False","False","","False","This is a key/reference; translate the resolved text entry instead."
"Content\Config\Primary\Techs.xml","Techs.original.xml","tech","TECH_BLACKSMITH_UPGRADE_2","description","","TEXT.Description.Tech.Upgrade.2","31","TextKeyReference","DoNotPatchHere","False","False","","False","This is a key/reference; translate the resolved text entry instead."
"Content\Config\Primary\Techs.xml","Techs.original.xml","tech","TECH_GLASSMAKER_UPGRADE_1","name","","TEXT.Name.Tech.Upgrade.1","24","TextKeyReference","DoNotPatchHere","False","False","","False","This is a key/reference; translate the resolved text entry instead."
"Content\Config\Primary\Techs.xml","Techs.original.xml","tech","TECH_GLASSMAKER_UPGRADE_1","description","","TEXT.Description.Tech.Upgrade.1","31","TextKeyReference","DoNotPatchHere","False","False","","False","This is a key/reference; translate the resolved text entry instead."
"Content\Config\Primary\Techs.xml","Techs.original.xml","tech","TECH_GLASSMAKER_UPGRADE_2","name","","TEXT.Name.Tech.Upgrade.2","24","TextKeyReference","DoNotPatchHere","False","False","","False","This is a key/reference; translate the resolved text entry instead."
"Content\Config\Primary\Techs.xml","Techs.original.xml","tech","TECH_GLASSMAKER_UPGRADE_2","description","","TEXT.Description.Tech.Upgrade.2","31","TextKeyReference","DoNotPatchHere","False","False","","False","This is a key/reference; translate the resolved text entry instead."
"Content\Config\Primary\Techs.xml","Techs.original.xml","tech","TECH_DREDGER_UPGRADE_1","name","","TEXT.Name.Tech.Upgrade.1","24","TextKeyReference","DoNotPatchHere","False","False","","False","This is a key/reference; translate the resolved text entry instead."
"Content\Config\Primary\Techs.xml","Techs.original.xml","tech","TECH_DREDGER_UPGRADE_1","description","","TEXT.Description.Tech.Upgrade.1","31","TextKeyReference","DoNotPatchHere","False","False","","False","This is a key/reference; translate the resolved text entry instead."
"Content\Config\Primary\Techs.xml","Techs.original.xml","tech","TECH_DREDGER_UPGRADE_2","name","","TEXT.Name.Tech.Upgrade.2","24","TextKeyReference","DoNotPatchHere","False","False","","False","This is a key/reference; translate the resolved text entry instead."
"Content\Config\Primary\Techs.xml","Techs.original.xml","tech","TECH_DREDGER_UPGRADE_2","description","","TEXT.Description.Tech.Upgrade.2","31","TextKeyReference","DoNotPatchHere","False","False","","False","This is a key/reference; translate the resolved text entry instead."
"Content\Config\Primary\Techs.xml","Techs.original.xml","tech","TECH_COAL_MAKER_UPGRADE_1","name","","TEXT.Name.Tech.Upgrade.1","24","TextKeyReference","DoNotPatchHere","False","False","","False","This is a key/reference; translate the resolved text entry instead."
"Content\Config\Primary\Techs.xml","Techs.original.xml","tech","TECH_COAL_MAKER_UPGRADE_1","description","","TEXT.Description.Tech.Upgrade.1","31","TextKeyReference","DoNotPatchHere","False","False","","False","This is a key/reference; translate the resolved text entry instead."
"Content\Config\Primary\Techs.xml","Techs.original.xml","tech","TECH_COAL_MAKER_UPGRADE_2","name","","TEXT.Name.Tech.Upgrade.2","24","TextKeyReference","DoNotPatchHere","False","False","","False","This is a key/reference; translate the resolved text entry instead."
"Content\Config\Primary\Techs.xml","Techs.original.xml","tech","TECH_COAL_MAKER_UPGRADE_2","description","","TEXT.Description.Tech.Upgrade.2","31","TextKeyReference","DoNotPatchHere","False","False","","False","This is a key/reference; translate the resolved text entry instead."
"Content\Config\Primary\Techs.xml","Techs.original.xml","tech","TECH_TOOLSMITH_UPGRADE_1","name","","TEXT.Name.Tech.Upgrade.1","24","TextKeyReference","DoNotPatchHere","False","False","","False","This is a key/reference; translate the resolved text entry instead."
"Content\Config\Primary\Techs.xml","Techs.original.xml","tech","TECH_TOOLSMITH_UPGRADE_1","description","","TEXT.Description.Tech.Upgrade.1","31","TextKeyReference","DoNotPatchHere","False","False","","False","This is a key/reference; translate the resolved text entry instead."
"Content\Config\Primary\Techs.xml","Techs.original.xml","tech","TECH_TOOLSMITH_UPGRADE_2","name","","TEXT.Name.Tech.Upgrade.2","24","TextKeyReference","DoNotPatchHere","False","False","","False","This is a key/reference; translate the resolved text entry instead."
"Content\Config\Primary\Techs.xml","Techs.original.xml","tech","TECH_TOOLSMITH_UPGRADE_2","description","","TEXT.Description.Tech.Upgrade.2","31","TextKeyReference","DoNotPatchHere","False","False","","False","This is a key/reference; translate the resolved text entry instead."
"Content\Config\Primary\Techs.xml","Techs.original.xml","tech","TECH_ARMORSMITH_UPGRADE_1","name","","TEXT.Name.Tech.Upgrade.1","24","TextKeyReference","DoNotPatchHere","False","False","","False","This is a key/reference; translate the resolved text entry instead."
"Content\Config\Primary\Techs.xml","Techs.original.xml","tech","TECH_ARMORSMITH_UPGRADE_1","description","","TEXT.Description.Tech.Upgrade.1","31","TextKeyReference","DoNotPatchHere","False","False","","False","This is a key/reference; translate the resolved text entry instead."
"Content\Config\Primary\Techs.xml","Techs.original.xml","tech","TECH_ARMORSMITH_UPGRADE_2","name","","TEXT.Name.Tech.Upgrade.2","24","TextKeyReference","DoNotPatchHere","False","False","","False","This is a key/reference; translate the resolved text entry instead."
"Content\Config\Primary\Techs.xml","Techs.original.xml","tech","TECH_ARMORSMITH_UPGRADE_2","description","","TEXT.Description.Tech.Upgrade.2","31","TextKeyReference","DoNotPatchHere","False","False","","False","This is a key/reference; translate the resolved text entry instead."
"Content\Config\Primary\Techs.xml","Techs.original.xml","tech","TECH_SMELTER_UPGRADE_1","name","","TEXT.Name.Tech.Upgrade.1","24","TextKeyReference","DoNotPatchHere","False","False","","False","This is a key/reference; translate the resolved text entry instead."
"Content\Config\Primary\Techs.xml","Techs.original.xml","tech","TECH_SMELTER_UPGRADE_1","description","","TEXT.Description.Tech.Upgrade.1","31","TextKeyReference","DoNotPatchHere","False","False","","False","This is a key/reference; translate the resolved text entry instead."
"Content\Config\Primary\Techs.xml","Techs.original.xml","tech","TECH_SMELTER_UPGRADE_2","name","","TEXT.Name.Tech.Upgrade.2","24","TextKeyReference","DoNotPatchHere","False","False","","False","This is a key/reference; translate the resolved text entry instead."
"Content\Config\Primary\Techs.xml","Techs.original.xml","tech","TECH_SMELTER_UPGRADE_2","description","","TEXT.Description.Tech.Upgrade.2","31","TextKeyReference","DoNotPatchHere","False","False","","False","This is a key/reference; translate the resolved text entry instead."
"Content\Config\Primary\Techs.xml","Techs.original.xml","tech","TECH_ANVIL_MAKER_UPGRADE_1","name","","TEXT.Name.Tech.Upgrade.1","24","TextKeyReference","DoNotPatchHere","False","False","","False","This is a key/reference; translate the resolved text entry instead."
"Content\Config\Primary\Techs.xml","Techs.original.xml","tech","TECH_ANVIL_MAKER_UPGRADE_1","description","","TEXT.Description.Tech.Upgrade.1","31","TextKeyReference","DoNotPatchHere","False","False","","False","This is a key/reference; translate the resolved text entry instead."
"Content\Config\Primary\Techs.xml","Techs.original.xml","tech","TECH_ANVIL_MAKER_UPGRADE_2","name","","TEXT.Name.Tech.Upgrade.2","24","TextKeyReference","DoNotPatchHere","False","False","","False","This is a key/reference; translate the resolved text entry instead."
"Content\Config\Primary\Techs.xml","Techs.original.xml","tech","TECH_ANVIL_MAKER_UPGRADE_2","description","","TEXT.Description.Tech.Upgrade.2","31","TextKeyReference","DoNotPatchHere","False","False","","False","This is a key/reference; translate the resolved text entry instead."
"Content\Config\Primary\Techs.xml","Techs.original.xml","tech","TECH_NAILSMITH_UPGRADE_1","name","","TEXT.Name.Tech.Upgrade.1","24","TextKeyReference","DoNotPatchHere","False","False","","False","This is a key/reference; translate the resolved text entry instead."
"Content\Config\Primary\Techs.xml","Techs.original.xml","tech","TECH_NAILSMITH_UPGRADE_1","description","","TEXT.Description.Tech.Upgrade.1","31","TextKeyReference","DoNotPatchHere","False","False","","False","This is a key/reference; translate the resolved text entry instead."
"Content\Config\Primary\Techs.xml","Techs.original.xml","tech","TECH_NAILSMITH_UPGRADE_2","name","","TEXT.Name.Tech.Upgrade.2","24","TextKeyReference","DoNotPatchHere","False","False","","False","This is a key/reference; translate the resolved text entry instead."
"Content\Config\Primary\Techs.xml","Techs.original.xml","tech","TECH_NAILSMITH_UPGRADE_2","description","","TEXT.Description.Tech.Upgrade.2","31","TextKeyReference","DoNotPatchHere","False","False","","False","This is a key/reference; translate the resolved text entry instead."
"Content\Config\Primary\Techs.xml","Techs.original.xml","tech","TECH_STEELMAKER_UPGRADE_1","name","","TEXT.Name.Tech.Upgrade.1","24","TextKeyReference","DoNotPatchHere","False","False","","False","This is a key/reference; translate the resolved text entry instead."
"Content\Config\Primary\Techs.xml","Techs.original.xml","tech","TECH_STEELMAKER_UPGRADE_1","description","","TEXT.Description.Tech.Upgrade.1","31","TextKeyReference","DoNotPatchHere","False","False","","False","This is a key/reference; translate the resolved text entry instead."
"Content\Config\Primary\Techs.xml","Techs.original.xml","tech","TECH_STEELMAKER_UPGRADE_2","name","","TEXT.Name.Tech.Upgrade.2","24","TextKeyReference","DoNotPatchHere","False","False","","False","This is a key/reference; translate the resolved text entry instead."
"Content\Config\Primary\Techs.xml","Techs.original.xml","tech","TECH_STEELMAKER_UPGRADE_2","description","","TEXT.Description.Tech.Upgrade.2","31","TextKeyReference","DoNotPatchHere","False","False","","False","This is a key/reference; translate the resolved text entry instead."
"Content\Config\Primary\Techs.xml","Techs.original.xml","tech","TECH_BLADESMITH_UPGRADE_1","name","","TEXT.Name.Tech.Upgrade.1","24","TextKeyReference","DoNotPatchHere","False","False","","False","This is a key/reference; translate the resolved text entry instead."
"Content\Config\Primary\Techs.xml","Techs.original.xml","tech","TECH_BLADESMITH_UPGRADE_1","description","","TEXT.Description.Tech.Upgrade.1","31","TextKeyReference","DoNotPatchHere","False","False","","False","This is a key/reference; translate the resolved text entry instead."
"Content\Config\Primary\Techs.xml","Techs.original.xml","tech","TECH_BLADESMITH_UPGRADE_2","name","","TEXT.Name.Tech.Upgrade.2","24","TextKeyReference","DoNotPatchHere","False","False","","False","This is a key/reference; translate the resolved text entry instead."
"Content\Config\Primary\Techs.xml","Techs.original.xml","tech","TECH_BLADESMITH_UPGRADE_2","description","","TEXT.Description.Tech.Upgrade.2","31","TextKeyReference","DoNotPatchHere","False","False","","False","This is a key/reference; translate the resolved text entry instead."
"Content\Config\Primary\Techs.xml","Techs.original.xml","tech","TECH_STEEL_WEAPONSMITH_UPGRADE_1","name","","TEXT.Name.Tech.Upgrade.1","24","TextKeyReference","DoNotPatchHere","False","False","","False","This is a key/reference; translate the resolved text entry instead."
"Content\Config\Primary\Techs.xml","Techs.original.xml","tech","TECH_STEEL_WEAPONSMITH_UPGRADE_1","description","","TEXT.Description.Tech.Upgrade.1","31","TextKeyReference","DoNotPatchHere","False","False","","False","This is a key/reference; translate the resolved text entry instead."
"Content\Config\Primary\Techs.xml","Techs.original.xml","tech","TECH_STEEL_WEAPONSMITH_UPGRADE_2","name","","TEXT.Name.Tech.Upgrade.2","24","TextKeyReference","DoNotPatchHere","False","False","","False","This is a key/reference; translate the resolved text entry instead."
"Content\Config\Primary\Techs.xml","Techs.original.xml","tech","TECH_STEEL_WEAPONSMITH_UPGRADE_2","description","","TEXT.Description.Tech.Upgrade.2","31","TextKeyReference","DoNotPatchHere","False","False","","False","This is a key/reference; translate the resolved text entry instead."
"Content\Config\Primary\Techs.xml","Techs.original.xml","tech","TECH_STEEL_TOOLSMITH_UPGRADE_1","name","","TEXT.Name.Tech.Upgrade.1","24","TextKeyReference","DoNotPatchHere","False","False","","False","This is a key/reference; translate the resolved text entry instead."
"Content\Config\Primary\Techs.xml","Techs.original.xml","tech","TECH_STEEL_TOOLSMITH_UPGRADE_1","description","","TEXT.Description.Tech.Upgrade.1","31","TextKeyReference","DoNotPatchHere","False","False","","False","This is a key/reference; translate the resolved text entry instead."
"Content\Config\Primary\Techs.xml","Techs.original.xml","tech","TECH_STEEL_TOOLSMITH_UPGRADE_2","name","","TEXT.Name.Tech.Upgrade.2","24","TextKeyReference","DoNotPatchHere","False","False","","False","This is a key/reference; translate the resolved text entry instead."
"Content\Config\Primary\Techs.xml","Techs.original.xml","tech","TECH_STEEL_TOOLSMITH_UPGRADE_2","description","","TEXT.Description.Tech.Upgrade.2","31","TextKeyReference","DoNotPatchHere","False","False","","False","This is a key/reference; translate the resolved text entry instead."
"Content\Config\Primary\Techs.xml","Techs.original.xml","tech","TECH_COLLIER_UPGRADE_1","name","","TEXT.Name.Tech.Upgrade.1","24","TextKeyReference","DoNotPatchHere","False","False","","False","This is a key/reference; translate the resolved text entry instead."
"Content\Config\Primary\Techs.xml","Techs.original.xml","tech","TECH_COLLIER_UPGRADE_1","description","","TEXT.Description.Tech.Upgrade.1","31","TextKeyReference","DoNotPatchHere","False","False","","False","This is a key/reference; translate the resolved text entry instead."
"Content\Config\Primary\Techs.xml","Techs.original.xml","tech","TECH_COLLIER_UPGRADE_2","name","","TEXT.Name.Tech.Upgrade.2","24","TextKeyReference","DoNotPatchHere","False","False","","False","This is a key/reference; translate the resolved text entry instead."
"Content\Config\Primary\Techs.xml","Techs.original.xml","tech","TECH_COLLIER_UPGRADE_2","description","","TEXT.Description.Tech.Upgrade.2","31","TextKeyReference","DoNotPatchHere","False","False","","False","This is a key/reference; translate the resolved text entry instead."
"Content\Config\Primary\Techs.xml","Techs.original.xml","tech","TECH_ARMORER_UPGRADE_1","name","","TEXT.Name.Tech.Upgrade.1","24","TextKeyReference","DoNotPatchHere","False","False","","False","This is a key/reference; translate the resolved text entry instead."
"Content\Config\Primary\Techs.xml","Techs.original.xml","tech","TECH_ARMORER_UPGRADE_1","description","","TEXT.Description.Tech.Upgrade.1","31","TextKeyReference","DoNotPatchHere","False","False","","False","This is a key/reference; translate the resolved text entry instead."
"Content\Config\Primary\Techs.xml","Techs.original.xml","tech","TECH_ARMORER_UPGRADE_2","name","","TEXT.Name.Tech.Upgrade.2","24","TextKeyReference","DoNotPatchHere","False","False","","False","This is a key/reference; translate the resolved text entry instead."
"Content\Config\Primary\Techs.xml","Techs.original.xml","tech","TECH_ARMORER_UPGRADE_2","description","","TEXT.Description.Tech.Upgrade.2","31","TextKeyReference","DoNotPatchHere","False","False","","False","This is a key/reference; translate the resolved text entry instead."
"Content\Config\Primary\Techs.xml","Techs.original.xml","tech","TECH_STEEL_ARMORSMITH_UPGRADE_1","name","","TEXT.Name.Tech.Upgrade.1","24","TextKeyReference","DoNotPatchHere","False","False","","False","This is a key/reference; translate the resolved text entry instead."
"Content\Config\Primary\Techs.xml","Techs.original.xml","tech","TECH_STEEL_ARMORSMITH_UPGRADE_1","description","","TEXT.Description.Tech.Upgrade.1","31","TextKeyReference","DoNotPatchHere","False","False","","False","This is a key/reference; translate the resolved text entry instead."
"Content\Config\Primary\Techs.xml","Techs.original.xml","tech","TECH_STEEL_ARMORSMITH_UPGRADE_2","name","","TEXT.Name.Tech.Upgrade.2","24","TextKeyReference","DoNotPatchHere","False","False","","False","This is a key/reference; translate the resolved text entry instead."
"Content\Config\Primary\Techs.xml","Techs.original.xml","tech","TECH_STEEL_ARMORSMITH_UPGRADE_2","description","","TEXT.Description.Tech.Upgrade.2","31","TextKeyReference","DoNotPatchHere","False","False","","False","This is a key/reference; translate the resolved text entry instead."
"Content\Config\Primary\Techs.xml","Techs.original.xml","tech","TECH_COIN_MAKER_UPGRADE_1","name","","TEXT.Name.Tech.Upgrade.1","24","TextKeyReference","DoNotPatchHere","False","False","","False","This is a key/reference; translate the resolved text entry instead."
"Content\Config\Primary\Techs.xml","Techs.original.xml","tech","TECH_COIN_MAKER_UPGRADE_1","description","","TEXT.Description.Tech.Upgrade.1","31","TextKeyReference","DoNotPatchHere","False","False","","False","This is a key/reference; translate the resolved text entry instead."
"Content\Config\Primary\Techs.xml","Techs.original.xml","tech","TECH_COIN_MAKER_UPGRADE_2","name","","TEXT.Name.Tech.Upgrade.2","24","TextKeyReference","DoNotPatchHere","False","False","","False","This is a key/reference; translate the resolved text entry instead."
"Content\Config\Primary\Techs.xml","Techs.original.xml","tech","TECH_COIN_MAKER_UPGRADE_2","description","","TEXT.Description.Tech.Upgrade.2","31","TextKeyReference","DoNotPatchHere","False","False","","False","This is a key/reference; translate the resolved text entry instead."
"Content\Config\Primary\Techs.xml","Techs.original.xml","tech","TECH_GLASSBLOWER_UPGRADE_1","name","","TEXT.Name.Tech.Upgrade.1","24","TextKeyReference","DoNotPatchHere","False","False","","False","This is a key/reference; translate the resolved text entry instead."
"Content\Config\Primary\Techs.xml","Techs.original.xml","tech","TECH_GLASSBLOWER_UPGRADE_1","description","","TEXT.Description.Tech.Upgrade.1","31","TextKeyReference","DoNotPatchHere","False","False","","False","This is a key/reference; translate the resolved text entry instead."
"Content\Config\Primary\Techs.xml","Techs.original.xml","tech","TECH_GLASSBLOWER_UPGRADE_2","name","","TEXT.Name.Tech.Upgrade.2","24","TextKeyReference","DoNotPatchHere","False","False","","False","This is a key/reference; translate the resolved text entry instead."
"Content\Config\Primary\Techs.xml","Techs.original.xml","tech","TECH_GLASSBLOWER_UPGRADE_2","description","","TEXT.Description.Tech.Upgrade.2","31","TextKeyReference","DoNotPatchHere","False","False","","False","This is a key/reference; translate the resolved text entry instead."
"Content\Config\Primary\Techs.xml","Techs.original.xml","tech","TECH_WOOD_COLLECTOR_UPGRADE_1","name","","TEXT.Name.Tech.Upgrade.1","24","TextKeyReference","DoNotPatchHere","False","False","","False","This is a key/reference; translate the resolved text entry instead."
"Content\Config\Primary\Techs.xml","Techs.original.xml","tech","TECH_WOOD_COLLECTOR_UPGRADE_1","description","","TEXT.Description.Tech.Upgrade.1","31","TextKeyReference","DoNotPatchHere","False","False","","False","This is a key/reference; translate the resolved text entry instead."
"Content\Config\Primary\Techs.xml","Techs.original.xml","tech","TECH_WOOD_COLLECTOR_UPGRADE_2","name","","TEXT.Name.Tech.Upgrade.2","24","TextKeyReference","DoNotPatchHere","False","False","","False","This is a key/reference; translate the resolved text entry instead."
"Content\Config\Primary\Techs.xml","Techs.original.xml","tech","TECH_WOOD_COLLECTOR_UPGRADE_2","description","","TEXT.Description.Tech.Upgrade.2","31","TextKeyReference","DoNotPatchHere","False","False","","False","This is a key/reference; translate the resolved text entry instead."
"Content\Config\Primary\Techs.xml","Techs.original.xml","tech","TECH_LOGGER_UPGRADE_1","name","","TEXT.Name.Tech.Upgrade.1","24","TextKeyReference","DoNotPatchHere","False","False","","False","This is a key/reference; translate the resolved text entry instead."
"Content\Config\Primary\Techs.xml","Techs.original.xml","tech","TECH_LOGGER_UPGRADE_1","description","","TEXT.Description.Tech.Upgrade.1","31","TextKeyReference","DoNotPatchHere","False","False","","False","This is a key/reference; translate the resolved text entry instead."
"Content\Config\Primary\Techs.xml","Techs.original.xml","tech","TECH_LOGGER_UPGRADE_2","name","","TEXT.Name.Tech.Upgrade.2","24","TextKeyReference","DoNotPatchHere","False","False","","False","This is a key/reference; translate the resolved text entry instead."
"Content\Config\Primary\Techs.xml","Techs.original.xml","tech","TECH_LOGGER_UPGRADE_2","description","","TEXT.Description.Tech.Upgrade.2","31","TextKeyReference","DoNotPatchHere","False","False","","False","This is a key/reference; translate the resolved text entry instead."
"Content\Config\Primary\Techs.xml","Techs.original.xml","tech","TECH_WEAVER_UPGRADE_1","name","","TEXT.Name.Tech.Upgrade.1","24","TextKeyReference","DoNotPatchHere","False","False","","False","This is a key/reference; translate the resolved text entry instead."
"Content\Config\Primary\Techs.xml","Techs.original.xml","tech","TECH_WEAVER_UPGRADE_1","description","","TEXT.Description.Tech.Upgrade.1","31","TextKeyReference","DoNotPatchHere","False","False","","False","This is a key/reference; translate the resolved text entry instead."
"Content\Config\Primary\Techs.xml","Techs.original.xml","tech","TECH_WEAVER_UPGRADE_2","name","","TEXT.Name.Tech.Upgrade.2","24","TextKeyReference","DoNotPatchHere","False","False","","False","This is a key/reference; translate the resolved text entry instead."
"Content\Config\Primary\Techs.xml","Techs.original.xml","tech","TECH_WEAVER_UPGRADE_2","description","","TEXT.Description.Tech.Upgrade.2","31","TextKeyReference","DoNotPatchHere","False","False","","False","This is a key/reference; translate the resolved text entry instead."
"Content\Config\Primary\Techs.xml","Techs.original.xml","tech","TECH_WOODCARVER_UPGRADE_1","name","","TEXT.Name.Tech.Upgrade.1","24","TextKeyReference","DoNotPatchHere","False","False","","False","This is a key/reference; translate the resolved text entry instead."
"Content\Config\Primary\Techs.xml","Techs.original.xml","tech","TECH_WOODCARVER_UPGRADE_1","description","","TEXT.Description.Tech.Upgrade.1","31","TextKeyReference","DoNotPatchHere","False","False","","False","This is a key/reference; translate the resolved text entry instead."
"Content\Config\Primary\Techs.xml","Techs.original.xml","tech","TECH_WOODCARVER_UPGRADE_2","name","","TEXT.Name.Tech.Upgrade.2","24","TextKeyReference","DoNotPatchHere","False","False","","False","This is a key/reference; translate the resolved text entry instead."
"Content\Config\Primary\Techs.xml","Techs.original.xml","tech","TECH_WOODCARVER_UPGRADE_2","description","","TEXT.Description.Tech.Upgrade.2","31","TextKeyReference","DoNotPatchHere","False","False","","False","This is a key/reference; translate the resolved text entry instead."
"Content\Config\Primary\Techs.xml","Techs.original.xml","tech","TECH_WOOD_BUNDLER_UPGRADE_1","name","","TEXT.Name.Tech.Upgrade.1","24","TextKeyReference","DoNotPatchHere","False","False","","False","This is a key/reference; translate the resolved text entry instead."
"Content\Config\Primary\Techs.xml","Techs.original.xml","tech","TECH_WOOD_BUNDLER_UPGRADE_1","description","","TEXT.Description.Tech.Upgrade.1","31","TextKeyReference","DoNotPatchHere","False","False","","False","This is a key/reference; translate the resolved text entry instead."
"Content\Config\Primary\Techs.xml","Techs.original.xml","tech","TECH_WOOD_BUNDLER_UPGRADE_2","name","","TEXT.Name.Tech.Upgrade.2","24","TextKeyReference","DoNotPatchHere","False","False","","False","This is a key/reference; translate the resolved text entry instead."
"Content\Config\Primary\Techs.xml","Techs.original.xml","tech","TECH_WOOD_BUNDLER_UPGRADE_2","description","","TEXT.Description.Tech.Upgrade.2","31","TextKeyReference","DoNotPatchHere","False","False","","False","This is a key/reference; translate the resolved text entry instead."
"Content\Config\Primary\Techs.xml","Techs.original.xml","tech","TECH_POTTER_UPGRADE_1","name","","TEXT.Name.Tech.Upgrade.1","24","TextKeyReference","DoNotPatchHere","False","False","","False","This is a key/reference; translate the resolved text entry instead."
"Content\Config\Primary\Techs.xml","Techs.original.xml","tech","TECH_POTTER_UPGRADE_1","description","","TEXT.Description.Tech.Upgrade.1","31","TextKeyReference","DoNotPatchHere","False","False","","False","This is a key/reference; translate the resolved text entry instead."
"Content\Config\Primary\Techs.xml","Techs.original.xml","tech","TECH_POTTER_UPGRADE_2","name","","TEXT.Name.Tech.Upgrade.2","24","TextKeyReference","DoNotPatchHere","False","False","","False","This is a key/reference; translate the resolved text entry instead."
"Content\Config\Primary\Techs.xml","Techs.original.xml","tech","TECH_POTTER_UPGRADE_2","description","","TEXT.Description.Tech.Upgrade.2","31","TextKeyReference","DoNotPatchHere","False","False","","False","This is a key/reference; translate the resolved text entry instead."
"Content\Config\Primary\Techs.xml","Techs.original.xml","tech","TECH_WOODSPLITTER_UPGRADE_1","name","","TEXT.Name.Tech.Upgrade.1","24","TextKeyReference","DoNotPatchHere","False","False","","False","This is a key/reference; translate the resolved text entry instead."
"Content\Config\Primary\Techs.xml","Techs.original.xml","tech","TECH_WOODSPLITTER_UPGRADE_1","description","","TEXT.Description.Tech.Upgrade.1","31","TextKeyReference","DoNotPatchHere","False","False","","False","This is a key/reference; translate the resolved text entry instead."
"Content\Config\Primary\Techs.xml","Techs.original.xml","tech","TECH_WOODSPLITTER_UPGRADE_2","name","","TEXT.Name.Tech.Upgrade.2","24","TextKeyReference","DoNotPatchHere","False","False","","False","This is a key/reference; translate the resolved text entry instead."
"Content\Config\Primary\Techs.xml","Techs.original.xml","tech","TECH_WOODSPLITTER_UPGRADE_2","description","","TEXT.Description.Tech.Upgrade.2","31","TextKeyReference","DoNotPatchHere","False","False","","False","This is a key/reference; translate the resolved text entry instead."
"Content\Config\Primary\Techs.xml","Techs.original.xml","tech","TECH_BLOCK_CUTTER_UPGRADE_1","name","","TEXT.Name.Tech.Upgrade.1","24","TextKeyReference","DoNotPatchHere","False","False","","False","This is a key/reference; translate the resolved text entry instead."
"Content\Config\Primary\Techs.xml","Techs.original.xml","tech","TECH_BLOCK_CUTTER_UPGRADE_1","description","","TEXT.Description.Tech.Upgrade.1","31","TextKeyReference","DoNotPatchHere","False","False","","False","This is a key/reference; translate the resolved text entry instead."
"Content\Config\Primary\Techs.xml","Techs.original.xml","tech","TECH_BLOCK_CUTTER_UPGRADE_2","name","","TEXT.Name.Tech.Upgrade.2","24","TextKeyReference","DoNotPatchHere","False","False","","False","This is a key/reference; translate the resolved text entry instead."
"Content\Config\Primary\Techs.xml","Techs.original.xml","tech","TECH_BLOCK_CUTTER_UPGRADE_2","description","","TEXT.Description.Tech.Upgrade.2","31","TextKeyReference","DoNotPatchHere","False","False","","False","This is a key/reference; translate the resolved text entry instead."
"Content\Config\Primary\Techs.xml","Techs.original.xml","tech","TECH_BRICKMAKER_UPGRADE_1","name","","TEXT.Name.Tech.Upgrade.1","24","TextKeyReference","DoNotPatchHere","False","False","","False","This is a key/reference; translate the resolved text entry instead."
"Content\Config\Primary\Techs.xml","Techs.original.xml","tech","TECH_BRICKMAKER_UPGRADE_1","description","","TEXT.Description.Tech.Upgrade.1","31","TextKeyReference","DoNotPatchHere","False","False","","False","This is a key/reference; translate the resolved text entry instead."
"Content\Config\Primary\Techs.xml","Techs.original.xml","tech","TECH_BRICKMAKER_UPGRADE_2","name","","TEXT.Name.Tech.Upgrade.2","24","TextKeyReference","DoNotPatchHere","False","False","","False","This is a key/reference; translate the resolved text entry instead."
"Content\Config\Primary\Techs.xml","Techs.original.xml","tech","TECH_BRICKMAKER_UPGRADE_2","description","","TEXT.Description.Tech.Upgrade.2","31","TextKeyReference","DoNotPatchHere","False","False","","False","This is a key/reference; translate the resolved text entry instead."
"Content\Config\Primary\Techs.xml","Techs.original.xml","tech","TECH_STONECARVER_UPGRADE_1","name","","TEXT.Name.Tech.Upgrade.1","24","TextKeyReference","DoNotPatchHere","False","False","","False","This is a key/reference; translate the resolved text entry instead."
"Content\Config\Primary\Techs.xml","Techs.original.xml","tech","TECH_STONECARVER_UPGRADE_1","description","","TEXT.Description.Tech.Upgrade.1","31","TextKeyReference","DoNotPatchHere","False","False","","False","This is a key/reference; translate the resolved text entry instead."
"Content\Config\Primary\Techs.xml","Techs.original.xml","tech","TECH_STONECARVER_UPGRADE_2","name","","TEXT.Name.Tech.Upgrade.2","24","TextKeyReference","DoNotPatchHere","False","False","","False","This is a key/reference; translate the resolved text entry instead."
"Content\Config\Primary\Techs.xml","Techs.original.xml","tech","TECH_STONECARVER_UPGRADE_2","description","","TEXT.Description.Tech.Upgrade.2","31","TextKeyReference","DoNotPatchHere","False","False","","False","This is a key/reference; translate the resolved text entry instead."
"Content\Config\Primary\Techs.xml","Techs.original.xml","tech","TECH_HEWER_UPGRADE_1","name","","TEXT.Name.Tech.Upgrade.1","24","TextKeyReference","DoNotPatchHere","False","False","","False","This is a key/reference; translate the resolved text entry instead."
"Content\Config\Primary\Techs.xml","Techs.original.xml","tech","TECH_HEWER_UPGRADE_1","description","","TEXT.Description.Tech.Upgrade.1","31","TextKeyReference","DoNotPatchHere","False","False","","False","This is a key/reference; translate the resolved text entry instead."
"Content\Config\Primary\Techs.xml","Techs.original.xml","tech","TECH_HEWER_UPGRADE_2","name","","TEXT.Name.Tech.Upgrade.2","24","TextKeyReference","DoNotPatchHere","False","False","","False","This is a key/reference; translate the resolved text entry instead."
"Content\Config\Primary\Techs.xml","Techs.original.xml","tech","TECH_HEWER_UPGRADE_2","description","","TEXT.Description.Tech.Upgrade.2","31","TextKeyReference","DoNotPatchHere","False","False","","False","This is a key/reference; translate the resolved text entry instead."
"Content\Config\Primary\Techs.xml","Techs.original.xml","tech","TECH_TAILOR_UPGRADE_1","name","","TEXT.Name.Tech.Upgrade.1","24","TextKeyReference","DoNotPatchHere","False","False","","False","This is a key/reference; translate the resolved text entry instead."
"Content\Config\Primary\Techs.xml","Techs.original.xml","tech","TECH_TAILOR_UPGRADE_1","description","","TEXT.Description.Tech.Upgrade.1","31","TextKeyReference","DoNotPatchHere","False","False","","False","This is a key/reference; translate the resolved text entry instead."
"Content\Config\Primary\Techs.xml","Techs.original.xml","tech","TECH_TAILOR_UPGRADE_2","name","","TEXT.Name.Tech.Upgrade.2","24","TextKeyReference","DoNotPatchHere","False","False","","False","This is a key/reference; translate the resolved text entry instead."
"Content\Config\Primary\Techs.xml","Techs.original.xml","tech","TECH_TAILOR_UPGRADE_2","description","","TEXT.Description.Tech.Upgrade.2","31","TextKeyReference","DoNotPatchHere","False","False","","False","This is a key/reference; translate the resolved text entry instead."
"Content\Config\Primary\Techs.xml","Techs.original.xml","tech","TECH_DYER_UPGRADE_1","name","","TEXT.Name.Tech.Upgrade.1","24","TextKeyReference","DoNotPatchHere","False","False","","False","This is a key/reference; translate the resolved text entry instead."
"Content\Config\Primary\Techs.xml","Techs.original.xml","tech","TECH_DYER_UPGRADE_1","description","","TEXT.Description.Tech.Upgrade.1","31","TextKeyReference","DoNotPatchHere","False","False","","False","This is a key/reference; translate the resolved text entry instead."
"Content\Config\Primary\Techs.xml","Techs.original.xml","tech","TECH_DYER_UPGRADE_2","name","","TEXT.Name.Tech.Upgrade.2","24","TextKeyReference","DoNotPatchHere","False","False","","False","This is a key/reference; translate the resolved text entry instead."
"Content\Config\Primary\Techs.xml","Techs.original.xml","tech","TECH_DYER_UPGRADE_2","description","","TEXT.Description.Tech.Upgrade.2","31","TextKeyReference","DoNotPatchHere","False","False","","False","This is a key/reference; translate the resolved text entry instead."
"Content\Config\Primary\Techs.xml","Techs.original.xml","tech","TECH_LUTHIER_UPGRADE_1","name","","TEXT.Name.Tech.Upgrade.1","24","TextKeyReference","DoNotPatchHere","False","False","","False","This is a key/reference; translate the resolved text entry instead."
"Content\Config\Primary\Techs.xml","Techs.original.xml","tech","TECH_LUTHIER_UPGRADE_1","description","","TEXT.Description.Tech.Upgrade.1","31","TextKeyReference","DoNotPatchHere","False","False","","False","This is a key/reference; translate the resolved text entry instead."
"Content\Config\Primary\Techs.xml","Techs.original.xml","tech","TECH_LUTHIER_UPGRADE_2","name","","TEXT.Name.Tech.Upgrade.2","24","TextKeyReference","DoNotPatchHere","False","False","","False","This is a key/reference; translate the resolved text entry instead."
"Content\Config\Primary\Techs.xml","Techs.original.xml","tech","TECH_LUTHIER_UPGRADE_2","description","","TEXT.Description.Tech.Upgrade.2","31","TextKeyReference","DoNotPatchHere","False","False","","False","This is a key/reference; translate the resolved text entry instead."
"Content\Config\Primary\Techs.xml","Techs.original.xml","tech","TECH_COOPER_UPGRADE_1","name","","TEXT.Name.Tech.Upgrade.1","24","TextKeyReference","DoNotPatchHere","False","False","","False","This is a key/reference; translate the resolved text entry instead."
"Content\Config\Primary\Techs.xml","Techs.original.xml","tech","TECH_COOPER_UPGRADE_1","description","","TEXT.Description.Tech.Upgrade.1","31","TextKeyReference","DoNotPatchHere","False","False","","False","This is a key/reference; translate the resolved text entry instead."
"Content\Config\Primary\Techs.xml","Techs.original.xml","tech","TECH_COOPER_UPGRADE_2","name","","TEXT.Name.Tech.Upgrade.2","24","TextKeyReference","DoNotPatchHere","False","False","","False","This is a key/reference; translate the resolved text entry instead."
"Content\Config\Primary\Techs.xml","Techs.original.xml","tech","TECH_COOPER_UPGRADE_2","description","","TEXT.Description.Tech.Upgrade.2","31","TextKeyReference","DoNotPatchHere","False","False","","False","This is a key/reference; translate the resolved text entry instead."
"Content\Config\Primary\Techs.xml","Techs.original.xml","tech","TECH_MASTER_BLOCK_CUTTER_UPGRADE_1","name","","TEXT.Name.Tech.Upgrade.1","24","TextKeyReference","DoNotPatchHere","False","False","","False","This is a key/reference; translate the resolved text entry instead."
"Content\Config\Primary\Techs.xml","Techs.original.xml","tech","TECH_MASTER_BLOCK_CUTTER_UPGRADE_1","description","","TEXT.Description.Tech.Upgrade.1","31","TextKeyReference","DoNotPatchHere","False","False","","False","This is a key/reference; translate the resolved text entry instead."
"Content\Config\Primary\Techs.xml","Techs.original.xml","tech","TECH_MASTER_BLOCK_CUTTER_UPGRADE_2","name","","TEXT.Name.Tech.Upgrade.2","24","TextKeyReference","DoNotPatchHere","False","False","","False","This is a key/reference; translate the resolved text entry instead."
"Content\Config\Primary\Techs.xml","Techs.original.xml","tech","TECH_MASTER_BLOCK_CUTTER_UPGRADE_2","description","","TEXT.Description.Tech.Upgrade.2","31","TextKeyReference","DoNotPatchHere","False","False","","False","This is a key/reference; translate the resolved text entry instead."
"Content\Config\Primary\Techs.xml","Techs.original.xml","tech","TECH_KILN_MASTER_UPGRADE_1","name","","TEXT.Name.Tech.Upgrade.1","24","TextKeyReference","DoNotPatchHere","False","False","","False","This is a key/reference; translate the resolved text entry instead."
"Content\Config\Primary\Techs.xml","Techs.original.xml","tech","TECH_KILN_MASTER_UPGRADE_1","description","","TEXT.Description.Tech.Upgrade.1","31","TextKeyReference","DoNotPatchHere","False","False","","False","This is a key/reference; translate the resolved text entry instead."
"Content\Config\Primary\Techs.xml","Techs.original.xml","tech","TECH_KILN_MASTER_UPGRADE_2","name","","TEXT.Name.Tech.Upgrade.2","24","TextKeyReference","DoNotPatchHere","False","False","","False","This is a key/reference; translate the resolved text entry instead."
"Content\Config\Primary\Techs.xml","Techs.original.xml","tech","TECH_KILN_MASTER_UPGRADE_2","description","","TEXT.Description.Tech.Upgrade.2","31","TextKeyReference","DoNotPatchHere","False","False","","False","This is a key/reference; translate the resolved text entry instead."
"Content\Config\Primary\Techs.xml","Techs.original.xml","tech","TECH_COUTURIER_UPGRADE_1","name","","TEXT.Name.Tech.Upgrade.1","24","TextKeyReference","DoNotPatchHere","False","False","","False","This is a key/reference; translate the resolved text entry instead."
"Content\Config\Primary\Techs.xml","Techs.original.xml","tech","TECH_COUTURIER_UPGRADE_1","description","","TEXT.Description.Tech.Upgrade.1","31","TextKeyReference","DoNotPatchHere","False","False","","False","This is a key/reference; translate the resolved text entry instead."
"Content\Config\Primary\Techs.xml","Techs.original.xml","tech","TECH_COUTURIER_UPGRADE_2","name","","TEXT.Name.Tech.Upgrade.2","24","TextKeyReference","DoNotPatchHere","False","False","","False","This is a key/reference; translate the resolved text entry instead."
"Content\Config\Primary\Techs.xml","Techs.original.xml","tech","TECH_COUTURIER_UPGRADE_2","description","","TEXT.Description.Tech.Upgrade.2","31","TextKeyReference","DoNotPatchHere","False","False","","False","This is a key/reference; translate the resolved text entry instead."
"Content\Config\Primary\Techs.xml","Techs.original.xml","tech","TECH_SCULPTOR_UPGRADE_1","name","","TEXT.Name.Tech.Upgrade.1","24","TextKeyReference","DoNotPatchHere","False","False","","False","This is a key/reference; translate the resolved text entry instead."
"Content\Config\Primary\Techs.xml","Techs.original.xml","tech","TECH_SCULPTOR_UPGRADE_1","description","","TEXT.Description.Tech.Upgrade.1","31","TextKeyReference","DoNotPatchHere","False","False","","False","This is a key/reference; translate the resolved text entry instead."
"Content\Config\Primary\Techs.xml","Techs.original.xml","tech","TECH_SCULPTOR_UPGRADE_2","name","","TEXT.Name.Tech.Upgrade.2","24","TextKeyReference","DoNotPatchHere","False","False","","False","This is a key/reference; translate the resolved text entry instead."
"Content\Config\Primary\Techs.xml","Techs.original.xml","tech","TECH_SCULPTOR_UPGRADE_2","description","","TEXT.Description.Tech.Upgrade.2","31","TextKeyReference","DoNotPatchHere","False","False","","False","This is a key/reference; translate the resolved text entry instead."
"Content\Config\Primary\Techs.xml","Techs.original.xml","tech","TECH_ARCHITECT_UPGRADE_1","name","","TEXT.Name.Tech.Upgrade.1","24","TextKeyReference","DoNotPatchHere","False","False","","False","This is a key/reference; translate the resolved text entry instead."
"Content\Config\Primary\Techs.xml","Techs.original.xml","tech","TECH_ARCHITECT_UPGRADE_1","description","","TEXT.Description.Tech.Upgrade.1","31","TextKeyReference","DoNotPatchHere","False","False","","False","This is a key/reference; translate the resolved text entry instead."
"Content\Config\Primary\Techs.xml","Techs.original.xml","tech","TECH_ARCHITECT_UPGRADE_2","name","","TEXT.Name.Tech.Upgrade.2","24","TextKeyReference","DoNotPatchHere","False","False","","False","This is a key/reference; translate the resolved text entry instead."
"Content\Config\Primary\Techs.xml","Techs.original.xml","tech","TECH_ARCHITECT_UPGRADE_2","description","","TEXT.Description.Tech.Upgrade.2","31","TextKeyReference","DoNotPatchHere","False","False","","False","This is a key/reference; translate the resolved text entry instead."
"Content\Config\Primary\Techs.xml","Techs.original.xml","tech","TECH_SADDLER_UPGRADE_1","name","","TEXT.Name.Tech.Upgrade.1","24","TextKeyReference","DoNotPatchHere","False","False","","False","This is a key/reference; translate the resolved text entry instead."
"Content\Config\Primary\Techs.xml","Techs.original.xml","tech","TECH_SADDLER_UPGRADE_1","description","","TEXT.Description.Tech.Upgrade.1","31","TextKeyReference","DoNotPatchHere","False","False","","False","This is a key/reference; translate the resolved text entry instead."
"Content\Config\Primary\Techs.xml","Techs.original.xml","tech","TECH_SADDLER_UPGRADE_2","name","","TEXT.Name.Tech.Upgrade.2","24","TextKeyReference","DoNotPatchHere","False","False","","False","This is a key/reference; translate the resolved text entry instead."
"Content\Config\Primary\Techs.xml","Techs.original.xml","tech","TECH_SADDLER_UPGRADE_2","description","","TEXT.Description.Tech.Upgrade.2","31","TextKeyReference","DoNotPatchHere","False","False","","False","This is a key/reference; translate the resolved text entry instead."
"Content\Config\Primary\Techs.xml","Techs.original.xml","tech","TECH_EXPLORER_UPGRADE_1","name","","TEXT.Name.Tech.Upgrade.1","24","TextKeyReference","DoNotPatchHere","False","False","","False","This is a key/reference; translate the resolved text entry instead."
"Content\Config\Primary\Techs.xml","Techs.original.xml","tech","TECH_EXPLORER_UPGRADE_1","description","","TEXT.Description.Tech.Upgrade.1","31","TextKeyReference","DoNotPatchHere","False","False","","False","This is a key/reference; translate the resolved text entry instead."
"Content\Config\Primary\Techs.xml","Techs.original.xml","tech","TECH_EXPLORER_UPGRADE_2","name","","TEXT.Name.Tech.Upgrade.2","24","TextKeyReference","DoNotPatchHere","False","False","","False","This is a key/reference; translate the resolved text entry instead."
"Content\Config\Primary\Techs.xml","Techs.original.xml","tech","TECH_EXPLORER_UPGRADE_2","description","","TEXT.Description.Tech.Upgrade.2","31","TextKeyReference","DoNotPatchHere","False","False","","False","This is a key/reference; translate the resolved text entry instead."
"Content\Config\Primary\Techs.xml","Techs.original.xml","tech","TECH_SURVEYOR_UPGRADE_1","name","","TEXT.Name.Tech.Upgrade.1","24","TextKeyReference","DoNotPatchHere","False","False","","False","This is a key/reference; translate the resolved text entry instead."
"Content\Config\Primary\Techs.xml","Techs.original.xml","tech","TECH_SURVEYOR_UPGRADE_1","description","","TEXT.Description.Tech.Upgrade.1","31","TextKeyReference","DoNotPatchHere","False","False","","False","This is a key/reference; translate the resolved text entry instead."
"Content\Config\Primary\Techs.xml","Techs.original.xml","tech","TECH_SURVEYOR_UPGRADE_2","name","","TEXT.Name.Tech.Upgrade.2","24","TextKeyReference","DoNotPatchHere","False","False","","False","This is a key/reference; translate the resolved text entry instead."
"Content\Config\Primary\Techs.xml","Techs.original.xml","tech","TECH_SURVEYOR_UPGRADE_2","description","","TEXT.Description.Tech.Upgrade.2","31","TextKeyReference","DoNotPatchHere","False","False","","False","This is a key/reference; translate the resolved text entry instead."
"Content\Config\Primary\Techs.xml","Techs.original.xml","tech","TECH_TRADER_UPGRADE_1","name","","TEXT.Name.Tech.Upgrade.1","24","TextKeyReference","DoNotPatchHere","False","False","","False","This is a key/reference; translate the resolved text entry instead."
"Content\Config\Primary\Techs.xml","Techs.original.xml","tech","TECH_TRADER_UPGRADE_1","description","","TEXT.Description.Tech.Upgrade.1","31","TextKeyReference","DoNotPatchHere","False","False","","False","This is a key/reference; translate the resolved text entry instead."
"Content\Config\Primary\Techs.xml","Techs.original.xml","tech","TECH_TRADER_UPGRADE_2","name","","TEXT.Name.Tech.Upgrade.2","24","TextKeyReference","DoNotPatchHere","False","False","","False","This is a key/reference; translate the resolved text entry instead."
"Content\Config\Primary\Techs.xml","Techs.original.xml","tech","TECH_TRADER_UPGRADE_2","description","","TEXT.Description.Tech.Upgrade.2","31","TextKeyReference","DoNotPatchHere","False","False","","False","This is a key/reference; translate the resolved text entry instead."
"Content\Config\Primary\Techs.xml","Techs.original.xml","tech","TECH_BARD_UPGRADE_1","name","","TEXT.Name.Tech.Upgrade.1","24","TextKeyReference","DoNotPatchHere","False","False","","False","This is a key/reference; translate the resolved text entry instead."
"Content\Config\Primary\Techs.xml","Techs.original.xml","tech","TECH_BARD_UPGRADE_1","description","","TEXT.Description.Tech.Upgrade.1","31","TextKeyReference","DoNotPatchHere","False","False","","False","This is a key/reference; translate the resolved text entry instead."
"Content\Config\Primary\Techs.xml","Techs.original.xml","tech","TECH_BARD_UPGRADE_2","name","","TEXT.Name.Tech.Upgrade.2","24","TextKeyReference","DoNotPatchHere","False","False","","False","This is a key/reference; translate the resolved text entry instead."
"Content\Config\Primary\Techs.xml","Techs.original.xml","tech","TECH_BARD_UPGRADE_2","description","","TEXT.Description.Tech.Upgrade.2","31","TextKeyReference","DoNotPatchHere","False","False","","False","This is a key/reference; translate the resolved text entry instead."
"Content\Config\Primary\Techs.xml","Techs.original.xml","tech","TECH_LOREKEEPER_UPGRADE_1","name","","TEXT.Name.Tech.Upgrade.1","24","TextKeyReference","DoNotPatchHere","False","False","","False","This is a key/reference; translate the resolved text entry instead."
"Content\Config\Primary\Techs.xml","Techs.original.xml","tech","TECH_LOREKEEPER_UPGRADE_1","description","","TEXT.Description.Tech.Upgrade.1","31","TextKeyReference","DoNotPatchHere","False","False","","False","This is a key/reference; translate the resolved text entry instead."
"Content\Config\Primary\Techs.xml","Techs.original.xml","tech","TECH_LOREKEEPER_UPGRADE_2","name","","TEXT.Name.Tech.Upgrade.2","24","TextKeyReference","DoNotPatchHere","False","False","","False","This is a key/reference; translate the resolved text entry instead."
"Content\Config\Primary\Techs.xml","Techs.original.xml","tech","TECH_LOREKEEPER_UPGRADE_2","description","","TEXT.Description.Tech.Upgrade.2","31","TextKeyReference","DoNotPatchHere","False","False","","False","This is a key/reference; translate the resolved text entry instead."
"Content\Config\Primary\Techs.xml","Techs.original.xml","tech","TECH_GUIDE_UPGRADE_1","name","","TEXT.Name.Tech.Upgrade.1","24","TextKeyReference","DoNotPatchHere","False","False","","False","This is a key/reference; translate the resolved text entry instead."
"Content\Config\Primary\Techs.xml","Techs.original.xml","tech","TECH_GUIDE_UPGRADE_1","description","","TEXT.Description.Tech.Upgrade.1","31","TextKeyReference","DoNotPatchHere","False","False","","False","This is a key/reference; translate the resolved text entry instead."
"Content\Config\Primary\Techs.xml","Techs.original.xml","tech","TECH_GUIDE_UPGRADE_2","name","","TEXT.Name.Tech.Upgrade.2","24","TextKeyReference","DoNotPatchHere","False","False","","False","This is a key/reference; translate the resolved text entry instead."
"Content\Config\Primary\Techs.xml","Techs.original.xml","tech","TECH_GUIDE_UPGRADE_2","description","","TEXT.Description.Tech.Upgrade.2","31","TextKeyReference","DoNotPatchHere","False","False","","False","This is a key/reference; translate the resolved text entry instead."
"Content\Config\Primary\Techs.xml","Techs.original.xml","tech","TECH_GALLEY_UPGRADE_1","name","","TEXT.Name.Tech.Upgrade.1","24","TextKeyReference","DoNotPatchHere","False","False","","False","This is a key/reference; translate the resolved text entry instead."
"Content\Config\Primary\Techs.xml","Techs.original.xml","tech","TECH_GALLEY_UPGRADE_1","description","","TEXT.Description.Tech.Upgrade.1","31","TextKeyReference","DoNotPatchHere","False","False","","False","This is a key/reference; translate the resolved text entry instead."
"Content\Config\Primary\Techs.xml","Techs.original.xml","tech","TECH_GALLEY_UPGRADE_2","name","","TEXT.Name.Tech.Upgrade.2","24","TextKeyReference","DoNotPatchHere","False","False","","False","This is a key/reference; translate the resolved text entry instead."
"Content\Config\Primary\Techs.xml","Techs.original.xml","tech","TECH_GALLEY_UPGRADE_2","description","","TEXT.Description.Tech.Upgrade.2","31","TextKeyReference","DoNotPatchHere","False","False","","False","This is a key/reference; translate the resolved text entry instead."
"Content\Config\Primary\Techs.xml","Techs.original.xml","tech","TECH_TINKERER_UPGRADE_1","name","","TEXT.Name.Tech.Upgrade.1","24","TextKeyReference","DoNotPatchHere","False","False","","False","This is a key/reference; translate the resolved text entry instead."
"Content\Config\Primary\Techs.xml","Techs.original.xml","tech","TECH_TINKERER_UPGRADE_1","description","","TEXT.Description.Tech.Upgrade.1","31","TextKeyReference","DoNotPatchHere","False","False","","False","This is a key/reference; translate the resolved text entry instead."
"Content\Config\Primary\Techs.xml","Techs.original.xml","tech","TECH_TINKERER_UPGRADE_2","name","","TEXT.Name.Tech.Upgrade.2","24","TextKeyReference","DoNotPatchHere","False","False","","False","This is a key/reference; translate the resolved text entry instead."
"Content\Config\Primary\Techs.xml","Techs.original.xml","tech","TECH_TINKERER_UPGRADE_2","description","","TEXT.Description.Tech.Upgrade.2","31","TextKeyReference","DoNotPatchHere","False","False","","False","This is a key/reference; translate the resolved text entry instead."
"Content\Config\Primary\Techs.xml","Techs.original.xml","tech","TECH_MERCHANT_UPGRADE_1","name","","TEXT.Name.Tech.Upgrade.1","24","TextKeyReference","DoNotPatchHere","False","False","","False","This is a key/reference; translate the resolved text entry instead."
"Content\Config\Primary\Techs.xml","Techs.original.xml","tech","TECH_MERCHANT_UPGRADE_1","description","","TEXT.Description.Tech.Upgrade.1","31","TextKeyReference","DoNotPatchHere","False","False","","False","This is a key/reference; translate the resolved text entry instead."
"Content\Config\Primary\Techs.xml","Techs.original.xml","tech","TECH_MERCHANT_UPGRADE_2","name","","TEXT.Name.Tech.Upgrade.2","24","TextKeyReference","DoNotPatchHere","False","False","","False","This is a key/reference; translate the resolved text entry instead."
"Content\Config\Primary\Techs.xml","Techs.original.xml","tech","TECH_MERCHANT_UPGRADE_2","description","","TEXT.Description.Tech.Upgrade.2","31","TextKeyReference","DoNotPatchHere","False","False","","False","This is a key/reference; translate the resolved text entry instead."
"Content\Config\Primary\Techs.xml","Techs.original.xml","tech","TECH_ENGINEER_UPGRADE_1","name","","TEXT.Name.Tech.Upgrade.1","24","TextKeyReference","DoNotPatchHere","False","False","","False","This is a key/reference; translate the resolved text entry instead."
"Content\Config\Primary\Techs.xml","Techs.original.xml","tech","TECH_ENGINEER_UPGRADE_1","description","","TEXT.Description.Tech.Upgrade.1","31","TextKeyReference","DoNotPatchHere","False","False","","False","This is a key/reference; translate the resolved text entry instead."
"Content\Config\Primary\Techs.xml","Techs.original.xml","tech","TECH_ENGINEER_UPGRADE_2","name","","TEXT.Name.Tech.Upgrade.2","24","TextKeyReference","DoNotPatchHere","False","False","","False","This is a key/reference; translate the resolved text entry instead."
"Content\Config\Primary\Techs.xml","Techs.original.xml","tech","TECH_ENGINEER_UPGRADE_2","description","","TEXT.Description.Tech.Upgrade.2","31","TextKeyReference","DoNotPatchHere","False","False","","False","This is a key/reference; translate the resolved text entry instead."
"Content\Config\Primary\Techs.xml","Techs.original.xml","tech","TECH_CONSUL_UPGRADE_1","name","","TEXT.Name.Tech.Upgrade.1","24","TextKeyReference","DoNotPatchHere","False","False","","False","This is a key/reference; translate the resolved text entry instead."
"Content\Config\Primary\Techs.xml","Techs.original.xml","tech","TECH_CONSUL_UPGRADE_1","description","","TEXT.Description.Tech.Upgrade.1","31","TextKeyReference","DoNotPatchHere","False","False","","False","This is a key/reference; translate the resolved text entry instead."
"Content\Config\Primary\Techs.xml","Techs.original.xml","tech","TECH_CONSUL_UPGRADE_2","name","","TEXT.Name.Tech.Upgrade.2","24","TextKeyReference","DoNotPatchHere","False","False","","False","This is a key/reference; translate the resolved text entry instead."
"Content\Config\Primary\Techs.xml","Techs.original.xml","tech","TECH_CONSUL_UPGRADE_2","description","","TEXT.Description.Tech.Upgrade.2","31","TextKeyReference","DoNotPatchHere","False","False","","False","This is a key/reference; translate the resolved text entry instead."
"Content\Config\Primary\Techs.xml","Techs.original.xml","tech","TECH_SUPPLY_WAGON_UPGRADE_1","name","","TEXT.Name.Tech.Upgrade.1","24","TextKeyReference","DoNotPatchHere","False","False","","False","This is a key/reference; translate the resolved text entry instead."
"Content\Config\Primary\Techs.xml","Techs.original.xml","tech","TECH_SUPPLY_WAGON_UPGRADE_1","description","","TEXT.Description.Tech.Upgrade.1","31","TextKeyReference","DoNotPatchHere","False","False","","False","This is a key/reference; translate the resolved text entry instead."
"Content\Config\Primary\Techs.xml","Techs.original.xml","tech","TECH_SUPPLY_WAGON_UPGRADE_2","name","","TEXT.Name.Tech.Upgrade.2","24","TextKeyReference","DoNotPatchHere","False","False","","False","This is a key/reference; translate the resolved text entry instead."
"Content\Config\Primary\Techs.xml","Techs.original.xml","tech","TECH_SUPPLY_WAGON_UPGRADE_2","description","","TEXT.Description.Tech.Upgrade.2","31","TextKeyReference","DoNotPatchHere","False","False","","False","This is a key/reference; translate the resolved text entry instead."
"Content\Config\Primary\Techs.xml","Techs.original.xml","tech","TECH_MINSTREL_UPGRADE_1","name","","TEXT.Name.Tech.Upgrade.1","24","TextKeyReference","DoNotPatchHere","False","False","","False","This is a key/reference; translate the resolved text entry instead."
"Content\Config\Primary\Techs.xml","Techs.original.xml","tech","TECH_MINSTREL_UPGRADE_1","description","","TEXT.Description.Tech.Upgrade.1","31","TextKeyReference","DoNotPatchHere","False","False","","False","This is a key/reference; translate the resolved text entry instead."
"Content\Config\Primary\Techs.xml","Techs.original.xml","tech","TECH_MINSTREL_UPGRADE_2","name","","TEXT.Name.Tech.Upgrade.2","24","TextKeyReference","DoNotPatchHere","False","False","","False","This is a key/reference; translate the resolved text entry instead."
"Content\Config\Primary\Techs.xml","Techs.original.xml","tech","TECH_MINSTREL_UPGRADE_2","description","","TEXT.Description.Tech.Upgrade.2","31","TextKeyReference","DoNotPatchHere","False","False","","False","This is a key/reference; translate the resolved text entry instead."
"Content\Config\Primary\Techs.xml","Techs.original.xml","tech","TECH_SCRIBE_UPGRADE_1","name","","TEXT.Name.Tech.Upgrade.1","24","TextKeyReference","DoNotPatchHere","False","False","","False","This is a key/reference; translate the resolved text entry instead."
"Content\Config\Primary\Techs.xml","Techs.original.xml","tech","TECH_SCRIBE_UPGRADE_1","description","","TEXT.Description.Tech.Upgrade.1","31","TextKeyReference","DoNotPatchHere","False","False","","False","This is a key/reference; translate the resolved text entry instead."
"Content\Config\Primary\Techs.xml","Techs.original.xml","tech","TECH_SCRIBE_UPGRADE_2","name","","TEXT.Name.Tech.Upgrade.2","24","TextKeyReference","DoNotPatchHere","False","False","","False","This is a key/reference; translate the resolved text entry instead."
"Content\Config\Primary\Techs.xml","Techs.original.xml","tech","TECH_SCRIBE_UPGRADE_2","description","","TEXT.Description.Tech.Upgrade.2","31","TextKeyReference","DoNotPatchHere","False","False","","False","This is a key/reference; translate the resolved text entry instead."
"Content\Config\Primary\Techs.xml","Techs.original.xml","tech","TECH_INSTRUCTOR_UPGRADE_1","name","","TEXT.Name.Tech.Upgrade.1","24","TextKeyReference","DoNotPatchHere","False","False","","False","This is a key/reference; translate the resolved text entry instead."
"Content\Config\Primary\Techs.xml","Techs.original.xml","tech","TECH_INSTRUCTOR_UPGRADE_1","description","","TEXT.Description.Tech.Upgrade.1","31","TextKeyReference","DoNotPatchHere","False","False","","False","This is a key/reference; translate the resolved text entry instead."
"Content\Config\Primary\Techs.xml","Techs.original.xml","tech","TECH_INSTRUCTOR_UPGRADE_2","name","","TEXT.Name.Tech.Upgrade.2","24","TextKeyReference","DoNotPatchHere","False","False","","False","This is a key/reference; translate the resolved text entry instead."
"Content\Config\Primary\Techs.xml","Techs.original.xml","tech","TECH_INSTRUCTOR_UPGRADE_2","description","","TEXT.Description.Tech.Upgrade.2","31","TextKeyReference","DoNotPatchHere","False","False","","False","This is a key/reference; translate the resolved text entry instead."
"Content\Config\Primary\Techs.xml","Techs.original.xml","tech","TECH_CATAPULT_UPGRADE_1","name","","TEXT.Name.Tech.Upgrade.1","24","TextKeyReference","DoNotPatchHere","False","False","","False","This is a key/reference; translate the resolved text entry instead."
"Content\Config\Primary\Techs.xml","Techs.original.xml","tech","TECH_CATAPULT_UPGRADE_1","description","","TEXT.Description.Tech.Upgrade.1","31","TextKeyReference","DoNotPatchHere","False","False","","False","This is a key/reference; translate the resolved text entry instead."
"Content\Config\Primary\Techs.xml","Techs.original.xml","tech","TECH_CATAPULT_UPGRADE_2","name","","TEXT.Name.Tech.Upgrade.2","24","TextKeyReference","DoNotPatchHere","False","False","","False","This is a key/reference; translate the resolved text entry instead."
"Content\Config\Primary\Techs.xml","Techs.original.xml","tech","TECH_CATAPULT_UPGRADE_2","description","","TEXT.Description.Tech.Upgrade.2","31","TextKeyReference","DoNotPatchHere","False","False","","False","This is a key/reference; translate the resolved text entry instead."
"Content\Config\Primary\Techs.xml","Techs.original.xml","tech","TECH_SCHOLAR_UPGRADE_1","name","","TEXT.Name.Tech.Upgrade.1","24","TextKeyReference","DoNotPatchHere","False","False","","False","This is a key/reference; translate the resolved text entry instead."
"Content\Config\Primary\Techs.xml","Techs.original.xml","tech","TECH_SCHOLAR_UPGRADE_1","description","","TEXT.Description.Tech.Upgrade.1","31","TextKeyReference","DoNotPatchHere","False","False","","False","This is a key/reference; translate the resolved text entry instead."
"Content\Config\Primary\Techs.xml","Techs.original.xml","tech","TECH_SCHOLAR_UPGRADE_2","name","","TEXT.Name.Tech.Upgrade.2","24","TextKeyReference","DoNotPatchHere","False","False","","False","This is a key/reference; translate the resolved text entry instead."
"Content\Config\Primary\Techs.xml","Techs.original.xml","tech","TECH_SCHOLAR_UPGRADE_2","description","","TEXT.Description.Tech.Upgrade.2","31","TextKeyReference","DoNotPatchHere","False","False","","False","This is a key/reference; translate the resolved text entry instead."
"Content\Config\Primary\Techs.xml","Techs.original.xml","tech","TECH_INVENTOR_UPGRADE_1","name","","TEXT.Name.Tech.Upgrade.1","24","TextKeyReference","DoNotPatchHere","False","False","","False","This is a key/reference; translate the resolved text entry instead."
"Content\Config\Primary\Techs.xml","Techs.original.xml","tech","TECH_INVENTOR_UPGRADE_1","description","","TEXT.Description.Tech.Upgrade.1","31","TextKeyReference","DoNotPatchHere","False","False","","False","This is a key/reference; translate the resolved text entry instead."
"Content\Config\Primary\Techs.xml","Techs.original.xml","tech","TECH_INVENTOR_UPGRADE_2","name","","TEXT.Name.Tech.Upgrade.2","24","TextKeyReference","DoNotPatchHere","False","False","","False","This is a key/reference; translate the resolved text entry instead."
"Content\Config\Primary\Techs.xml","Techs.original.xml","tech","TECH_INVENTOR_UPGRADE_2","description","","TEXT.Description.Tech.Upgrade.2","31","TextKeyReference","DoNotPatchHere","False","False","","False","This is a key/reference; translate the resolved text entry instead."
"Content\Config\Primary\Techs.xml","Techs.original.xml","tech","TECH_PATRON_UPGRADE_1","name","","TEXT.Name.Tech.Upgrade.1","24","TextKeyReference","DoNotPatchHere","False","False","","False","This is a key/reference; translate the resolved text entry instead."
"Content\Config\Primary\Techs.xml","Techs.original.xml","tech","TECH_PATRON_UPGRADE_1","description","","TEXT.Description.Tech.Upgrade.1","31","TextKeyReference","DoNotPatchHere","False","False","","False","This is a key/reference; translate the resolved text entry instead."
"Content\Config\Primary\Techs.xml","Techs.original.xml","tech","TECH_PATRON_UPGRADE_2","name","","TEXT.Name.Tech.Upgrade.2","24","TextKeyReference","DoNotPatchHere","False","False","","False","This is a key/reference; translate the resolved text entry instead."
"Content\Config\Primary\Techs.xml","Techs.original.xml","tech","TECH_PATRON_UPGRADE_2","description","","TEXT.Description.Tech.Upgrade.2","31","TextKeyReference","DoNotPatchHere","False","False","","False","This is a key/reference; translate the resolved text entry instead."
"Content\Config\zDeprecated\Assets.xml","Assets.original.xml","asset","ASSET_INFANTRY","name","","Infantry","8","UnclassifiedLiteral","ReviewRequired","False","False","","False","No established safe patching rule yet."
"Content\Config\zDeprecated\Assets.xml","Assets.original.xml","asset","ASSET_INFANTRY","description","","TODO","4","TodoPlaceholder","Skip","False","False","","False","Developer placeholder, not player-facing prose."
"Content\Config\zDeprecated\Assets.xml","Assets.original.xml","asset","ASSET_INFANTRY","shortName","","Inf","3","CodeOrAbbreviation","DoNotPatchHere","False","False","","False","Likely a compact UI code or logic abbreviation."
"Content\Config\zDeprecated\Assets.xml","Assets.original.xml","asset","ASSET_CAVALRY","name","","Cavalry","7","UnclassifiedLiteral","ReviewRequired","False","False","","False","No established safe patching rule yet."
"Content\Config\zDeprecated\Assets.xml","Assets.original.xml","asset","ASSET_CAVALRY","description","","TODO","4","TodoPlaceholder","Skip","False","False","","False","Developer placeholder, not player-facing prose."
"Content\Config\zDeprecated\Assets.xml","Assets.original.xml","asset","ASSET_CAVALRY","shortName","","Cav","3","CodeOrAbbreviation","DoNotPatchHere","False","False","","False","Likely a compact UI code or logic abbreviation."
"Content\Config\zDeprecated\Assets.xml","Assets.original.xml","asset","ASSET_SIEGE","name","","Siege","5","UnclassifiedLiteral","ReviewRequired","False","False","","False","No established safe patching rule yet."
"Content\Config\zDeprecated\Assets.xml","Assets.original.xml","asset","ASSET_SIEGE","description","","TODO","4","TodoPlaceholder","Skip","False","False","","False","Developer placeholder, not player-facing prose."
"Content\Config\zDeprecated\Assets.xml","Assets.original.xml","asset","ASSET_SIEGE","shortName","","Sge","3","CodeOrAbbreviation","DoNotPatchHere","False","False","","False","Likely a compact UI code or logic abbreviation."
"Content\Config\zDeprecated\Assets.xml","Assets.original.xml","asset","ASSET_NAVAL","name","","Naval","5","UnclassifiedLiteral","ReviewRequired","False","False","","False","No established safe patching rule yet."
"Content\Config\zDeprecated\Assets.xml","Assets.original.xml","asset","ASSET_NAVAL","description","","TODO","4","TodoPlaceholder","Skip","False","False","","False","Developer placeholder, not player-facing prose."
"Content\Config\zDeprecated\Assets.xml","Assets.original.xml","asset","ASSET_NAVAL","shortName","","Nvl","3","CodeOrAbbreviation","DoNotPatchHere","False","False","","False","Likely a compact UI code or logic abbreviation."
"Content\Config\zDeprecated\Assets.xml","Assets.original.xml","asset","ASSET_CONSTRUCTION","name","","Construction","12","UnclassifiedLiteral","ReviewRequired","False","False","","False","No established safe patching rule yet."
"Content\Config\zDeprecated\Assets.xml","Assets.original.xml","asset","ASSET_CONSTRUCTION","description","","TODO","4","TodoPlaceholder","Skip","False","False","","False","Developer placeholder, not player-facing prose."
"Content\Config\zDeprecated\Assets.xml","Assets.original.xml","asset","ASSET_CONSTRUCTION","shortName","","Cns","3","CodeOrAbbreviation","DoNotPatchHere","False","False","","False","Likely a compact UI code or logic abbreviation."
"Content\Config\zDeprecated\Assets.xml","Assets.original.xml","asset","ASSET_EXPLORATION","name","","Exploration","11","UnclassifiedLiteral","ReviewRequired","False","False","","False","No established safe patching rule yet."
"Content\Config\zDeprecated\Assets.xml","Assets.original.xml","asset","ASSET_EXPLORATION","description","","TODO","4","TodoPlaceholder","Skip","False","False","","False","Developer placeholder, not player-facing prose."
"Content\Config\zDeprecated\Assets.xml","Assets.original.xml","asset","ASSET_EXPLORATION","shortName","","Exp","3","CodeOrAbbreviation","DoNotPatchHere","False","False","","False","Likely a compact UI code or logic abbreviation."
"Content\Config\zDeprecated\Assets.xml","Assets.original.xml","asset","ASSET_SURVEYING","name","","Surveying","9","UnclassifiedLiteral","ReviewRequired","False","False","","False","No established safe patching rule yet."
"Content\Config\zDeprecated\Assets.xml","Assets.original.xml","asset","ASSET_SURVEYING","description","","TODO","4","TodoPlaceholder","Skip","False","False","","False","Developer placeholder, not player-facing prose."
"Content\Config\zDeprecated\Assets.xml","Assets.original.xml","asset","ASSET_SURVEYING","shortName","","Srv","3","CodeOrAbbreviation","DoNotPatchHere","False","False","","False","Likely a compact UI code or logic abbreviation."
"Content\Config\zDeprecated\CityAttachments.xml","CityAttachments.original.xml","cityAttachment","ATTACHMENT_TIMBER_WALLS","name","","Timber Walls","12","UnclassifiedLiteral","ReviewRequired","False","False","","False","No established safe patching rule yet."
"Content\Config\zDeprecated\CityAttachments.xml","CityAttachments.original.xml","cityAttachment","ATTACHMENT_TIMBER_WALLS","description","","Timber Walls dramatically reduce the amount of Morale lost in combat by defending Units, but a Settlement which builds them is no longer allowed to move.","153","UnclassifiedLiteral","ReviewRequired","False","False","","False","No established safe patching rule yet."
"Content\Config\zDeprecated\Climates.xml","Climates.original.xml","climate","CLIMATE_ALL","name","","Climate","7","UnclassifiedLiteral","ReviewRequired","False","False","","False","No established safe patching rule yet."
"Content\Config\zDeprecated\Climates.xml","Climates.original.xml","climate","CLIMATE_ALL","description","","The climate defined for all tiles in the base version of AtG.","61","UnclassifiedLiteral","ReviewRequired","False","False","","False","No established safe patching rule yet."
"Content\Config\zDeprecated\OLDRelationshipLevels.xml","OLDRelationshipLevels.original.xml","relationshipLevel","RELATIONSHIP_LEVEL_TRUSTING","name","","Trusting","8","UnclassifiedLiteral","ReviewRequired","False","False","","False","No established safe patching rule yet."
"Content\Config\zDeprecated\OLDRelationshipLevels.xml","OLDRelationshipLevels.original.xml","relationshipLevel","RELATIONSHIP_LEVEL_TRUSTING","description","","This leader trusts in you completely. He will never sneak attack you and requests you make of him cost 50% less Treasure.","121","UnclassifiedLiteral","ReviewRequired","False","False","","False","No established safe patching rule yet."
"Content\Config\zDeprecated\OLDRelationshipLevels.xml","OLDRelationshipLevels.original.xml","relationshipLevel","RELATIONSHIP_LEVEL_FRIENDLY","name","","Friendly","8","UnclassifiedLiteral","ReviewRequired","False","False","","False","No established safe patching rule yet."
"Content\Config\zDeprecated\OLDRelationshipLevels.xml","OLDRelationshipLevels.original.xml","relationshipLevel","RELATIONSHIP_LEVEL_FRIENDLY","description","","This leader believes the two of you to be friends. Unless he's a ""Treacherous"" leader, he will never sneak attack you. Requests you make of him cost 25% less Treasure.","167","UnclassifiedLiteral","ReviewRequired","False","False","","False","No established safe patching rule yet."
"Content\Config\zDeprecated\OLDRelationshipLevels.xml","OLDRelationshipLevels.original.xml","relationshipLevel","RELATIONSHIP_LEVEL_PLEASED","name","","Pleased","7","UnclassifiedLiteral","ReviewRequired","False","False","","False","No established safe patching rule yet."
"Content\Config\zDeprecated\OLDRelationshipLevels.xml","OLDRelationshipLevels.original.xml","relationshipLevel","RELATIONSHIP_LEVEL_PLEASED","description","","This leader thinks of you favorably. Requests you make of him cost 10% less Treasure.","85","UnclassifiedLiteral","ReviewRequired","False","False","","False","No established safe patching rule yet."
"Content\Config\zDeprecated\OLDRelationshipLevels.xml","OLDRelationshipLevels.original.xml","relationshipLevel","RELATIONSHIP_LEVEL_AMBIVALENT","name","","Ambivalent","10","UnclassifiedLiteral","ReviewRequired","False","False","","False","No established safe patching rule yet."
"Content\Config\zDeprecated\OLDRelationshipLevels.xml","OLDRelationshipLevels.original.xml","relationshipLevel","RELATIONSHIP_LEVEL_AMBIVALENT","description","","This leader neither likes nor dislikes you. Will you change that?","65","UnclassifiedLiteral","ReviewRequired","False","False","","False","No established safe patching rule yet."
"Content\Config\zDeprecated\OLDRelationshipLevels.xml","OLDRelationshipLevels.original.xml","relationshipLevel","RELATIONSHIP_LEVEL_DISPLEASED","name","","Displeased","10","UnclassifiedLiteral","ReviewRequired","False","False","","False","No established safe patching rule yet."
"Content\Config\zDeprecated\OLDRelationshipLevels.xml","OLDRelationshipLevels.original.xml","relationshipLevel","RELATIONSHIP_LEVEL_DISPLEASED","description","","This leader is not happy with you, and requests you make of him cost an additional 25% Treasure.","96","UnclassifiedLiteral","ReviewRequired","False","False","","False","No established safe patching rule yet."
"Content\Config\zDeprecated\OLDRelationshipLevels.xml","OLDRelationshipLevels.original.xml","relationshipLevel","RELATIONSHIP_LEVEL_ANGRY","name","","Angry","5","UnclassifiedLiteral","ReviewRequired","False","False","","False","No established safe patching rule yet."
"Content\Config\zDeprecated\OLDRelationshipLevels.xml","OLDRelationshipLevels.original.xml","relationshipLevel","RELATIONSHIP_LEVEL_ANGRY","description","","This leader very much dislikes you, and requests you make of him cost double the normal amount of Treasure.","107","UnclassifiedLiteral","ReviewRequired","False","False","","False","No established safe patching rule yet."
"Content\Config\zDeprecated\OLDRelationshipLevels.xml","OLDRelationshipLevels.original.xml","relationshipLevel","RELATIONSHIP_LEVEL_DISGUSTED","name","","Disgusted","9","UnclassifiedLiteral","ReviewRequired","False","False","","False","No established safe patching rule yet."
"Content\Config\zDeprecated\OLDRelationshipLevels.xml","OLDRelationshipLevels.original.xml","relationshipLevel","RELATIONSHIP_LEVEL_DISGUSTED","description","","This leader curses your name as an eternal enemy. He will never agree to any deal with you.","91","UnclassifiedLiteral","ReviewRequired","False","False","","False","No established safe patching rule yet."
"Content\Config\zDeprecated\Sages.xml","Sages.original.xml","sage","SAGE_INFANTRY_FOOD","name","","Athanaric","9","UnclassifiedLiteral","ReviewRequired","False","False","","False","No established safe patching rule yet."
"Content\Config\zDeprecated\Sages.xml","Sages.original.xml","sage","SAGE_INFANTRY_WEAPONS","name","","Odoacer","7","UnclassifiedLiteral","ReviewRequired","False","False","","False","No established safe patching rule yet."
"Content\Config\zDeprecated\Sages.xml","Sages.original.xml","sage","SAGE_INFANTRY_VISION","name","","Zenobia","7","UnclassifiedLiteral","ReviewRequired","False","False","","False","No established safe patching rule yet."
"Content\Config\zDeprecated\Sages.xml","Sages.original.xml","sage","SAGE_HEAVY_UNIT_ARMOR","name","","Fritigern","9","UnclassifiedLiteral","ReviewRequired","False","False","","False","No established safe patching rule yet."
"Content\Config\zDeprecated\Sages.xml","Sages.original.xml","sage","SAGE_CAVALRY_MORALE","name","","Stilicho","8","UnclassifiedLiteral","ReviewRequired","False","False","","False","No established safe patching rule yet."
"Content\Config\zDeprecated\Sages.xml","Sages.original.xml","sage","SAGE_SHIP_BOARDS","name","","Totila","6","UnclassifiedLiteral","ReviewRequired","False","False","","False","No established safe patching rule yet."
"Content\Config\zDeprecated\Sages.xml","Sages.original.xml","sage","SAGE_SHIP_MOVES","name","","Thrasamund","10","UnclassifiedLiteral","ReviewRequired","False","False","","False","No established safe patching rule yet."
"Content\Config\zDeprecated\Sages.xml","Sages.original.xml","sage","SAGE_STEEL_UPGRADE","name","","Euric","5","UnclassifiedLiteral","ReviewRequired","False","False","","False","No established safe patching rule yet."
"Content\Config\zDeprecated\Sages.xml","Sages.original.xml","sage","SAGE_BONUS_VS_ROMANS","name","","Boudica","7","UnclassifiedLiteral","ReviewRequired","False","False","","False","No established safe patching rule yet."
"Content\Config\zDeprecated\Sages.xml","Sages.original.xml","sage","SAGE_BONUS_VS_BANDITS","name","","Theodoric","9","UnclassifiedLiteral","ReviewRequired","False","False","","False","No established safe patching rule yet."
"Content\Config\zDeprecated\Sages.xml","Sages.original.xml","sage","SAGE_BANDIT_REWARDS","name","","Adalheid","8","UnclassifiedLiteral","ReviewRequired","False","False","","False","No established safe patching rule yet."
"Content\Config\zDeprecated\Sages.xml","Sages.original.xml","sage","SAGE_PILLAGE_REWARD","name","","Radagaisus","10","UnclassifiedLiteral","ReviewRequired","False","False","","False","No established safe patching rule yet."
"Content\Config\zDeprecated\Sages.xml","Sages.original.xml","sage","SAGE_KILL_REWARD","name","","Valamir","7","UnclassifiedLiteral","ReviewRequired","False","False","","False","No established safe patching rule yet."
"Content\Config\zDeprecated\Sages.xml","Sages.original.xml","sage","SAGE_LOGGING_CAMP_TIMBER","name","","Ermanaric","9","UnclassifiedLiteral","ReviewRequired","False","False","","False","No established safe patching rule yet."
"Content\Config\zDeprecated\Sages.xml","Sages.original.xml","sage","SAGE_FARM_TIMBER_COST","name","","Evelyn","6","UnclassifiedLiteral","ReviewRequired","False","False","","False","No established safe patching rule yet."
"Content\Config\zDeprecated\Sages.xml","Sages.original.xml","sage","SAGE_STONE_COST","name","","Hilderic","8","UnclassifiedLiteral","ReviewRequired","False","False","","False","No established safe patching rule yet."
"Content\Config\zDeprecated\Sages.xml","Sages.original.xml","sage","SAGE_FAME","name","","Theda","5","UnclassifiedLiteral","ReviewRequired","False","False","","False","No established safe patching rule yet."
"Content\Config\zDeprecated\Sages.xml","Sages.original.xml","sage","SAGE_DISCOVER_ANIMALS","name","","Theudebert","10","UnclassifiedLiteral","ReviewRequired","False","False","","False","No established safe patching rule yet."
"Content\Config\zDeprecated\Sages.xml","Sages.original.xml","sage","SAGE_DISCOVER_HORSES","name","","Rosamunda","9","UnclassifiedLiteral","ReviewRequired","False","False","","False","No established safe patching rule yet."
"Content\Config\zDeprecated\Sages.xml","Sages.original.xml","sage","SAGE_DISCOVER_IRON","name","","Gelimer","7","UnclassifiedLiteral","ReviewRequired","False","False","","False","No established safe patching rule yet."
"Content\Config\zDeprecated\Sages.xml","Sages.original.xml","sage","SAGE_DISCOVER_GOLD_GEMS","name","","Godas","5","UnclassifiedLiteral","ReviewRequired","False","False","","False","No established safe patching rule yet."
"Content\Config\zDeprecated\Sages.xml","Sages.original.xml","sage","SAGE_DISCOVER_STONE","name","","Irmina","6","UnclassifiedLiteral","ReviewRequired","False","False","","False","No established safe patching rule yet."
"Content\Config\zDeprecated\Sages.xml","Sages.original.xml","sage","SAGE_DISCOVER_COAL","name","","Witiges","7","UnclassifiedLiteral","ReviewRequired","False","False","","False","No established safe patching rule yet."
"Content\Config\zDeprecated\Sages.xml","Sages.original.xml","sage","SAGE_DISCOVER_SALT","name","","Galswinthe","10","UnclassifiedLiteral","ReviewRequired","False","False","","False","No established safe patching rule yet."
"Content\Config\zDeprecated\StabilityLevels.xml","StabilityLevels.original.xml","stabilityLevel","STABILITY_LEVEL_NORMAL","name","","Normal Stability","16","UnclassifiedLiteral","ReviewRequired","False","False","","False","No established safe patching rule yet."
"Content\Config\zDeprecated\StabilityLevels.xml","StabilityLevels.original.xml","stabilityLevel","STABILITY_LEVEL_NORMAL","description","","Your stability is Normal. This means you haven't reallocated Roman Techs in the last 6 turns.","93","UnclassifiedLiteral","ReviewRequired","False","False","","False","No established safe patching rule yet."
"Content\Config\zDeprecated\StabilityLevels.xml","StabilityLevels.original.xml","stabilityLevel","STABILITY_LEVEL_UNSTABLE","name","","Unstable","8","UnclassifiedLiteral","ReviewRequired","False","False","","False","No established safe patching rule yet."
"Content\Config\zDeprecated\StabilityLevels.xml","StabilityLevels.original.xml","stabilityLevel","STABILITY_LEVEL_UNSTABLE","description","","Your stability is Unstable, which reduces tax income by 25%. This means you've reallocated Roman Techs once in the last 6 turns.","128","UnclassifiedLiteral","ReviewRequired","False","False","","False","No established safe patching rule yet."
"Content\Config\zDeprecated\StabilityLevels.xml","StabilityLevels.original.xml","stabilityLevel","STABILITY_LEVEL_VERY_UNSTABLE","name","","Very Unstable","13","UnclassifiedLiteral","ReviewRequired","False","False","","False","No established safe patching rule yet."
"Content\Config\zDeprecated\StabilityLevels.xml","StabilityLevels.original.xml","stabilityLevel","STABILITY_LEVEL_VERY_UNSTABLE","description","","Your stability is Very Unstable, which reduces tax income by 50%. This means you've reallocated Roman Techs twice in the last 6 turns.","134","UnclassifiedLiteral","ReviewRequired","False","False","","False","No established safe patching rule yet."
"Content\Config\zDeprecated\StabilityLevels.xml","StabilityLevels.original.xml","stabilityLevel","STABILITY_LEVEL_ANARCHY","name","","Anarchy!","8","UnclassifiedLiteral","ReviewRequired","False","False","","False","No established safe patching rule yet."
"Content\Config\zDeprecated\StabilityLevels.xml","StabilityLevels.original.xml","stabilityLevel","STABILITY_LEVEL_ANARCHY","description","","Your stability is Anarchy, which reduces tax income by 75%! This means you've reallocated Roman Techs at least three times in the last 6 turns.","143","UnclassifiedLiteral","ReviewRequired","False","False","","False","No established safe patching rule yet."
"Content\Config\zDeprecated\SupplyLevels.xml","SupplyLevels.original.xml","supplyLevel","SUPPLYLEVEL_0","name","","Level 0","7","UnclassifiedLiteral","ReviewRequired","False","False","","False","No established safe patching rule yet."
"Content\Config\zDeprecated\SupplyLevels.xml","SupplyLevels.original.xml","supplyLevel","SUPPLYLEVEL_0","description","","TODO","4","TodoPlaceholder","Skip","False","False","","False","Developer placeholder, not player-facing prose."
"Content\Config\zDeprecated\SupplyLevels.xml","SupplyLevels.original.xml","supplyLevel","SUPPLYLEVEL_1","name","","Level 1","7","UnclassifiedLiteral","ReviewRequired","False","False","","False","No established safe patching rule yet."
"Content\Config\zDeprecated\SupplyLevels.xml","SupplyLevels.original.xml","supplyLevel","SUPPLYLEVEL_1","description","","TODO","4","TodoPlaceholder","Skip","False","False","","False","Developer placeholder, not player-facing prose."
"Content\Config\zDeprecated\SupplyLevels.xml","SupplyLevels.original.xml","supplyLevel","SUPPLYLEVEL_2","name","","Level 2","7","UnclassifiedLiteral","ReviewRequired","False","False","","False","No established safe patching rule yet."
"Content\Config\zDeprecated\SupplyLevels.xml","SupplyLevels.original.xml","supplyLevel","SUPPLYLEVEL_2","description","","TODO","4","TodoPlaceholder","Skip","False","False","","False","Developer placeholder, not player-facing prose."
"Content\Config\zDeprecated\SupplyLevels.xml","SupplyLevels.original.xml","supplyLevel","SUPPLYLEVEL_3","name","","Level 3","7","UnclassifiedLiteral","ReviewRequired","False","False","","False","No established safe patching rule yet."
"Content\Config\zDeprecated\SupplyLevels.xml","SupplyLevels.original.xml","supplyLevel","SUPPLYLEVEL_3","description","","TODO","4","TodoPlaceholder","Skip","False","False","","False","Developer placeholder, not player-facing prose."
"Content\Config\zDeprecated\SupplyLevels.xml","SupplyLevels.original.xml","supplyLevel","SUPPLYLEVEL_4","name","","Level 4","7","UnclassifiedLiteral","ReviewRequired","False","False","","False","No established safe patching rule yet."
"Content\Config\zDeprecated\SupplyLevels.xml","SupplyLevels.original.xml","supplyLevel","SUPPLYLEVEL_4","description","","TODO","4","TodoPlaceholder","Skip","False","False","","False","Developer placeholder, not player-facing prose."
